sample_id,timestamp,MQ2_V,MQ9_V,MQ135_V,temperature_C,humidity_pct,gas_label,concentration_ppm,safety_status
1,2024-01-01T00:00:00,1.689254,1.405219,0.85792,33.22,56.33,CleanAir,0.0,safe
2,2024-01-01T00:00:10,0.022569,0.176211,0.103066,23.51,52.25,Alcohol,531.75,safe
3,2024-01-01T00:00:20,1.739703,1.423224,0.866506,33.35,41.68,CleanAir,0.0,safe
4,2024-01-01T00:00:30,0.841639,0.36209,0.177626,21.11,58.17,Propane,3415.11,unsafe
5,2024-01-01T00:00:40,1.652301,1.344633,0.81352,18.65,70.95,CleanAir,0.0,safe
6,2024-01-01T00:00:50,0.356919,0.211341,0.009633,23.77,64.12,Alcohol,1173.95,unsafe
7,2024-01-01T00:01:00,0.487869,0.257266,0.160223,16.44,54.51,Hydrogen,1679.89,safe
8,2024-01-01T00:01:10,0.290037,0.154715,0.069941,10.68,35.4,Smoke,160.79,unsafe
9,2024-01-01T00:01:20,1.613586,1.345333,0.78614,13.54,87.71,CleanAir,0.0,safe
10,2024-01-01T00:01:30,0.610117,0.313631,0.213036,18.17,35.78,Hydrogen,3022.33,safe
11,2024-01-01T00:01:40,0.435903,0.237779,0.142837,29.5,35.07,Hydrogen,979.26,safe
12,2024-01-01T00:01:50,0.312546,0.01285,0.125629,10.68,87.51,Alcohol,1032.34,unsafe
13,2024-01-01T00:02:00,1.660397,1.405054,0.833342,34.79,83.77,CleanAir,0.0,safe
14,2024-01-01T00:02:10,0.328842,0.04187,0.009721,13.23,84.96,CO,1662.98,unsafe
15,2024-01-01T00:02:20,1.652875,1.374886,0.833324,11.35,56.11,CleanAir,0.0,safe
16,2024-01-01T00:02:30,0.190322,0.029457,0.242064,33.16,69.7,Hydrogen,4703.02,safe
17,2024-01-01T00:02:40,0.47711,0.291073,0.099122,19.31,76.64,LPG,1302.35,unsafe
18,2024-01-01T00:02:50,0.573306,0.292891,0.19389,34.12,72.92,Hydrogen,2596.35,safe
19,2024-01-01T00:03:00,1.672599,1.369976,0.836962,13.18,38.42,CleanAir,0.0,safe
20,2024-01-01T00:03:10,0.535858,0.241392,0.129933,10.54,36.55,Smoke,609.96,unsafe
21,2024-01-01T00:03:20,0.157515,0.662886,0.136073,23.62,44.87,Methane,5998.38,unsafe
22,2024-01-01T00:03:30,0.639702,0.655187,0.134506,18.54,39.22,Methane,5800.73,unsafe
23,2024-01-01T00:03:40,0.191395,0.126137,0.050712,11.3,40.89,CO,117.52,unsafe
24,2024-01-01T00:03:50,1.662869,1.375994,0.826943,35.31,84.16,CleanAir,0.0,safe
25,2024-01-01T00:04:00,0.410191,0.217996,0.125729,25.43,81.45,Hydrogen,956.91,safe
26,2024-01-01T00:04:10,0.611473,0.309883,0.015939,30.57,47.81,Hydrogen,2816.54,safe
27,2024-01-01T00:04:20,1.673431,1.349416,0.818806,30.84,81.64,CleanAir,0.0,safe
28,2024-01-01T00:04:30,1.677969,1.373408,0.833081,38.77,78.05,CleanAir,0.0,safe
29,2024-01-01T00:04:40,0.603417,0.266079,0.00982,28.48,40.28,Smoke,766.28,unsafe
30,2024-01-01T00:04:50,1.691051,1.40055,0.841063,29.74,55.12,CleanAir,0.0,safe
31,2024-01-01T00:05:00,0.349092,0.403272,0.110617,19.43,39.46,CO,1464.78,unsafe
32,2024-01-01T00:05:10,0.101573,0.330479,0.210257,38.54,37.11,Smoke,1383.77,unsafe
33,2024-01-01T00:05:20,0.802831,0.888556,0.038786,13.32,89.82,Methane,19986.57,unsafe
34,2024-01-01T00:05:30,0.072462,0.032166,0.127177,15.95,84.64,LPG,3108.44,unsafe
35,2024-01-01T00:05:40,1.709135,1.414231,0.879218,35.14,32.41,CleanAir,0.0,safe
36,2024-01-01T00:05:50,1.652971,1.353063,0.79802,18.12,72.59,CleanAir,0.0,safe
37,2024-01-01T00:06:00,1.677465,1.401365,0.854695,15.19,35.5,CleanAir,0.0,safe
38,2024-01-01T00:06:10,1.712994,1.420715,0.88048,38.38,48.08,CleanAir,0.0,safe
39,2024-01-01T00:06:20,0.377473,0.018954,0.154129,24.23,37.15,Alcohol,1260.88,unsafe
40,2024-01-01T00:06:30,1.662999,1.383204,0.840657,22.55,58.45,CleanAir,0.0,safe
41,2024-01-01T00:06:40,0.589987,0.252852,0.143925,33.62,62.95,Smoke,739.34,unsafe
42,2024-01-01T00:06:50,0.52251,0.022243,0.175753,24.82,36.95,Hydrogen,1870.41,safe
43,2024-01-01T00:07:00,1.693695,1.422715,0.847846,28.03,37.18,CleanAir,0.0,safe
44,2024-01-01T00:07:10,0.648486,0.689737,0.022898,21.64,68.45,Methane,7488.6,unsafe
45,2024-01-01T00:07:20,0.081159,0.730875,0.14402,21.78,34.8,Methane,7713.9,unsafe
46,2024-01-01T00:07:30,1.642043,1.328402,0.799158,17.31,80.62,CleanAir,0.0,safe
47,2024-01-01T00:07:40,0.60209,0.253529,0.006447,20.15,80.67,Smoke,910.46,unsafe
48,2024-01-01T00:07:50,0.782057,0.051149,0.146228,37.52,67.85,LPG,4651.81,unsafe
49,2024-01-01T00:08:00,1.675708,1.372225,0.841453,28.61,58.65,CleanAir,0.0,safe
50,2024-01-01T00:08:10,1.694532,1.422214,0.828029,31.97,56.41,CleanAir,0.0,safe
51,2024-01-01T00:08:20,1.643913,1.324564,0.797128,11.23,76.64,CleanAir,0.0,safe
52,2024-01-01T00:08:30,0.184433,0.121592,0.048732,26.66,78.12,CO,116.42,unsafe
53,2024-01-01T00:08:40,0.97112,0.036055,0.257019,11.47,44.07,Smoke,2748.48,unsafe
54,2024-01-01T00:08:50,0.595856,0.032149,0.00634,27.71,53.82,LPG,1841.25,unsafe
55,2024-01-01T00:09:00,0.463619,0.266383,0.092704,21.77,84.92,LPG,1119.1,unsafe
56,2024-01-01T00:09:10,0.554081,0.016185,0.132767,18.54,83.82,Smoke,744.89,unsafe
57,2024-01-01T00:09:20,1.649421,1.355363,0.805798,26.84,77.52,CleanAir,0.0,safe
58,2024-01-01T00:09:30,0.006401,0.003196,0.065234,26.87,36.11,Alcohol,168.1,safe
59,2024-01-01T00:09:40,0.677327,0.025539,0.00956,11.53,36.7,Propane,1649.94,unsafe
60,2024-01-01T00:09:50,0.481122,0.247042,0.009569,19.99,55.88,Hydrogen,1439.67,safe
61,2024-01-01T00:10:00,0.097924,0.446379,0.016419,31.35,39.03,LPG,3743.6,unsafe
62,2024-01-01T00:10:10,0.345179,0.201279,0.137177,14.88,76.38,Alcohol,1246.51,unsafe
63,2024-01-01T00:10:20,0.475829,0.278127,0.096786,22.42,49.06,LPG,994.34,safe
64,2024-01-01T00:10:30,0.270999,0.164589,0.060627,14.31,71.59,LPG,279.58,safe
65,2024-01-01T00:10:40,1.691471,1.41394,0.857373,18.2,33.03,CleanAir,0.0,safe
66,2024-01-01T00:10:50,1.734954,1.434967,0.863373,36.22,45.22,CleanAir,0.0,safe
67,2024-01-01T00:11:00,0.4755,0.219954,0.11236,39.5,55.16,Smoke,413.88,unsafe
68,2024-01-01T00:11:10,1.639187,1.339124,0.792615,15.99,81.54,CleanAir,0.0,safe
69,2024-01-01T00:11:20,1.661589,1.3651,0.826327,32.25,73.87,CleanAir,0.0,safe
70,2024-01-01T00:11:30,1.643626,1.346924,0.806161,16.13,74.62,CleanAir,0.0,safe
71,2024-01-01T00:11:40,0.287137,0.009719,0.097419,28.26,64.86,Alcohol,473.81,safe
72,2024-01-01T00:11:50,0.590048,0.019495,0.123426,17.31,35.94,Propane,1091.68,unsafe
73,2024-01-01T00:12:00,1.690059,1.358925,0.822504,13.32,45.15,CleanAir,0.0,safe
74,2024-01-01T00:12:10,1.663446,1.372945,0.835284,12.15,38.27,CleanAir,0.0,safe
75,2024-01-01T00:12:20,0.537915,0.02244,0.012738,17.6,39.62,Hydrogen,2044.89,safe
76,2024-01-01T00:12:30,0.840218,0.353137,0.025724,17.94,80.79,Propane,3609.18,unsafe
77,2024-01-01T00:12:40,0.035643,0.229526,0.00649,38.2,83.28,Smoke,541.2,unsafe
78,2024-01-01T00:12:50,0.607509,0.032382,0.202893,16.23,45.19,Hydrogen,3158.21,safe
79,2024-01-01T00:13:00,1.668868,1.329007,0.793547,14.59,85.24,CleanAir,0.0,safe
80,2024-01-01T00:13:10,1.6313,1.32237,0.797628,16.36,85.43,CleanAir,0.0,safe
81,2024-01-01T00:13:20,0.63602,0.320835,0.219858,13.87,39.14,Hydrogen,3713.05,safe
82,2024-01-01T00:13:30,1.674575,1.360387,0.815399,30.34,80.76,CleanAir,0.0,safe
83,2024-01-01T00:13:40,0.552904,0.230564,0.133096,19.07,86.85,Smoke,722.58,unsafe
84,2024-01-01T00:13:50,0.56469,0.031929,0.01286,13.77,35.5,LPG,1767.42,unsafe
85,2024-01-01T00:14:00,1.645594,1.322145,0.809969,18.51,70.48,CleanAir,0.0,safe
86,2024-01-01T00:14:10,0.6159,0.366985,0.123774,28.76,49.23,LPG,2120.29,unsafe
87,2024-01-01T00:14:20,1.64861,1.373726,0.812366,24.69,67.93,CleanAir,0.0,safe
88,2024-01-01T00:14:30,1.674599,1.37905,0.829479,32.94,75.76,CleanAir,0.0,safe
89,2024-01-01T00:14:40,0.580196,0.341314,0.114279,22.3,43.13,LPG,1813.42,unsafe
90,2024-01-01T00:14:50,1.681508,1.381778,0.842338,15.78,39.24,CleanAir,0.0,safe
91,2024-01-01T00:15:00,0.712067,0.749887,0.14184,18.12,83.09,Methane,11352.43,unsafe
92,2024-01-01T00:15:10,0.211147,0.128007,0.061805,12.86,73.67,Alcohol,197.7,safe
93,2024-01-01T00:15:20,1.683386,1.362801,0.828714,32.46,78.08,CleanAir,0.0,safe
94,2024-01-01T00:15:30,0.131935,0.415605,0.134555,12.03,33.17,LPG,3330.84,unsafe
95,2024-01-01T00:15:40,0.562701,0.012992,0.006427,12.78,53.67,Smoke,752.76,unsafe
96,2024-01-01T00:15:50,1.6404,1.336961,0.793559,15.26,79.39,CleanAir,0.0,safe
97,2024-01-01T00:16:00,0.6511,0.314827,0.034807,39.27,82.37,Hydrogen,3753.21,safe
98,2024-01-01T00:16:10,0.273284,0.256451,0.003181,17.81,55.12,CO,555.98,unsafe
99,2024-01-01T00:16:20,0.050979,0.238981,0.015916,36.84,68.78,Alcohol,1877.53,unsafe
100,2024-01-01T00:16:30,0.00642,0.134517,0.003181,22.68,40.57,CO,129.44,unsafe
101,2024-01-01T00:16:40,1.648684,1.358939,0.799186,13.46,67.17,CleanAir,0.0,safe
102,2024-01-01T00:16:50,0.832155,0.938543,0.17424,22.04,49.44,Methane,19679.51,unsafe
103,2024-01-01T00:17:00,0.301976,0.312366,0.094453,19.63,41.59,CO,829.17,unsafe
104,2024-01-01T00:17:10,0.019374,0.016057,0.090218,27.04,57.71,CO,769.61,unsafe
105,2024-01-01T00:17:20,1.651848,1.369606,0.814245,34.8,85.65,CleanAir,0.0,safe
106,2024-01-01T00:17:30,1.637853,1.355998,0.845384,10.14,32.31,CleanAir,0.0,safe
107,2024-01-01T00:17:40,0.344126,0.16916,0.083316,10.16,77.2,Smoke,277.64,unsafe
108,2024-01-01T00:17:50,0.349417,0.199305,0.012816,15.63,65.66,Alcohol,1172.35,unsafe
109,2024-01-01T00:18:00,0.37411,0.216623,0.152057,18.53,48.23,Alcohol,1411.24,unsafe
110,2024-01-01T00:18:10,1.678715,1.399289,0.854305,16.43,38.38,CleanAir,0.0,safe
111,2024-01-01T00:18:20,0.20462,0.003202,0.058001,12.42,69.1,Alcohol,168.21,safe
112,2024-01-01T00:18:30,0.707875,0.784543,0.143159,11.35,86.15,Methane,13023.47,unsafe
113,2024-01-01T00:18:40,1.639303,1.38884,0.82915,15.68,47.16,CleanAir,0.0,safe
114,2024-01-01T00:18:50,1.738145,1.449818,0.84913,38.3,37.62,CleanAir,0.0,safe
115,2024-01-01T00:19:00,0.749623,0.047482,0.142791,23.69,53.18,LPG,3943.38,unsafe
116,2024-01-01T00:19:10,0.60477,0.616075,0.012849,25.47,86.17,Methane,5949.93,unsafe
117,2024-01-01T00:19:20,0.730667,0.310887,0.151888,28.53,81.85,Propane,2301.64,unsafe
118,2024-01-01T00:19:30,1.661836,1.378252,0.824993,30.19,56.09,CleanAir,0.0,safe
119,2024-01-01T00:19:40,0.337038,0.197345,0.127714,25.59,60.49,Alcohol,901.36,safe
120,2024-01-01T00:19:50,1.71185,1.401623,0.867897,36.9,58.53,CleanAir,0.0,safe
121,2024-01-01T00:20:00,0.302509,0.317977,0.093651,28.93,50.86,CO,861.66,unsafe
122,2024-01-01T00:20:10,0.223834,0.899733,0.163184,15.96,67.61,Methane,19340.7,unsafe
123,2024-01-01T00:20:20,0.271166,0.809932,0.153009,20.73,58.7,Methane,13253.6,unsafe
124,2024-01-01T00:20:30,0.281017,0.013019,0.079288,34.62,44.45,CO,497.04,unsafe
125,2024-01-01T00:20:40,1.606199,1.358103,0.814592,32.89,85.8,CleanAir,0.0,safe
126,2024-01-01T00:20:50,0.334764,0.012779,0.126855,33.74,57.66,Alcohol,873.99,safe
127,2024-01-01T00:21:00,0.595181,0.041278,0.016035,39.84,82.37,Hydrogen,3149.61,safe
128,2024-01-01T00:21:10,1.63632,1.343101,0.80758,22.09,80.05,CleanAir,0.0,safe
129,2024-01-01T00:21:20,0.048552,0.270208,0.019361,30.33,78.87,Hydrogen,2320.8,safe
130,2024-01-01T00:21:30,1.627188,1.343556,0.79338,27.14,89.64,CleanAir,0.0,safe
131,2024-01-01T00:21:40,1.677724,1.383381,0.854832,21.15,41.33,CleanAir,0.0,safe
132,2024-01-01T00:21:50,1.686632,1.394837,0.826785,22.36,54.2,CleanAir,0.0,safe
133,2024-01-01T00:22:00,1.656373,1.354637,0.82223,15.56,57.83,CleanAir,0.0,safe
134,2024-01-01T00:22:10,0.16577,0.003262,0.04588,14.05,86.63,CO,89.53,unsafe
135,2024-01-01T00:22:20,0.771961,0.830562,0.155618,11.52,82.05,Methane,16712.58,unsafe
136,2024-01-01T00:22:30,0.542399,0.012972,0.135164,32.48,47.27,Smoke,586.82,unsafe
137,2024-01-01T00:22:40,1.614301,1.33089,0.81767,15.66,77.71,CleanAir,0.0,safe
138,2024-01-01T00:22:50,1.717819,1.40937,0.894756,39.6,35.63,CleanAir,0.0,safe
139,2024-01-01T00:23:00,1.637328,1.321797,0.801375,19.04,76.21,CleanAir,0.0,safe
140,2024-01-01T00:23:10,0.064416,0.349743,0.012956,26.91,59.74,LPG,2102.89,unsafe
141,2024-01-01T00:23:20,1.705634,1.373746,0.87303,33.38,44.74,CleanAir,0.0,safe
142,2024-01-01T00:23:30,1.636093,1.379756,0.840983,24.28,56.97,CleanAir,0.0,safe
143,2024-01-01T00:23:40,0.02936,0.012782,0.103301,39.17,84.17,Propane,632.01,safe
144,2024-01-01T00:23:50,0.022606,0.013094,0.114606,28.93,82.93,Alcohol,757.52,safe
145,2024-01-01T00:24:00,0.221766,0.357625,0.175591,30.58,81.38,Propane,3506.73,unsafe
146,2024-01-01T00:24:10,0.022373,0.17983,0.120993,14.05,71.61,Alcohol,877.17,safe
147,2024-01-01T00:24:20,1.688857,1.375558,0.836281,24.98,67.18,CleanAir,0.0,safe
148,2024-01-01T00:24:30,0.012939,0.151971,0.003215,24.45,85.3,Alcohol,443.68,safe
149,2024-01-01T00:24:40,1.619146,1.320573,0.781469,14.63,86.46,CleanAir,0.0,safe
150,2024-01-01T00:24:50,0.055203,0.291728,0.142102,37.17,60.01,Propane,1577.08,unsafe
151,2024-01-01T00:25:00,0.441988,0.019139,0.194668,37.99,42.23,Alcohol,1972.68,unsafe
152,2024-01-01T00:25:10,0.394759,0.012759,0.009741,25.17,68.2,Hydrogen,897.96,safe
153,2024-01-01T00:25:20,0.003247,0.085056,0.029116,15.31,69.35,Smoke,31.51,safe
154,2024-01-01T00:25:30,0.848931,0.354179,0.18322,10.33,40.72,Propane,3367.93,unsafe
155,2024-01-01T00:25:40,0.374703,0.218343,0.153078,16.73,32.76,Alcohol,1323.62,unsafe
156,2024-01-01T00:25:50,0.12981,0.204055,0.05815,17.37,32.55,Methane,17366.23,unsafe
157,2024-01-01T00:26:00,1.690857,1.326058,0.833543,39.11,84.35,CleanAir,0.0,safe
158,2024-01-01T00:26:10,1.719193,1.399229,0.857395,27.16,39.21,CleanAir,0.0,safe
159,2024-01-01T00:26:20,0.06127,0.230685,0.178343,39.08,73.99,Alcohol,1890.88,unsafe
160,2024-01-01T00:26:30,1.636598,1.330244,0.83575,17.74,71.58,CleanAir,0.0,safe
161,2024-01-01T00:26:40,1.718692,1.386349,0.868474,32.61,47.11,CleanAir,0.0,safe
162,2024-01-01T00:26:50,1.640176,1.325734,0.799291,13.48,83.11,CleanAir,0.0,safe
163,2024-01-01T00:27:00,1.658119,1.384773,0.829161,23.23,54.86,CleanAir,0.0,safe
164,2024-01-01T00:27:10,0.035554,0.335979,0.006487,10.41,44.9,CO,1070.27,unsafe
165,2024-01-01T00:27:20,1.639637,1.368351,0.809229,10.67,66.08,CleanAir,0.0,safe
166,2024-01-01T00:27:30,0.617893,0.366918,0.012924,23.35,62.82,LPG,2372.04,unsafe
167,2024-01-01T00:27:40,1.705439,1.402246,0.859354,25.12,35.44,CleanAir,0.0,safe
168,2024-01-01T00:27:50,1.681981,1.396244,0.851446,23.45,46.77,CleanAir,0.0,safe
169,2024-01-01T00:28:00,0.537798,0.268273,0.178303,21.76,42.01,Hydrogen,1969.52,safe
170,2024-01-01T00:28:10,0.927663,0.384764,0.193927,37.0,50.56,Propane,3786.13,unsafe
171,2024-01-01T00:28:20,1.693001,1.397701,0.856383,20.25,39.77,CleanAir,0.0,safe
172,2024-01-01T00:28:30,0.725557,0.031886,0.156422,11.19,36.49,Propane,2017.38,unsafe
173,2024-01-01T00:28:40,1.713946,1.401846,0.871594,37.86,60.25,CleanAir,0.0,safe
174,2024-01-01T00:28:50,1.678491,1.344292,0.832723,33.01,78.38,CleanAir,0.0,safe
175,2024-01-01T00:29:00,0.042318,0.02574,0.103337,11.03,76.21,LPG,1524.43,unsafe
176,2024-01-01T00:29:10,0.818272,0.345589,0.019807,36.81,55.56,Propane,2612.86,unsafe
177,2024-01-01T00:29:20,0.26173,0.867904,0.057517,33.54,88.06,Methane,17273.41,unsafe
178,2024-01-01T00:29:30,0.393562,0.957341,0.038344,34.48,34.05,Methane,19055.77,unsafe
179,2024-01-01T00:29:40,0.436006,0.252093,0.09241,39.99,57.32,LPG,747.29,safe
180,2024-01-01T00:29:50,1.752531,1.416216,0.867409,36.95,45.2,CleanAir,0.0,safe
181,2024-01-01T00:30:00,0.029043,0.34192,0.006453,38.5,74.91,CO,1083.6,unsafe
182,2024-01-01T00:30:10,0.664184,0.019508,0.169909,21.64,50.72,Smoke,966.54,unsafe
183,2024-01-01T00:30:20,1.630255,1.346408,0.813059,12.78,63.72,CleanAir,0.0,safe
184,2024-01-01T00:30:30,0.922212,0.383393,0.025537,32.64,80.55,Propane,4329.66,unsafe
185,2024-01-01T00:30:40,1.660403,1.390403,0.849322,36.64,75.85,CleanAir,0.0,safe
186,2024-01-01T00:30:50,1.643771,1.341253,0.784099,11.19,73.71,CleanAir,0.0,safe
187,2024-01-01T00:31:00,1.650139,1.373011,0.84956,23.08,49.48,CleanAir,0.0,safe
188,2024-01-01T00:31:10,0.035529,0.213367,0.009485,15.42,51.13,Alcohol,1559.1,unsafe
189,2024-01-01T00:31:20,1.705361,1.418687,0.859882,27.41,52.6,CleanAir,0.0,safe
190,2024-01-01T00:31:30,1.696237,1.406236,0.835621,12.07,40.22,CleanAir,0.0,safe
191,2024-01-01T00:31:40,0.474257,0.21346,0.116453,12.67,31.43,Smoke,431.98,unsafe
192,2024-01-01T00:31:50,0.287441,0.280678,0.087547,24.33,83.18,CO,745.83,unsafe
193,2024-01-01T00:32:00,0.527097,0.013012,0.112689,36.16,66.13,Propane,761.02,safe
194,2024-01-01T00:32:10,0.535567,0.235949,0.116745,20.78,30.66,Propane,794.84,safe
195,2024-01-01T00:32:20,1.687583,1.393759,0.883097,26.68,47.84,CleanAir,0.0,safe
196,2024-01-01T00:32:30,0.093217,0.700289,0.141996,13.22,44.2,Methane,7969.71,unsafe
197,2024-01-01T00:32:40,1.657501,1.342564,0.84107,32.72,79.69,CleanAir,0.0,safe
198,2024-01-01T00:32:50,0.03205,0.208742,0.116456,23.11,75.37,Smoke,486.56,unsafe
199,2024-01-01T00:33:00,0.5882,0.28855,0.20222,33.71,67.49,Hydrogen,2778.78,safe
200,2024-01-01T00:33:10,1.67271,1.392216,0.84469,27.8,65.48,CleanAir,0.0,safe
201,2024-01-01T00:33:20,0.490825,0.217253,0.006343,14.29,41.58,Propane,707.6,safe
202,2024-01-01T00:33:30,0.556045,0.013002,0.134759,38.77,54.13,Smoke,556.73,unsafe
203,2024-01-01T00:33:40,0.019111,0.177145,0.009603,11.6,86.42,Alcohol,897.55,safe
204,2024-01-01T00:33:50,0.816427,0.888975,0.170489,14.9,63.8,Methane,18701.5,unsafe
205,2024-01-01T00:34:00,0.512892,0.224222,0.128049,38.74,65.14,Smoke,512.12,unsafe
206,2024-01-01T00:34:10,1.686697,1.380848,0.863461,26.3,59.96,CleanAir,0.0,safe
207,2024-01-01T00:34:20,1.636893,1.330658,0.833339,10.93,67.06,CleanAir,0.0,safe
208,2024-01-01T00:34:30,1.660783,1.32531,0.824029,29.65,89.73,CleanAir,0.0,safe
209,2024-01-01T00:34:40,0.506915,0.301627,0.109837,35.77,37.34,LPG,1087.69,unsafe
210,2024-01-01T00:34:50,0.37621,0.457856,0.009873,29.58,37.46,CO,1886.16,unsafe
211,2024-01-01T00:35:00,0.380588,0.216076,0.161365,16.98,69.96,Alcohol,1568.5,unsafe
212,2024-01-01T00:35:10,0.022725,0.210061,0.113334,38.79,43.7,Smoke,349.18,unsafe
213,2024-01-01T00:35:20,1.669515,1.378863,0.858773,22.86,57.86,CleanAir,0.0,safe
214,2024-01-01T00:35:30,1.670788,1.341758,0.825197,18.73,82.9,CleanAir,0.0,safe
215,2024-01-01T00:35:40,0.701433,0.11817,0.152867,32.34,57.17,Methane,8386.63,unsafe
216,2024-01-01T00:35:50,0.361705,0.208242,0.153944,27.24,58.04,Alcohol,1205.8,unsafe
217,2024-01-01T00:36:00,1.647688,1.349603,0.82405,14.6,64.96,CleanAir,0.0,safe
218,2024-01-01T00:36:10,0.335189,0.399368,0.109506,21.44,82.54,CO,1744.05,unsafe
219,2024-01-01T00:36:20,0.038702,0.236115,0.11914,16.9,40.22,Propane,869.59,safe
220,2024-01-01T00:36:30,1.69556,1.391193,0.884689,34.22,51.32,CleanAir,0.0,safe
221,2024-01-01T00:36:40,0.275588,0.009797,0.097738,10.08,47.93,Alcohol,444.89,safe
222,2024-01-01T00:36:50,0.245006,0.389242,0.204232,33.48,42.38,Propane,3675.26,unsafe
223,2024-01-01T00:37:00,0.774054,0.456213,0.15476,25.75,69.17,LPG,4735.06,unsafe
224,2024-01-01T00:37:10,0.035942,0.016158,0.109271,11.47,75.25,Propane,849.06,safe
225,2024-01-01T00:37:20,1.726085,1.396738,0.893319,38.05,53.12,CleanAir,0.0,safe
226,2024-01-01T00:37:30,0.062001,0.038528,0.012767,20.6,70.77,LPG,3060.12,unsafe
227,2024-01-01T00:37:40,0.41325,0.225329,0.185506,11.2,31.7,Alcohol,1854.29,unsafe
228,2024-01-01T00:37:50,0.373581,0.019865,0.009722,16.6,78.75,Alcohol,1670.18,unsafe
229,2024-01-01T00:38:00,0.747278,0.445201,0.150422,23.15,44.72,LPG,3884.04,unsafe
230,2024-01-01T00:38:10,0.022778,0.207884,0.006328,29.83,55.9,Hydrogen,789.98,safe
231,2024-01-01T00:38:20,0.022751,0.330315,0.006495,10.61,44.97,CO,1066.16,unsafe
232,2024-01-01T00:38:30,1.719253,1.355224,0.869737,13.25,37.61,CleanAir,0.0,safe
233,2024-01-01T00:38:40,0.834858,0.17624,0.173205,16.12,67.38,Methane,19956.04,unsafe
234,2024-01-01T00:38:50,1.665334,1.340504,0.858476,26.0,70.41,CleanAir,0.0,safe
235,2024-01-01T00:39:00,1.657877,1.402939,0.845555,10.22,39.66,CleanAir,0.0,safe
236,2024-01-01T00:39:10,0.029066,0.184623,0.124761,27.83,42.46,Alcohol,711.01,safe
237,2024-01-01T00:39:20,1.669567,1.365011,0.849589,18.51,55.1,CleanAir,0.0,safe
238,2024-01-01T00:39:30,0.956028,0.397086,0.211373,37.4,61.07,Propane,4587.3,unsafe
239,2024-01-01T00:39:40,0.823811,0.907131,0.1703,18.5,64.43,Methane,18958.91,unsafe
240,2024-01-01T00:39:50,0.669849,0.397085,0.139094,18.35,35.97,LPG,2834.66,unsafe
241,2024-01-01T00:40:00,1.645542,1.311448,0.827059,24.19,69.31,CleanAir,0.0,safe
242,2024-01-01T00:40:10,1.624253,1.31439,0.81475,12.53,76.47,CleanAir,0.0,safe
243,2024-01-01T00:40:20,0.473573,0.246464,0.013155,30.95,46.72,Hydrogen,1402.96,safe
244,2024-01-01T00:40:30,0.980327,0.067706,0.21166,28.07,52.68,Propane,4929.75,unsafe
245,2024-01-01T00:40:40,0.957314,0.388578,0.035563,32.94,56.84,Propane,4455.48,unsafe
246,2024-01-01T00:40:50,0.338233,0.013064,0.134858,27.93,56.51,Alcohol,878.43,safe
247,2024-01-01T00:41:00,0.452923,0.234551,0.01304,36.07,84.41,Hydrogen,1343.18,safe
248,2024-01-01T00:41:10,0.219384,0.130462,0.067927,37.57,82.49,Alcohol,190.2,safe
249,2024-01-01T00:41:20,1.666832,1.356762,0.841304,29.23,70.56,CleanAir,0.0,safe
250,2024-01-01T00:41:30,0.497936,0.254119,0.012787,29.69,57.08,Hydrogen,1582.33,safe
251,2024-01-01T00:41:40,0.320638,0.009678,0.071277,13.87,71.33,LPG,406.2,safe
252,2024-01-01T00:41:50,1.744416,1.413585,0.909596,39.88,33.82,CleanAir,0.0,safe
253,2024-01-01T00:42:00,0.350716,0.21,0.081644,27.96,51.23,LPG,473.18,safe
254,2024-01-01T00:42:10,1.695249,1.431476,0.898832,30.72,35.77,CleanAir,0.0,safe
255,2024-01-01T00:42:20,0.668713,0.01959,0.178802,30.34,32.41,Smoke,937.64,unsafe
256,2024-01-01T00:42:30,1.670068,1.360584,0.860717,14.3,47.3,CleanAir,0.0,safe
257,2024-01-01T00:42:40,1.677145,1.373637,0.855522,12.82,39.26,CleanAir,0.0,safe
258,2024-01-01T00:42:50,1.683191,1.394716,0.85966,10.11,33.75,CleanAir,0.0,safe
259,2024-01-01T00:43:00,0.675806,0.326041,0.019237,32.44,51.29,Hydrogen,4115.79,safe
260,2024-01-01T00:43:10,0.855736,0.927288,0.18538,23.18,36.73,Methane,19311.62,unsafe
261,2024-01-01T00:43:20,0.038952,0.022242,0.178422,13.45,63.37,Alcohol,1945.58,unsafe
262,2024-01-01T00:43:30,0.46222,0.0163,0.157738,11.29,34.76,Hydrogen,1371.97,safe
263,2024-01-01T00:43:40,0.02607,0.012909,0.126692,31.3,72.25,Hydrogen,794.71,safe
264,2024-01-01T00:43:50,0.333082,0.190808,0.134245,12.71,56.0,Alcohol,1025.27,unsafe
265,2024-01-01T00:44:00,0.642034,0.375038,0.012755,17.68,89.96,LPG,3078.17,unsafe
266,2024-01-01T00:44:10,1.666464,1.352461,0.872058,13.05,35.13,CleanAir,0.0,safe
267,2024-01-01T00:44:20,0.29737,0.164693,0.003236,22.2,80.93,Hydrogen,423.15,safe
268,2024-01-01T00:44:30,1.628496,1.349926,0.826328,20.2,79.31,CleanAir,0.0,safe
269,2024-01-01T00:44:40,0.341313,0.196073,0.130334,21.78,31.97,Alcohol,777.0,safe
270,2024-01-01T00:44:50,0.336967,0.802892,0.04541,27.89,48.88,Methane,11615.63,unsafe
271,2024-01-01T00:45:00,0.314529,0.154569,0.003254,23.65,87.26,Smoke,210.65,unsafe
272,2024-01-01T00:45:10,1.63496,1.332881,0.823557,10.85,74.43,CleanAir,0.0,safe
273,2024-01-01T00:45:20,0.764946,0.315349,0.015955,25.7,84.43,Propane,2628.68,unsafe
274,2024-01-01T00:45:30,0.031962,0.366048,0.105594,28.6,77.21,CO,1324.83,unsafe
275,2024-01-01T00:45:40,0.012783,0.006454,0.087361,26.73,89.08,Hydrogen,333.3,safe
276,2024-01-01T00:45:50,0.325857,0.193986,0.078874,32.7,49.69,LPG,368.44,safe
277,2024-01-01T00:46:00,1.710572,1.404115,0.893971,33.69,30.4,CleanAir,0.0,safe
278,2024-01-01T00:46:10,0.396795,0.224922,0.17202,23.18,56.83,Alcohol,1670.76,unsafe
279,2024-01-01T00:46:20,0.400518,0.220119,0.177624,31.0,74.98,Alcohol,1835.89,unsafe
280,2024-01-01T00:46:30,1.676978,1.429452,0.887188,35.63,54.84,CleanAir,0.0,safe
281,2024-01-01T00:46:40,1.687775,1.391812,0.875749,30.44,46.68,CleanAir,0.0,safe
282,2024-01-01T00:46:50,0.717526,0.114008,0.04192,15.17,62.6,Methane,10714.11,unsafe
283,2024-01-01T00:47:00,1.691084,1.374014,0.875421,24.2,39.86,CleanAir,0.0,safe
284,2024-01-01T00:47:10,0.402413,0.219141,0.179363,26.32,83.15,Alcohol,1995.53,unsafe
285,2024-01-01T00:47:20,1.684181,1.376966,0.881968,33.97,59.9,CleanAir,0.0,safe
286,2024-01-01T00:47:30,0.635803,0.316892,0.232161,39.2,78.73,Hydrogen,3881.16,safe
287,2024-01-01T00:47:40,1.717302,1.392895,0.901454,32.36,34.42,CleanAir,0.0,safe
288,2024-01-01T00:47:50,1.625411,1.33354,0.850992,24.53,76.76,CleanAir,0.0,safe
289,2024-01-01T00:48:00,0.748689,0.153413,0.025906,36.08,82.97,Methane,12518.14,unsafe
290,2024-01-01T00:48:10,0.237692,0.009599,0.071218,19.83,66.9,CO,336.28,unsafe
291,2024-01-01T00:48:20,1.661455,1.382005,0.861297,36.55,70.35,CleanAir,0.0,safe
292,2024-01-01T00:48:30,0.016245,0.159264,0.094841,11.85,79.33,Hydrogen,441.99,safe
293,2024-01-01T00:48:40,0.386923,0.012947,0.126508,35.78,47.84,Hydrogen,689.8,safe
294,2024-01-01T00:48:50,0.0192,0.190228,0.108369,17.21,55.19,Smoke,366.33,unsafe
295,2024-01-01T00:49:00,0.279927,0.16786,0.003273,18.34,33.2,Alcohol,450.5,safe
296,2024-01-01T00:49:10,0.048804,0.345944,0.009709,26.28,75.12,LPG,2264.13,unsafe
297,2024-01-01T00:49:20,1.629926,1.3584,0.844,23.17,74.05,CleanAir,0.0,safe
298,2024-01-01T00:49:30,1.647259,1.366407,0.847167,34.05,86.08,CleanAir,0.0,safe
299,2024-01-01T00:49:40,1.678064,1.429738,0.896463,38.86,44.94,CleanAir,0.0,safe
300,2024-01-01T00:49:50,0.611493,0.267753,0.139268,39.25,45.3,Propane,1107.01,unsafe
301,2024-01-01T00:50:00,0.019457,0.009546,0.009576,16.01,35.09,Alcohol,753.25,safe
302,2024-01-01T00:50:10,1.612095,1.305499,0.81508,11.75,77.4,CleanAir,0.0,safe
303,2024-01-01T00:50:20,1.622755,1.34329,0.862537,34.53,77.55,CleanAir,0.0,safe
304,2024-01-01T00:50:30,0.112641,0.146028,0.164058,37.99,43.57,Methane,10235.06,unsafe
305,2024-01-01T00:50:40,0.496986,0.257161,0.013082,33.35,54.92,Hydrogen,1589.51,safe
306,2024-01-01T00:50:50,1.685336,1.34012,0.839305,11.85,55.85,CleanAir,0.0,safe
307,2024-01-01T00:51:00,0.716282,0.34258,0.026142,26.15,31.87,Hydrogen,4697.35,safe
308,2024-01-01T00:51:10,1.609696,1.302575,0.819369,11.2,77.7,CleanAir,0.0,safe
309,2024-01-01T00:51:20,0.322317,0.356491,0.106899,17.09,47.0,CO,1215.65,unsafe
310,2024-01-01T00:51:30,0.837172,0.032847,0.18648,30.28,50.62,Propane,3176.54,unsafe
311,2024-01-01T00:51:40,1.611555,1.287153,0.80185,10.06,87.18,CleanAir,0.0,safe
312,2024-01-01T00:51:50,1.654406,1.37186,0.866499,39.61,80.96,CleanAir,0.0,safe
313,2024-01-01T00:52:00,0.828767,0.899435,0.183464,28.6,48.66,Methane,17154.37,unsafe
314,2024-01-01T00:52:10,0.569078,0.029655,0.19845,25.34,58.47,Hydrogen,2737.9,safe
315,2024-01-01T00:52:20,0.029569,0.012891,0.133404,26.8,62.2,Smoke,590.25,unsafe
316,2024-01-01T00:52:30,1.623858,1.352024,0.854927,12.19,41.14,CleanAir,0.0,safe
317,2024-01-01T00:52:40,0.672296,0.395764,0.015963,18.86,55.53,LPG,3048.03,unsafe
318,2024-01-01T00:52:50,0.837422,0.368165,0.035136,18.22,50.69,Methane,19307.75,unsafe
319,2024-01-01T00:53:00,0.213172,0.153853,0.061684,29.55,35.24,CO,162.23,unsafe
320,2024-01-01T00:53:10,0.441374,0.019099,0.148025,19.71,44.26,Hydrogen,1147.66,safe
321,2024-01-01T00:53:20,0.05858,0.038154,0.012767,14.85,66.73,LPG,2912.71,unsafe
322,2024-01-01T00:53:30,0.394002,0.223915,0.179614,37.07,77.79,Alcohol,1819.85,unsafe
323,2024-01-01T00:53:40,1.671169,1.337824,0.825652,21.37,79.29,CleanAir,0.0,safe
324,2024-01-01T00:53:50,0.463675,0.209175,0.114974,17.95,52.0,Smoke,454.11,unsafe
325,2024-01-01T00:54:00,0.06757,0.328332,0.02574,31.11,39.69,Hydrogen,3567.51,safe
326,2024-01-01T00:54:10,0.62572,0.313947,0.029326,29.48,64.44,Hydrogen,3727.57,safe
327,2024-01-01T00:54:20,1.691888,1.384026,0.845778,32.94,80.16,CleanAir,0.0,safe
328,2024-01-01T00:54:30,0.692764,0.413641,0.138717,18.85,69.53,LPG,3617.6,unsafe
329,2024-01-01T00:54:40,0.423411,0.240819,0.191455,33.04,46.07,Alcohol,1906.99,unsafe
330,2024-01-01T00:54:50,0.952037,0.370355,0.273708,33.95,84.52,Smoke,2920.5,unsafe
331,2024-01-01T00:55:00,0.331881,0.191443,0.00978,21.49,58.46,Alcohol,889.79,safe
332,2024-01-01T00:55:10,0.038649,0.386035,0.108773,23.53,42.44,CO,1284.74,unsafe
333,2024-01-01T00:55:20,1.704552,1.410881,0.905977,39.87,47.7,CleanAir,0.0,safe
334,2024-01-01T00:55:30,0.626017,0.648712,0.136075,13.82,71.97,Methane,7008.73,unsafe
335,2024-01-01T00:55:40,0.949224,0.395747,0.019461,25.57,37.05,Propane,4069.91,unsafe
336,2024-01-01T00:55:50,0.883787,0.035453,0.192959,30.98,51.4,Propane,3459.13,unsafe
337,2024-01-01T00:56:00,0.119719,0.383781,0.192812,16.55,82.37,Propane,4695.23,unsafe
338,2024-01-01T00:56:10,1.673991,1.413818,0.877481,34.84,58.58,CleanAir,0.0,safe
339,2024-01-01T00:56:20,0.314572,0.189893,0.003193,20.21,38.99,LPG,346.31,safe
340,2024-01-01T00:56:30,1.653021,1.367141,0.848875,25.35,55.37,CleanAir,0.0,safe
341,2024-01-01T00:56:40,1.681976,1.370622,0.891486,16.35,32.52,CleanAir,0.0,safe
342,2024-01-01T00:56:50,1.632342,1.333451,0.817588,13.89,83.8,CleanAir,0.0,safe
343,2024-01-01T00:57:00,0.486487,0.215862,0.006452,12.25,65.39,Smoke,537.71,unsafe
344,2024-01-01T00:57:10,1.675187,1.385431,0.882986,26.61,50.66,CleanAir,0.0,safe
345,2024-01-01T00:57:20,0.032386,0.23391,0.140322,38.04,77.27,Smoke,622.35,unsafe
346,2024-01-01T00:57:30,0.319454,0.009569,0.003202,38.19,34.06,LPG,319.75,safe
347,2024-01-01T00:57:40,0.668145,0.410439,0.14026,32.98,82.63,LPG,3348.57,unsafe
348,2024-01-01T00:57:50,0.349581,0.016099,0.012954,17.28,62.51,Alcohol,1218.66,unsafe
349,2024-01-01T00:58:00,0.481228,0.25058,0.163341,31.71,41.71,Hydrogen,1357.86,safe
350,2024-01-01T00:58:10,0.012869,0.157436,0.003261,16.03,75.62,Alcohol,442.65,safe
351,2024-01-01T00:58:20,0.006454,0.123035,0.003224,27.87,85.15,CO,123.52,unsafe
352,2024-01-01T00:58:30,0.012846,0.22039,0.076048,19.15,40.82,CO,389.76,unsafe
353,2024-01-01T00:58:40,0.321775,0.00967,0.105855,27.28,64.04,Hydrogen,492.09,safe
354,2024-01-01T00:58:50,0.376735,0.178917,0.096341,10.61,80.53,Smoke,340.93,unsafe
355,2024-01-01T00:59:00,1.722983,1.422478,0.904828,39.08,40.5,CleanAir,0.0,safe
356,2024-01-01T00:59:10,0.950353,0.394702,0.213569,29.44,32.43,Propane,4176.79,unsafe
357,2024-01-01T00:59:20,1.67548,1.43219,0.901642,33.27,36.73,CleanAir,0.0,safe
358,2024-01-01T00:59:30,0.61583,0.358813,0.012893,20.73,58.74,LPG,2384.1,unsafe
359,2024-01-01T00:59:40,0.083144,0.090604,0.150402,19.64,65.34,Methane,9504.8,unsafe
360,2024-01-01T00:59:50,0.58468,0.247448,0.155424,32.0,63.47,Smoke,772.9,unsafe
361,2024-01-01T01:00:00,0.016145,0.012958,0.006452,20.98,32.92,CO,564.26,unsafe
362,2024-01-01T01:00:10,1.65096,1.357645,0.853124,32.38,76.19,CleanAir,0.0,safe
363,2024-01-01T01:00:20,0.01652,0.177948,0.095219,14.81,69.64,Smoke,310.41,unsafe
364,2024-01-01T01:00:30,1.700141,1.399787,0.893174,24.68,34.52,CleanAir,0.0,safe
365,2024-01-01T01:00:40,1.684593,1.376224,0.889575,37.38,68.63,CleanAir,0.0,safe
366,2024-01-01T01:00:50,1.647628,1.390432,0.87945,23.04,40.91,CleanAir,0.0,safe
367,2024-01-01T01:01:00,1.647743,1.315635,0.824626,19.65,81.43,CleanAir,0.0,safe
368,2024-01-01T01:01:10,0.340948,0.006502,0.087374,19.69,47.21,Smoke,223.2,unsafe
369,2024-01-01T01:01:20,1.659201,1.387321,0.878881,17.95,46.38,CleanAir,0.0,safe
370,2024-01-01T01:01:30,0.541148,0.307106,0.113541,15.28,43.26,LPG,1510.11,unsafe
371,2024-01-01T01:01:40,0.780205,0.839214,0.171758,13.79,37.47,Methane,13614.46,unsafe
372,2024-01-01T01:01:50,0.058168,0.025575,0.035447,34.33,50.42,Hydrogen,3402.55,safe
373,2024-01-01T01:02:00,1.657602,1.329885,0.824553,32.11,89.81,CleanAir,0.0,safe
374,2024-01-01T01:02:10,0.353618,0.195872,0.009701,31.81,81.27,Alcohol,1097.33,unsafe
375,2024-01-01T01:02:20,1.670014,1.370833,0.874286,15.02,50.78,CleanAir,0.0,safe
376,2024-01-01T01:02:30,0.607043,0.0329,0.21469,27.71,60.4,Hydrogen,3178.49,safe
377,2024-01-01T01:02:40,1.684388,1.396189,0.894151,37.48,50.6,CleanAir,0.0,safe
378,2024-01-01T01:02:50,0.620196,0.031871,0.127685,16.28,43.54,LPG,2327.25,unsafe
379,2024-01-01T01:03:00,0.496175,0.009655,0.127054,26.35,54.91,Smoke,508.72,unsafe
380,2024-01-01T01:03:10,0.019465,0.221577,0.084965,31.28,68.65,LPG,559.99,safe
381,2024-01-01T01:03:20,0.200764,0.003195,0.059002,39.01,82.08,Alcohol,131.97,safe
382,2024-01-01T01:03:30,1.664961,1.384392,0.872217,32.74,56.21,CleanAir,0.0,safe
383,2024-01-01T01:03:40,1.676437,1.356789,0.860803,23.09,64.74,CleanAir,0.0,safe
384,2024-01-01T01:03:50,1.680582,1.373516,0.855073,25.02,62.43,CleanAir,0.0,safe
385,2024-01-01T01:04:00,0.613923,0.031372,0.019345,15.37,54.84,Hydrogen,3506.76,safe
386,2024-01-01T01:04:10,0.817935,0.857946,0.055332,22.75,46.5,Methane,14838.73,unsafe
387,2024-01-01T01:04:20,1.658167,1.364727,0.858027,23.89,67.81,CleanAir,0.0,safe
388,2024-01-01T01:04:30,0.297273,0.16928,0.106642,13.46,47.6,Alcohol,564.62,safe
389,2024-01-01T01:04:40,1.704976,1.366317,0.891466,20.9,38.98,CleanAir,0.0,safe
390,2024-01-01T01:04:50,0.087035,0.289311,0.207895,21.82,89.98,Hydrogen,3552.37,safe
391,2024-01-01T01:05:00,0.290043,0.808941,0.159402,15.4,82.7,Methane,15237.34,unsafe
392,2024-01-01T01:05:10,0.333455,0.009671,0.128533,37.61,54.48,Alcohol,748.57,safe
393,2024-01-01T01:05:20,1.657958,1.329805,0.831549,17.53,67.86,CleanAir,0.0,safe
394,2024-01-01T01:05:30,1.641122,1.359164,0.81653,27.86,89.03,CleanAir,0.0,safe
395,2024-01-01T01:05:40,1.668911,1.392134,0.90101,32.25,44.27,CleanAir,0.0,safe
396,2024-01-01T01:05:50,0.048399,0.038632,0.120421,14.76,39.54,LPG,1978.16,unsafe
397,2024-01-01T01:06:00,1.647474,1.382374,0.863782,22.36,57.91,CleanAir,0.0,safe
398,2024-01-01T01:06:10,0.598254,0.60333,0.025956,19.22,49.97,Methane,5103.17,unsafe
399,2024-01-01T01:06:20,0.655437,0.385134,0.130318,28.46,43.09,LPG,2310.02,unsafe
400,2024-01-01T01:06:30,1.714946,1.406606,0.874943,31.79,41.82,CleanAir,0.0,safe
401,2024-01-01T01:06:40,0.580309,0.283972,0.01902,36.37,67.77,Hydrogen,2513.09,safe
402,2024-01-01T01:06:50,0.019586,0.01304,0.083107,36.54,75.78,CO,506.65,unsafe
403,2024-01-01T01:07:00,1.646927,1.319554,0.822391,13.61,79.01,CleanAir,0.0,safe
404,2024-01-01T01:07:10,0.022836,0.264311,0.088075,19.06,38.69,CO,566.97,unsafe
405,2024-01-01T01:07:20,0.474318,0.215244,0.118958,24.64,38.97,Smoke,422.53,unsafe
406,2024-01-01T01:07:30,0.564353,0.236865,0.009861,22.37,75.53,Smoke,692.49,unsafe
407,2024-01-01T01:07:40,0.804193,0.870571,0.175553,23.52,39.88,Methane,14182.25,unsafe
408,2024-01-01T01:07:50,0.00324,0.103538,0.0,25.18,67.36,Smoke,51.44,unsafe
409,2024-01-01T01:08:00,1.67976,1.409113,0.877005,36.24,60.0,CleanAir,0.0,safe
410,2024-01-01T01:08:10,1.709989,1.424556,0.883023,37.88,49.87,CleanAir,0.0,safe
411,2024-01-01T01:08:20,0.488,0.012797,0.123532,24.22,43.04,Smoke,460.68,unsafe
412,2024-01-01T01:08:30,1.661776,1.353616,0.851156,20.99,74.78,CleanAir,0.0,safe
413,2024-01-01T01:08:40,0.003219,0.064747,0.0358,15.76,30.26,CO,26.35,safe
414,2024-01-01T01:08:50,0.342175,0.012815,0.131413,30.45,37.34,Alcohol,754.56,safe
415,2024-01-01T01:09:00,0.304681,0.177417,0.006521,10.59,33.13,Alcohol,565.69,safe
416,2024-01-01T01:09:10,0.057914,0.222162,0.174212,13.07,63.65,Alcohol,1868.13,unsafe
417,2024-01-01T01:09:20,0.514436,0.259957,0.016206,15.52,36.46,Hydrogen,1737.93,safe
418,2024-01-01T01:09:30,1.683122,1.398863,0.89066,24.38,33.73,CleanAir,0.0,safe
419,2024-01-01T01:09:40,0.187308,0.118447,0.05094,15.82,69.05,CO,118.48,unsafe
420,2024-01-01T01:09:50,0.820952,0.8835,0.031966,35.79,52.91,Methane,15970.91,unsafe
421,2024-01-01T01:10:00,1.662984,1.348986,0.833882,19.21,66.51,CleanAir,0.0,safe
422,2024-01-01T01:10:10,1.669401,1.373096,0.863995,17.24,45.74,CleanAir,0.0,safe
423,2024-01-01T01:10:20,0.745955,0.022655,0.16684,39.96,47.67,Propane,1865.41,unsafe
424,2024-01-01T01:10:30,0.74872,0.794599,0.031827,12.59,68.05,Methane,14034.12,unsafe
425,2024-01-01T01:10:40,0.340747,0.009486,0.106869,33.27,71.7,Hydrogen,499.0,safe
426,2024-01-01T01:10:50,1.652932,1.304773,0.814917,16.11,84.79,CleanAir,0.0,safe
427,2024-01-01T01:11:00,1.651767,1.353327,0.826443,20.91,79.14,CleanAir,0.0,safe
428,2024-01-01T01:11:10,1.679633,1.352564,0.847564,33.52,79.69,CleanAir,0.0,safe
429,2024-01-01T01:11:20,1.688453,1.385531,0.892452,31.65,42.98,CleanAir,0.0,safe
430,2024-01-01T01:11:30,0.361771,0.446834,0.123304,12.58,41.45,CO,1957.17,unsafe
431,2024-01-01T01:11:40,1.680414,1.411837,0.881466,30.45,42.07,CleanAir,0.0,safe
432,2024-01-01T01:11:50,1.739952,1.416448,0.885529,34.54,46.06,CleanAir,0.0,safe
433,2024-01-01T01:12:00,0.771126,0.460258,0.157632,14.43,51.2,LPG,4675.87,unsafe
434,2024-01-01T01:12:10,0.172265,0.392274,0.029234,29.74,55.62,Propane,4730.95,unsafe
435,2024-01-01T01:12:20,1.654162,1.368458,0.856372,20.56,62.24,CleanAir,0.0,safe
436,2024-01-01T01:12:30,0.15513,0.071054,0.019225,15.35,68.76,Methane,6593.26,unsafe
437,2024-01-01T01:12:40,0.029031,0.215108,0.160598,38.33,42.46,Alcohol,1188.88,unsafe
438,2024-01-01T01:12:50,1.753652,1.40834,0.922901,36.42,38.59,CleanAir,0.0,safe
439,2024-01-01T01:13:00,0.720293,0.772104,0.150601,17.52,87.86,Methane,12602.4,unsafe
440,2024-01-01T01:13:10,0.670962,0.108769,0.025967,26.12,58.09,Methane,7891.14,unsafe
441,2024-01-01T01:13:20,1.678616,1.384246,0.862624,19.19,41.89,CleanAir,0.0,safe
442,2024-01-01T01:13:30,1.705351,1.404379,0.901783,32.56,47.87,CleanAir,0.0,safe
443,2024-01-01T01:13:40,0.312337,0.183797,0.118607,26.52,47.4,Alcohol,646.94,safe
444,2024-01-01T01:13:50,0.861888,0.385112,0.067738,30.11,38.96,Methane,18991.19,unsafe
445,2024-01-01T01:14:00,1.699422,1.414876,0.898217,35.88,49.56,CleanAir,0.0,safe
446,2024-01-01T01:14:10,0.553318,0.270531,0.193277,19.73,73.02,Hydrogen,2600.79,safe
447,2024-01-01T01:14:20,0.790482,0.047961,0.16272,37.46,54.82,LPG,4506.96,unsafe
448,2024-01-01T01:14:30,0.035134,0.228449,0.18027,31.33,47.21,Alcohol,1687.7,unsafe
449,2024-01-01T01:14:40,0.016009,0.006391,0.003231,28.23,74.09,Alcohol,441.57,safe
450,2024-01-01T01:14:50,0.279672,0.162385,0.0064,33.91,77.04,Alcohol,447.18,safe
451,2024-01-01T01:15:00,0.286972,0.152154,0.07353,33.98,38.0,Smoke,138.75,unsafe
452,2024-01-01T01:15:10,0.813715,0.854487,0.178694,36.07,51.7,Methane,13670.91,unsafe
453,2024-01-01T01:15:20,0.252423,0.003183,0.0,10.46,34.19,Smoke,114.51,unsafe
454,2024-01-01T01:15:30,1.654363,1.38273,0.884026,12.92,33.8,CleanAir,0.0,safe
455,2024-01-01T01:15:40,0.264934,0.048766,0.201209,33.17,63.03,Propane,4165.98,unsafe
456,2024-01-01T01:15:50,0.675163,0.333448,0.246089,36.45,69.03,Hydrogen,4466.08,safe
457,2024-01-01T01:16:00,1.663574,1.332647,0.836184,21.42,73.17,CleanAir,0.0,safe
458,2024-01-01T01:16:10,1.672384,1.392491,0.856461,39.06,88.04,CleanAir,0.0,safe
459,2024-01-01T01:16:20,1.703548,1.359284,0.883333,24.8,44.38,CleanAir,0.0,safe
460,2024-01-01T01:16:30,1.61595,1.357643,0.854888,20.75,66.98,CleanAir,0.0,safe
461,2024-01-01T01:16:40,1.650696,1.302613,0.810119,11.13,72.47,CleanAir,0.0,safe
462,2024-01-01T01:16:50,0.028936,0.213262,0.164918,17.31,74.25,Alcohol,1657.98,unsafe
463,2024-01-01T01:17:00,0.579649,0.244416,0.006419,21.88,54.84,Smoke,729.63,unsafe
464,2024-01-01T01:17:10,0.297968,0.019471,0.098527,31.5,61.42,CO,831.9,unsafe
465,2024-01-01T01:17:20,1.641842,1.340138,0.823219,25.76,77.51,CleanAir,0.0,safe
466,2024-01-01T01:17:30,0.585618,0.028123,0.215067,25.38,58.4,Hydrogen,2966.81,safe
467,2024-01-01T01:17:40,0.038768,0.234627,0.140301,35.91,31.42,Smoke,518.58,unsafe
468,2024-01-01T01:17:50,0.022178,0.211283,0.13303,34.79,72.93,Hydrogen,861.33,safe
469,2024-01-01T01:18:00,0.534942,0.310174,0.111946,19.35,43.41,LPG,1450.73,unsafe
470,2024-01-01T01:18:10,0.683153,0.40155,0.009672,10.83,76.63,LPG,3682.83,unsafe
471,2024-01-01T01:18:20,1.709053,1.418621,0.895692,38.84,36.29,CleanAir,0.0,safe
472,2024-01-01T01:18:30,0.300084,0.006388,0.07588,18.79,57.95,Smoke,177.61,unsafe
473,2024-01-01T01:18:40,1.705956,1.382784,0.877323,26.58,44.39,CleanAir,0.0,safe
474,2024-01-01T01:18:50,1.670799,1.370062,0.858179,11.12,45.85,CleanAir,0.0,safe
475,2024-01-01T01:19:00,1.629658,1.347128,0.836996,11.37,55.81,CleanAir,0.0,safe
476,2024-01-01T01:19:10,0.61113,0.297226,0.217664,24.93,48.62,Hydrogen,3218.06,safe
477,2024-01-01T01:19:20,0.638129,0.012898,0.166281,32.67,50.7,Smoke,829.12,unsafe
478,2024-01-01T01:19:30,0.310146,0.333862,0.006433,13.25,71.27,CO,1169.74,unsafe
479,2024-01-01T01:19:40,0.089869,0.405125,0.14028,35.62,76.97,LPG,3205.29,unsafe
480,2024-01-01T01:19:50,0.121391,0.090096,0.151652,36.8,37.98,Methane,6751.88,unsafe
481,2024-01-01T01:20:00,0.766497,0.459372,0.019187,37.37,47.07,LPG,3940.41,unsafe
482,2024-01-01T01:20:10,0.746188,0.79443,0.160763,26.35,80.94,Methane,13557.24,unsafe
483,2024-01-01T01:20:20,1.693827,1.386252,0.875575,36.1,59.2,CleanAir,0.0,safe
484,2024-01-01T01:20:30,1.693487,1.380799,0.873044,34.33,61.41,CleanAir,0.0,safe
485,2024-01-01T01:20:40,0.029964,0.393037,0.109002,12.5,35.75,CO,1463.9,unsafe
486,2024-01-01T01:20:50,1.678652,1.352507,0.830126,26.13,68.3,CleanAir,0.0,safe
487,2024-01-01T01:21:00,0.290834,0.270831,0.090326,39.39,37.76,CO,537.12,unsafe
488,2024-01-01T01:21:10,0.028985,0.226215,0.138921,11.68,51.86,Hydrogen,1186.22,safe
489,2024-01-01T01:21:20,0.675711,0.696287,0.143957,38.71,41.43,Methane,6438.19,unsafe
490,2024-01-01T01:21:30,0.664816,0.391217,0.132131,34.14,73.26,LPG,2827.16,unsafe
491,2024-01-01T01:21:40,0.324941,0.196683,0.129535,28.07,57.61,Alcohol,845.19,safe
492,2024-01-01T01:21:50,1.676961,1.337881,0.817887,11.1,61.67,CleanAir,0.0,safe
493,2024-01-01T01:22:00,0.057369,0.344829,0.123342,28.33,80.39,LPG,2194.85,unsafe
494,2024-01-01T01:22:10,0.747567,0.038959,0.146676,15.58,38.83,LPG,3827.9,unsafe
495,2024-01-01T01:22:20,0.256776,0.134383,0.061512,23.09,56.68,Smoke,122.3,unsafe
496,2024-01-01T01:22:30,1.656306,1.364269,0.837449,16.77,51.12,CleanAir,0.0,safe
497,2024-01-01T01:22:40,1.645298,1.315549,0.807049,11.12,77.5,CleanAir,0.0,safe
498,2024-01-01T01:22:50,1.69862,1.369252,0.835865,16.14,55.76,CleanAir,0.0,safe
499,2024-01-01T01:23:00,1.690402,1.396964,0.892441,36.55,38.3,CleanAir,0.0,safe
500,2024-01-01T01:23:10,0.709002,0.405875,0.139947,10.84,57.68,LPG,3690.31,unsafe
501,2024-01-01T01:23:20,1.704976,1.403767,0.870826,35.16,63.64,CleanAir,0.0,safe
502,2024-01-01T01:23:30,0.726853,0.041441,0.272464,39.73,37.9,Hydrogen,4836.2,safe
503,2024-01-01T01:23:40,0.783413,0.837833,0.038684,20.48,72.57,Methane,15377.89,unsafe
504,2024-01-01T01:23:50,0.473754,0.213635,0.122625,35.96,36.59,Smoke,409.02,unsafe
505,2024-01-01T01:24:00,1.678526,1.397752,0.862527,22.82,50.22,CleanAir,0.0,safe
506,2024-01-01T01:24:10,1.662372,1.349372,0.829229,29.14,87.28,CleanAir,0.0,safe
507,2024-01-01T01:24:20,0.837539,0.891165,0.179183,25.24,58.32,Methane,18038.12,unsafe
508,2024-01-01T01:24:30,0.38395,0.019297,0.016273,18.53,42.27,Alcohol,1440.9,unsafe
509,2024-01-01T01:24:40,1.678014,1.370927,0.866258,16.05,38.2,CleanAir,0.0,safe
510,2024-01-01T01:24:50,0.313432,0.157647,0.003249,26.71,78.82,Smoke,202.73,unsafe
511,2024-01-01T01:25:00,1.674676,1.370259,0.875686,38.4,62.06,CleanAir,0.0,safe
512,2024-01-01T01:25:10,0.304358,0.019459,0.096655,30.08,76.97,CO,944.08,unsafe
513,2024-01-01T01:25:20,1.727179,1.382747,0.867289,25.21,48.85,CleanAir,0.0,safe
514,2024-01-01T01:25:30,0.038266,0.232537,0.162871,14.59,71.41,Hydrogen,1637.86,safe
515,2024-01-01T01:25:40,1.676375,1.305617,0.832592,16.75,74.33,CleanAir,0.0,safe
516,2024-01-01T01:25:50,0.28236,0.166123,0.106183,28.22,89.51,Alcohol,568.94,safe
517,2024-01-01T01:26:00,1.661865,1.33545,0.854054,17.64,69.54,CleanAir,0.0,safe
518,2024-01-01T01:26:10,1.629114,1.352252,0.848644,10.37,56.52,CleanAir,0.0,safe
519,2024-01-01T01:26:20,0.041939,0.016463,0.170352,33.19,32.44,Smoke,788.53,unsafe
520,2024-01-01T01:26:30,0.04195,0.049215,0.115035,19.12,88.14,CO,1998.99,unsafe
521,2024-01-01T01:26:40,1.689514,1.356151,0.896421,23.46,40.3,CleanAir,0.0,safe
522,2024-01-01T01:26:50,1.692491,1.409286,0.900275,25.54,45.53,CleanAir,0.0,safe
523,2024-01-01T01:27:00,0.881141,0.220292,0.198907,35.2,34.71,Methane,18131.57,unsafe
524,2024-01-01T01:27:10,0.561311,0.233124,0.142842,27.26,60.1,Smoke,648.73,unsafe
525,2024-01-01T01:27:20,0.773814,0.452713,0.156762,28.05,74.96,LPG,4840.34,unsafe
526,2024-01-01T01:27:30,0.029444,0.016156,0.148252,18.02,35.6,Hydrogen,1051.36,safe
527,2024-01-01T01:27:40,1.707104,1.39471,0.893888,25.28,36.7,CleanAir,0.0,safe
528,2024-01-01T01:27:50,1.7056,1.401707,0.898958,18.2,30.17,CleanAir,0.0,safe
529,2024-01-01T01:28:00,0.423634,0.012679,0.141868,30.32,33.63,Hydrogen,873.62,safe
530,2024-01-01T01:28:10,1.706336,1.380046,0.872503,13.0,34.32,CleanAir,0.0,safe
531,2024-01-01T01:28:20,0.018973,0.012961,0.12738,25.63,52.62,Alcohol,731.65,safe
532,2024-01-01T01:28:30,1.695372,1.381317,0.897105,35.34,52.05,CleanAir,0.0,safe
533,2024-01-01T01:28:40,1.629476,1.326889,0.851903,11.08,57.44,CleanAir,0.0,safe
534,2024-01-01T01:28:50,1.702383,1.390084,0.887195,36.58,63.48,CleanAir,0.0,safe
535,2024-01-01T01:29:00,1.659452,1.400128,0.873517,20.29,37.39,CleanAir,0.0,safe
536,2024-01-01T01:29:10,0.844904,0.887029,0.183881,24.82,40.01,Methane,17845.23,unsafe
537,2024-01-01T01:29:20,0.320136,0.186253,0.12655,23.48,53.61,Alcohol,784.91,safe
538,2024-01-01T01:29:30,0.05516,0.028567,0.192939,12.95,88.62,Hydrogen,3113.28,safe
539,2024-01-01T01:29:40,0.255815,0.00653,0.083431,30.76,31.01,Alcohol,254.82,safe
540,2024-01-01T01:29:50,0.276872,0.274034,0.086549,19.52,68.57,CO,710.04,unsafe
541,2024-01-01T01:30:00,0.673422,0.389262,0.138749,20.65,73.37,LPG,3345.7,unsafe
542,2024-01-01T01:30:10,0.812426,0.338973,0.176849,31.43,64.91,Propane,2867.42,unsafe
543,2024-01-01T01:30:20,0.489668,0.242794,0.013009,25.79,87.0,Hydrogen,1889.0,safe
544,2024-01-01T01:30:30,0.108545,0.075324,0.0,29.75,86.19,Smoke,24.83,safe
545,2024-01-01T01:30:40,1.663939,1.354744,0.891614,14.87,33.35,CleanAir,0.0,safe
546,2024-01-01T01:30:50,1.709859,1.378743,0.884362,28.04,34.79,CleanAir,0.0,safe
547,2024-01-01T01:31:00,0.497026,0.224682,0.115793,22.23,38.37,Propane,739.26,safe
548,2024-01-01T01:31:10,0.301739,0.175589,0.009793,11.3,68.91,Alcohol,765.27,safe
549,2024-01-01T01:31:20,0.311097,0.176381,0.006302,29.57,53.87,Alcohol,602.22,safe
550,2024-01-01T01:31:30,0.6138,0.263924,0.159671,37.79,30.83,Smoke,698.83,unsafe
551,2024-01-01T01:31:40,1.669056,1.380025,0.867608,32.41,66.17,CleanAir,0.0,safe
552,2024-01-01T01:31:50,0.7023,0.341703,0.250857,33.73,55.21,Hydrogen,4587.04,safe
553,2024-01-01T01:32:00,1.628517,1.352132,0.862665,31.2,84.33,CleanAir,0.0,safe
554,2024-01-01T01:32:10,1.624852,1.356276,0.845133,21.48,76.43,CleanAir,0.0,safe
555,2024-01-01T01:32:20,0.035748,0.420846,0.116205,28.96,73.02,CO,1820.07,unsafe
556,2024-01-01T01:32:30,1.685262,1.362835,0.866558,27.93,64.04,CleanAir,0.0,safe
557,2024-01-01T01:32:40,0.606316,0.035292,0.019381,15.9,77.16,Hydrogen,3902.31,safe
558,2024-01-01T01:32:50,0.359848,0.424799,0.120453,37.21,61.12,CO,1730.44,unsafe
559,2024-01-01T01:33:00,1.71113,1.437971,0.899287,34.35,33.23,CleanAir,0.0,safe
560,2024-01-01T01:33:10,1.647931,1.414547,0.901276,39.03,52.89,CleanAir,0.0,safe
561,2024-01-01T01:33:20,1.645349,1.325228,0.852536,13.01,61.33,CleanAir,0.0,safe
562,2024-01-01T01:33:30,1.662919,1.374323,0.856246,13.72,39.97,CleanAir,0.0,safe
563,2024-01-01T01:33:40,0.575306,0.27928,0.015854,12.56,43.92,Hydrogen,2697.05,safe
564,2024-01-01T01:33:50,0.331957,0.178149,0.109576,14.21,65.04,Hydrogen,590.6,safe
565,2024-01-01T01:34:00,0.972254,0.396538,0.029044,16.51,48.21,Propane,4968.64,unsafe
566,2024-01-01T01:34:10,0.356571,0.013084,0.009658,32.7,74.74,Alcohol,1190.18,unsafe
567,2024-01-01T01:34:20,0.700809,0.415581,0.140905,20.18,45.37,LPG,3278.81,unsafe
568,2024-01-01T01:34:30,1.664031,1.356685,0.861828,34.2,83.78,CleanAir,0.0,safe
569,2024-01-01T01:34:40,1.71617,1.413138,0.891715,36.05,47.45,CleanAir,0.0,safe
570,2024-01-01T01:34:50,0.870573,0.356691,0.191582,13.91,55.34,Propane,3614.61,unsafe
571,2024-01-01T01:35:00,1.608114,1.346213,0.83993,20.18,75.83,CleanAir,0.0,safe
572,2024-01-01T01:35:10,0.461455,0.203947,0.006434,32.33,81.35,Smoke,454.8,unsafe
573,2024-01-01T01:35:20,0.403528,0.016006,0.092047,25.11,62.72,LPG,754.33,safe
574,2024-01-01T01:35:30,1.638691,1.356896,0.842774,12.02,54.17,CleanAir,0.0,safe
575,2024-01-01T01:35:40,1.632078,1.358734,0.842288,24.78,77.76,CleanAir,0.0,safe
576,2024-01-01T01:35:50,0.789901,0.86284,0.05413,39.47,66.39,Methane,14350.4,unsafe
577,2024-01-01T01:36:00,0.136835,0.126464,0.055333,18.25,41.74,Methane,14889.29,unsafe
578,2024-01-01T01:36:10,0.045359,0.211452,0.17167,21.22,66.35,Alcohol,1708.34,unsafe
579,2024-01-01T01:36:20,1.68406,1.369605,0.859825,33.6,66.06,CleanAir,0.0,safe
580,2024-01-01T01:36:30,0.003253,0.086186,0.032526,37.24,72.7,Smoke,32.18,safe
581,2024-01-01T01:36:40,0.360105,0.025771,0.119766,37.55,31.26,CO,1320.37,unsafe
582,2024-01-01T01:36:50,0.682421,0.337116,0.25203,33.92,37.0,Hydrogen,4195.98,safe
583,2024-01-01T01:37:00,0.009692,0.138122,0.076054,23.69,69.58,Alcohol,237.92,safe
584,2024-01-01T01:37:10,0.467147,0.242988,0.012982,19.34,40.35,Hydrogen,1351.56,safe
585,2024-01-01T01:37:20,1.621577,1.302847,0.82184,16.35,83.14,CleanAir,0.0,safe
586,2024-01-01T01:37:30,0.589485,0.032101,0.212584,37.06,62.81,Hydrogen,2823.09,safe
587,2024-01-01T01:37:40,1.657173,1.37766,0.869514,24.67,53.06,CleanAir,0.0,safe
588,2024-01-01T01:37:50,1.675393,1.420736,0.891279,34.7,41.05,CleanAir,0.0,safe
589,2024-01-01T01:38:00,1.652585,1.355101,0.846461,26.09,79.37,CleanAir,0.0,safe
590,2024-01-01T01:38:10,0.01917,0.180996,0.099915,21.37,86.7,Smoke,365.07,unsafe
591,2024-01-01T01:38:20,0.066887,0.265233,0.01956,19.58,89.99,Hydrogen,2722.21,safe
592,2024-01-01T01:38:30,1.662255,1.328399,0.841403,12.85,65.7,CleanAir,0.0,safe
593,2024-01-01T01:38:40,1.668383,1.376885,0.853763,15.93,46.97,CleanAir,0.0,safe
594,2024-01-01T01:38:50,0.009577,0.146879,0.080306,34.98,68.87,Alcohol,270.09,safe
595,2024-01-01T01:39:00,0.518504,0.256542,0.01601,11.45,69.23,Hydrogen,2266.43,safe
596,2024-01-01T01:39:10,0.586744,0.26593,0.135222,27.17,32.31,Propane,1064.93,unsafe
597,2024-01-01T01:39:20,0.628472,0.26098,0.012847,25.64,58.81,Smoke,917.22,unsafe
598,2024-01-01T01:39:30,0.063732,0.031956,0.179164,10.65,86.82,Hydrogen,2660.71,safe
599,2024-01-01T01:39:40,0.187218,0.112491,0.048311,38.93,80.9,Smoke,68.77,unsafe
600,2024-01-01T01:39:50,0.888787,0.032145,0.016229,11.77,51.11,Propane,3946.46,unsafe
601,2024-01-01T01:40:00,1.692816,1.382089,0.86882,38.85,60.45,CleanAir,0.0,safe
602,2024-01-01T01:40:10,0.084414,0.460841,0.153482,26.52,48.32,LPG,4444.21,unsafe
603,2024-01-01T01:40:20,0.743505,0.35731,0.025783,36.8,84.84,Hydrogen,6464.98,safe
604,2024-01-01T01:40:30,0.915531,0.378114,0.197037,39.44,84.16,Propane,4265.27,unsafe
605,2024-01-01T01:40:40,1.678227,1.38207,0.856635,23.18,52.27,CleanAir,0.0,safe
606,2024-01-01T01:40:50,0.621652,0.255349,0.158958,22.13,66.0,Smoke,898.35,unsafe
607,2024-01-01T01:41:00,1.708194,1.391038,0.865621,30.04,54.92,CleanAir,0.0,safe
608,2024-01-01T01:41:10,1.702426,1.417077,0.889978,32.26,36.39,CleanAir,0.0,safe
609,2024-01-01T01:41:20,0.622456,0.032367,0.12829,25.27,72.12,LPG,2585.22,unsafe
610,2024-01-01T01:41:30,1.698813,1.399753,0.880333,30.83,45.23,CleanAir,0.0,safe
611,2024-01-01T01:41:40,0.431029,0.009622,0.10954,16.43,75.71,Smoke,428.48,unsafe
612,2024-01-01T01:41:50,0.334798,0.186806,0.137528,25.35,89.52,Alcohol,1104.34,unsafe
613,2024-01-01T01:42:00,0.339451,0.032017,0.110741,35.52,31.43,CO,1046.74,unsafe
614,2024-01-01T01:42:10,0.354899,0.210582,0.147608,27.33,39.6,Alcohol,1068.0,unsafe
615,2024-01-01T01:42:20,1.660053,1.347251,0.868109,17.07,46.42,CleanAir,0.0,safe
616,2024-01-01T01:42:30,0.58365,0.294946,0.202768,11.7,53.95,Hydrogen,3120.14,safe
617,2024-01-01T01:42:40,0.406122,0.22669,0.016031,32.15,56.42,Alcohol,1650.86,unsafe
618,2024-01-01T01:42:50,1.721521,1.411005,0.867178,35.71,46.03,CleanAir,0.0,safe
619,2024-01-01T01:43:00,1.677043,1.399207,0.867571,26.96,51.09,CleanAir,0.0,safe
620,2024-01-01T01:43:10,1.689425,1.367218,0.854271,39.33,71.49,CleanAir,0.0,safe
621,2024-01-01T01:43:20,0.359862,0.181104,0.003226,36.21,42.09,Smoke,230.76,unsafe
622,2024-01-01T01:43:30,1.653492,1.352563,0.85187,15.31,54.75,CleanAir,0.0,safe
623,2024-01-01T01:43:40,1.713535,1.407221,0.87508,34.13,51.25,CleanAir,0.0,safe
624,2024-01-01T01:43:50,0.55727,0.279293,0.196689,13.99,65.33,Hydrogen,2904.22,safe
625,2024-01-01T01:44:00,0.143675,0.428389,0.018774,39.64,42.41,Propane,4842.35,unsafe
626,2024-01-01T01:44:10,0.09281,0.692444,0.141166,19.82,82.57,Methane,9149.96,unsafe
627,2024-01-01T01:44:20,1.701382,1.39495,0.85928,24.5,45.68,CleanAir,0.0,safe
628,2024-01-01T01:44:30,0.183651,0.035219,0.012968,13.82,60.0,Propane,3026.08,unsafe
629,2024-01-01T01:44:40,1.671628,1.374208,0.84002,39.12,86.9,CleanAir,0.0,safe
630,2024-01-01T01:44:50,0.640079,0.153966,0.13472,16.58,72.37,Methane,7245.34,unsafe
631,2024-01-01T01:45:00,1.660342,1.343736,0.817458,28.71,86.71,CleanAir,0.0,safe
632,2024-01-01T01:45:10,1.705959,1.447046,0.909088,39.54,38.46,CleanAir,0.0,safe
633,2024-01-01T01:45:20,1.632276,1.37271,0.835049,22.85,69.1,CleanAir,0.0,safe
634,2024-01-01T01:45:30,0.120989,0.797694,0.160124,10.14,71.57,Methane,14342.89,unsafe
635,2024-01-01T01:45:40,0.662173,0.054522,0.242093,25.41,65.84,Hydrogen,4550.33,safe
636,2024-01-01T01:45:50,1.671562,1.383745,0.88019,17.69,36.29,CleanAir,0.0,safe
637,2024-01-01T01:46:00,0.724937,0.765835,0.151075,25.31,80.91,Methane,11202.94,unsafe
638,2024-01-01T01:46:10,1.645288,1.352257,0.857353,37.81,88.37,CleanAir,0.0,safe
639,2024-01-01T01:46:20,1.001143,0.038892,0.220409,35.92,33.33,Propane,4769.95,unsafe
640,2024-01-01T01:46:30,1.681158,1.364745,0.860093,34.46,80.41,CleanAir,0.0,safe
641,2024-01-01T01:46:40,0.080873,0.339482,0.241945,32.92,72.59,Hydrogen,4752.82,safe
642,2024-01-01T01:46:50,0.340663,0.193828,0.139583,20.95,63.88,Alcohol,1034.97,unsafe
643,2024-01-01T01:47:00,0.322218,0.376746,0.105144,16.28,72.91,CO,1507.65,unsafe
644,2024-01-01T01:47:10,1.674148,1.383536,0.866066,36.46,68.78,CleanAir,0.0,safe
645,2024-01-01T01:47:20,0.049123,0.20976,0.012725,13.77,88.83,Alcohol,1970.92,unsafe
646,2024-01-01T01:47:30,0.009657,0.157233,0.088039,27.32,37.56,Alcohol,293.88,safe
647,2024-01-01T01:47:40,1.631729,1.38562,0.86547,25.87,57.13,CleanAir,0.0,safe
648,2024-01-01T01:47:50,0.073578,0.315015,0.235518,17.8,80.39,Hydrogen,4748.81,safe
649,2024-01-01T01:48:00,0.327253,0.379658,0.109579,27.36,72.63,CO,1403.06,unsafe
650,2024-01-01T01:48:10,0.467423,0.245107,0.016065,22.58,63.23,Hydrogen,1518.67,safe
651,2024-01-01T01:48:20,1.619798,1.376056,0.839118,12.78,60.77,CleanAir,0.0,safe
652,2024-01-01T01:48:30,0.720846,0.029534,0.159272,17.24,50.69,Propane,2030.67,unsafe
653,2024-01-01T01:48:40,0.460875,0.009691,0.122526,26.19,34.53,Smoke,398.0,unsafe
654,2024-01-01T01:48:50,1.658949,1.359358,0.868673,28.72,78.1,CleanAir,0.0,safe
655,2024-01-01T01:49:00,1.680733,1.36689,0.893927,23.44,42.16,CleanAir,0.0,safe
656,2024-01-01T01:49:10,1.670593,1.372694,0.848232,20.05,68.24,CleanAir,0.0,safe
657,2024-01-01T01:49:20,1.696526,1.399792,0.889003,35.56,64.44,CleanAir,0.0,safe
658,2024-01-01T01:49:30,0.569313,0.019379,0.126364,14.13,71.89,Propane,1202.33,unsafe
659,2024-01-01T01:49:40,0.622795,0.639449,0.137196,11.77,87.48,Methane,7320.27,unsafe
660,2024-01-01T01:49:50,0.772173,0.470921,0.162433,30.63,42.03,LPG,4172.05,unsafe
661,2024-01-01T01:50:00,0.309806,0.318723,0.099934,24.63,39.42,CO,856.52,unsafe
662,2024-01-01T01:50:10,0.89121,0.368603,0.195722,13.17,40.06,Propane,3765.74,unsafe
663,2024-01-01T01:50:20,0.378032,0.211148,0.165725,10.07,50.67,Alcohol,1529.46,unsafe
664,2024-01-01T01:50:30,1.63246,1.374822,0.860231,10.93,48.5,CleanAir,0.0,safe
665,2024-01-01T01:50:40,1.722449,1.421802,0.897013,26.32,33.8,CleanAir,0.0,safe
666,2024-01-01T01:50:50,1.627894,1.357504,0.849001,15.75,68.39,CleanAir,0.0,safe
667,2024-01-01T01:51:00,1.701152,1.412352,0.901024,32.01,39.82,CleanAir,0.0,safe
668,2024-01-01T01:51:10,0.789223,0.340427,0.025658,10.69,33.04,Propane,2722.2,unsafe
669,2024-01-01T01:51:20,1.655207,1.36184,0.870596,24.54,52.37,CleanAir,0.0,safe
670,2024-01-01T01:51:30,1.67879,1.394544,0.888582,26.46,42.36,CleanAir,0.0,safe
671,2024-01-01T01:51:40,0.360431,0.441345,0.123269,24.9,63.98,CO,1947.24,unsafe
672,2024-01-01T01:51:50,1.646007,1.350113,0.827602,11.83,62.4,CleanAir,0.0,safe
673,2024-01-01T01:52:00,1.642873,1.378564,0.858069,35.03,85.94,CleanAir,0.0,safe
674,2024-01-01T01:52:10,1.671729,1.408462,0.894997,29.11,47.66,CleanAir,0.0,safe
675,2024-01-01T01:52:20,1.687085,1.361921,0.868313,35.29,69.35,CleanAir,0.0,safe
676,2024-01-01T01:52:30,1.672452,1.37476,0.879454,10.24,31.51,CleanAir,0.0,safe
677,2024-01-01T01:52:40,1.641207,1.329986,0.834125,15.17,75.85,CleanAir,0.0,safe
678,2024-01-01T01:52:50,1.629536,1.322028,0.839906,13.31,77.54,CleanAir,0.0,safe
679,2024-01-01T01:53:00,1.654527,1.387368,0.877018,36.78,69.34,CleanAir,0.0,safe
680,2024-01-01T01:53:10,1.675612,1.371078,0.865247,21.69,60.19,CleanAir,0.0,safe
681,2024-01-01T01:53:20,0.444207,0.26082,0.006387,16.95,77.61,LPG,1036.4,unsafe
682,2024-01-01T01:53:30,0.277217,0.003209,0.003206,16.21,85.9,Smoke,167.93,unsafe
683,2024-01-01T01:53:40,0.571667,0.28158,0.016202,18.38,64.16,Hydrogen,2785.43,safe
684,2024-01-01T01:53:50,0.797865,0.863341,0.057374,13.17,67.05,Methane,17510.0,unsafe
685,2024-01-01T01:54:00,0.313173,0.152942,0.079176,16.92,36.68,Propane,235.83,safe
686,2024-01-01T01:54:10,1.662175,1.382459,0.859927,29.85,66.51,CleanAir,0.0,safe
687,2024-01-01T01:54:20,0.709369,0.297479,0.153958,19.0,82.47,Propane,2194.41,unsafe
688,2024-01-01T01:54:30,0.611424,0.31299,0.221381,34.08,54.01,Hydrogen,3222.13,safe
689,2024-01-01T01:54:40,0.202494,0.440938,0.152346,14.2,56.27,LPG,4383.26,unsafe
690,2024-01-01T01:54:50,0.01939,0.24866,0.003258,26.09,33.04,CO,460.28,unsafe
691,2024-01-01T01:55:00,1.662685,1.390318,0.869416,29.02,64.27,CleanAir,0.0,safe
692,2024-01-01T01:55:10,1.686182,1.407436,0.890735,20.29,32.96,CleanAir,0.0,safe
693,2024-01-01T01:55:20,0.116999,0.08469,0.03194,29.11,36.47,Smoke,24.32,safe
694,2024-01-01T01:55:30,1.666887,1.343217,0.87531,17.43,57.62,CleanAir,0.0,safe
695,2024-01-01T01:55:40,0.147596,0.324612,0.250163,15.6,59.46,Hydrogen,4963.0,safe
696,2024-01-01T01:55:50,1.61748,1.33299,0.841487,20.49,89.13,CleanAir,0.0,safe
697,2024-01-01T01:56:00,0.117453,0.865757,0.041655,14.07,66.49,Methane,16716.36,unsafe
698,2024-01-01T01:56:10,0.608928,0.303332,0.019209,24.69,38.98,Hydrogen,2882.69,safe
699,2024-01-01T01:56:20,0.012824,0.170879,0.07097,20.51,73.13,LPG,328.39,safe
700,2024-01-01T01:56:30,0.254536,0.227062,0.077986,25.2,85.52,CO,462.24,unsafe
701,2024-01-01T01:56:40,1.691198,1.381606,0.881675,33.55,68.37,CleanAir,0.0,safe
702,2024-01-01T01:56:50,1.700825,1.372287,0.886849,35.7,76.72,CleanAir,0.0,safe
703,2024-01-01T01:57:00,0.699756,0.746861,0.155168,18.1,39.96,Methane,9048.79,unsafe
704,2024-01-01T01:57:10,0.686533,0.745044,0.151661,13.09,88.11,Methane,11725.43,unsafe
705,2024-01-01T01:57:20,1.691627,1.420462,0.905397,31.8,43.87,CleanAir,0.0,safe
706,2024-01-01T01:57:30,0.096796,0.122232,0.032525,32.33,63.57,Methane,11132.71,unsafe
707,2024-01-01T01:57:40,1.658767,1.354746,0.883431,37.28,82.83,CleanAir,0.0,safe
708,2024-01-01T01:57:50,1.605772,1.368524,0.867896,33.77,76.55,CleanAir,0.0,safe
709,2024-01-01T01:58:00,0.222427,0.127689,0.0,31.64,87.41,Smoke,99.29,unsafe
710,2024-01-01T01:58:10,1.699903,1.369378,0.861317,14.12,38.84,CleanAir,0.0,safe
711,2024-01-01T01:58:20,0.124252,0.035083,0.214256,21.73,39.0,Propane,4434.1,unsafe
712,2024-01-01T01:58:30,0.064539,0.319613,0.221827,24.19,35.42,Smoke,1483.84,unsafe
713,2024-01-01T01:58:40,1.70906,1.422735,0.925653,29.03,31.48,CleanAir,0.0,safe
714,2024-01-01T01:58:50,0.048309,0.273166,0.189279,32.56,44.68,Hydrogen,1801.35,safe
715,2024-01-01T01:59:00,0.521452,0.224728,0.133661,22.2,78.81,Smoke,624.44,unsafe
716,2024-01-01T01:59:10,0.365409,0.213728,0.012994,22.31,74.83,Alcohol,1522.59,unsafe
717,2024-01-01T01:59:20,0.685372,0.708784,0.153977,38.75,43.07,Methane,6757.78,unsafe
718,2024-01-01T01:59:30,0.325709,0.186851,0.131575,14.74,47.71,Alcohol,807.09,safe
719,2024-01-01T01:59:40,1.67225,1.410038,0.884274,26.72,52.12,CleanAir,0.0,safe
720,2024-01-01T01:59:50,1.707454,1.429008,0.918497,34.82,33.39,CleanAir,0.0,safe
721,2024-01-01T02:00:00,0.64799,0.025723,0.239346,27.09,68.32,Hydrogen,3991.17,safe
722,2024-01-01T02:00:10,0.029165,0.009752,0.125567,23.92,88.38,Alcohol,842.41,safe
723,2024-01-01T02:00:20,1.636959,1.328508,0.847934,18.98,88.45,CleanAir,0.0,safe
724,2024-01-01T02:00:30,1.687409,1.385511,0.903481,37.26,59.13,CleanAir,0.0,safe
725,2024-01-01T02:00:40,1.708643,1.387721,0.909412,37.53,53.9,CleanAir,0.0,safe
726,2024-01-01T02:00:50,0.535057,0.022451,0.117633,13.33,38.36,LPG,1471.08,unsafe
727,2024-01-01T02:01:00,1.691666,1.376972,0.882437,37.85,68.19,CleanAir,0.0,safe
728,2024-01-01T02:01:10,0.24873,0.225751,0.078111,15.85,66.19,CO,448.15,unsafe
729,2024-01-01T02:01:20,0.015911,0.166403,0.087035,10.92,50.14,Propane,317.89,safe
730,2024-01-01T02:01:30,0.659554,0.272895,0.179671,16.68,43.35,Smoke,970.41,unsafe
731,2024-01-01T02:01:40,0.332888,0.186524,0.13611,23.47,78.67,Alcohol,1001.6,unsafe
732,2024-01-01T02:01:50,0.829528,0.350523,0.184445,38.8,82.33,Propane,3129.0,unsafe
733,2024-01-01T02:02:00,0.411546,0.237967,0.192894,30.86,59.76,Alcohol,1893.56,unsafe
734,2024-01-01T02:02:10,0.035336,0.228738,0.178205,13.39,50.73,Alcohol,1837.41,unsafe
735,2024-01-01T02:02:20,0.755827,0.821067,0.167247,24.74,53.84,Methane,12318.96,unsafe
736,2024-01-01T02:02:30,1.680993,1.426319,0.897305,22.81,35.99,CleanAir,0.0,safe
737,2024-01-01T02:02:40,0.012614,0.009571,0.091007,29.77,57.84,Alcohol,377.66,safe
738,2024-01-01T02:02:50,1.655718,1.327148,0.826659,10.88,80.6,CleanAir,0.0,safe
739,2024-01-01T02:03:00,1.682795,1.355097,0.868982,13.28,30.38,CleanAir,0.0,safe
740,2024-01-01T02:03:10,1.651355,1.352581,0.843062,20.01,71.24,CleanAir,0.0,safe
741,2024-01-01T02:03:20,0.343288,0.384062,0.114515,33.78,65.83,CO,1372.89,unsafe
742,2024-01-01T02:03:30,0.34118,0.390703,0.113867,24.13,51.87,CO,1415.75,unsafe
743,2024-01-01T02:03:40,1.737116,1.438732,0.915097,39.54,36.78,CleanAir,0.0,safe
744,2024-01-01T02:03:50,1.733201,1.44405,0.910036,36.17,33.86,CleanAir,0.0,safe
745,2024-01-01T02:04:00,0.721623,0.762686,0.154076,19.41,85.55,Methane,12319.17,unsafe
746,2024-01-01T02:04:10,1.718798,1.411167,0.8979,31.1,34.95,CleanAir,0.0,safe
747,2024-01-01T02:04:20,1.677833,1.368137,0.871883,21.05,44.69,CleanAir,0.0,safe
748,2024-01-01T02:04:30,1.66393,1.343627,0.848715,16.8,63.61,CleanAir,0.0,safe
749,2024-01-01T02:04:40,0.025466,0.194349,0.134371,12.87,74.42,Alcohol,1107.27,unsafe
750,2024-01-01T02:04:50,0.031995,0.233737,0.151343,29.7,79.7,Hydrogen,1285.06,safe
751,2024-01-01T02:05:00,0.713906,0.060712,0.258704,33.3,60.42,Hydrogen,4920.28,safe
752,2024-01-01T02:05:10,1.711575,1.433349,0.884764,32.89,45.75,CleanAir,0.0,safe
753,2024-01-01T02:05:20,0.456729,0.232992,0.148689,39.06,64.42,Hydrogen,1108.69,safe
754,2024-01-01T02:05:30,0.361821,0.176047,0.090835,34.53,44.38,Smoke,219.07,unsafe
755,2024-01-01T02:05:40,0.260834,0.161487,0.089347,29.87,61.51,Alcohol,340.66,safe
756,2024-01-01T02:05:50,0.016058,0.009613,0.07835,26.83,54.1,LPG,364.57,safe
757,2024-01-01T02:06:00,0.396319,0.188856,0.099183,24.89,42.37,Smoke,286.63,unsafe
758,2024-01-01T02:06:10,0.380123,0.452393,0.009496,31.33,46.96,CO,1885.52,unsafe
759,2024-01-01T02:06:20,1.734989,1.390957,0.853214,39.2,82.63,CleanAir,0.0,safe
760,2024-01-01T02:06:30,0.613159,0.349831,0.123872,26.69,43.55,LPG,1951.37,unsafe
761,2024-01-01T02:06:40,0.681634,0.274743,0.009661,39.97,68.3,Smoke,956.84,unsafe
762,2024-01-01T02:06:50,1.686357,1.369551,0.867874,12.31,36.48,CleanAir,0.0,safe
763,2024-01-01T02:07:00,1.689757,1.3806,0.870325,28.77,64.22,CleanAir,0.0,safe
764,2024-01-01T02:07:10,0.147775,0.874847,0.02235,15.28,85.98,Methane,18744.92,unsafe
765,2024-01-01T02:07:20,1.627771,1.375396,0.829323,17.87,62.49,CleanAir,0.0,safe
766,2024-01-01T02:07:30,0.566305,0.247217,0.142351,31.22,35.32,Smoke,601.8,unsafe
767,2024-01-01T02:07:40,1.709266,1.406774,0.889344,28.88,36.19,CleanAir,0.0,safe
768,2024-01-01T02:07:50,0.925878,0.385858,0.204013,14.21,33.44,Propane,4091.67,unsafe
769,2024-01-01T02:08:00,1.67915,1.417131,0.898952,26.65,38.69,CleanAir,0.0,safe
770,2024-01-01T02:08:10,0.801827,0.866688,0.171891,34.29,81.25,Methane,15865.86,unsafe
771,2024-01-01T02:08:20,0.990353,0.400577,0.206722,26.23,61.76,Propane,4730.17,unsafe
772,2024-01-01T02:08:30,1.687704,1.402662,0.86894,17.03,33.11,CleanAir,0.0,safe
773,2024-01-01T02:08:40,1.681118,1.359722,0.845036,32.3,77.08,CleanAir,0.0,safe
774,2024-01-01T02:08:50,0.646743,0.319218,0.225787,16.94,49.3,Hydrogen,3703.29,safe
775,2024-01-01T02:09:00,1.651244,1.347964,0.857536,16.01,57.46,CleanAir,0.0,safe
776,2024-01-01T02:09:10,0.633985,0.300723,0.218117,11.44,85.87,Hydrogen,4223.32,safe
777,2024-01-01T02:09:20,1.702653,1.380172,0.854438,39.0,85.67,CleanAir,0.0,safe
778,2024-01-01T02:09:30,0.108135,0.079314,0.02585,27.2,31.67,LPG,4313.08,unsafe
779,2024-01-01T02:09:40,0.857699,0.925139,0.182118,23.95,55.49,Methane,19668.42,unsafe
780,2024-01-01T02:09:50,0.318561,0.185841,0.113782,34.4,54.25,Alcohol,602.77,safe
781,2024-01-01T02:10:00,1.661526,1.357621,0.854513,28.17,78.28,CleanAir,0.0,safe
782,2024-01-01T02:10:10,1.701046,1.391727,0.875067,15.29,34.62,CleanAir,0.0,safe
783,2024-01-01T02:10:20,1.690081,1.366662,0.850528,27.29,68.6,CleanAir,0.0,safe
784,2024-01-01T02:10:30,1.705915,1.410429,0.907931,36.75,49.26,CleanAir,0.0,safe
785,2024-01-01T02:10:40,0.400683,0.190361,0.099536,36.48,32.26,Smoke,257.58,unsafe
786,2024-01-01T02:10:50,1.701218,1.420575,0.899477,33.33,36.46,CleanAir,0.0,safe
787,2024-01-01T02:11:00,0.110374,0.063247,0.016052,16.71,61.02,Propane,4534.13,unsafe
788,2024-01-01T02:11:10,1.640751,1.340195,0.854773,11.75,54.22,CleanAir,0.0,safe
789,2024-01-01T02:11:20,1.663266,1.342656,0.839193,11.7,56.45,CleanAir,0.0,safe
790,2024-01-01T02:11:30,1.675923,1.360242,0.870599,10.8,30.32,CleanAir,0.0,safe
791,2024-01-01T02:11:40,1.638552,1.336792,0.808303,11.39,84.57,CleanAir,0.0,safe
792,2024-01-01T02:11:50,0.038496,0.245295,0.006445,15.11,58.26,Propane,1086.01,unsafe
793,2024-01-01T02:12:00,1.718803,1.392671,0.877444,30.95,51.62,CleanAir,0.0,safe
794,2024-01-01T02:12:10,0.003208,0.113784,0.0,14.59,60.04,Alcohol,101.09,safe
795,2024-01-01T02:12:20,0.490549,0.211084,0.110608,20.73,79.7,Propane,788.69,safe
796,2024-01-01T02:12:30,0.631772,0.264163,0.009677,37.45,64.48,Smoke,826.9,unsafe
797,2024-01-01T02:12:40,1.690584,1.355791,0.844395,27.97,72.51,CleanAir,0.0,safe
798,2024-01-01T02:12:50,0.844193,0.14866,0.178126,17.58,49.61,Methane,18369.31,unsafe
799,2024-01-01T02:13:00,0.012949,0.153752,0.091974,11.01,77.65,Alcohol,489.35,safe
800,2024-01-01T02:13:10,0.111152,0.347568,0.182883,33.59,64.38,Propane,3232.37,unsafe
801,2024-01-01T02:13:20,0.012711,0.166911,0.097712,32.34,38.06,Alcohol,371.88,safe
802,2024-01-01T02:13:30,1.596048,1.299158,0.8032,12.82,89.07,CleanAir,0.0,safe
803,2024-01-01T02:13:40,1.725609,1.379157,0.892665,18.43,30.72,CleanAir,0.0,safe
804,2024-01-01T02:13:50,0.022008,0.31334,0.097919,20.05,47.5,CO,904.56,unsafe
805,2024-01-01T02:14:00,0.672769,0.01972,0.145499,11.1,48.23,Propane,1730.59,unsafe
806,2024-01-01T02:14:10,1.615765,1.337691,0.827393,17.96,73.5,CleanAir,0.0,safe
807,2024-01-01T02:14:20,1.635334,1.300904,0.815735,14.86,82.76,CleanAir,0.0,safe
808,2024-01-01T02:14:30,1.649058,1.350904,0.862304,28.67,61.37,CleanAir,0.0,safe
809,2024-01-01T02:14:40,1.628286,1.314654,0.815628,22.85,87.73,CleanAir,0.0,safe
810,2024-01-01T02:14:50,0.378934,0.215199,0.016024,10.41,53.28,Alcohol,1644.35,unsafe
811,2024-01-01T02:15:00,1.650798,1.3358,0.838476,25.74,84.43,CleanAir,0.0,safe
812,2024-01-01T02:15:10,1.667958,1.39167,0.87206,31.41,60.93,CleanAir,0.0,safe
813,2024-01-01T02:15:20,1.620415,1.355937,0.843025,14.87,59.82,CleanAir,0.0,safe
814,2024-01-01T02:15:30,1.70261,1.429103,0.912614,39.11,38.37,CleanAir,0.0,safe
815,2024-01-01T02:15:40,0.051499,0.241329,0.166877,19.81,86.84,Hydrogen,1832.81,safe
816,2024-01-01T02:15:50,0.796445,0.051329,0.15846,16.73,35.43,LPG,4760.69,unsafe
817,2024-01-01T02:16:00,1.621672,1.338651,0.82582,16.31,74.13,CleanAir,0.0,safe
818,2024-01-01T02:16:10,0.43139,0.25055,0.196077,37.62,30.51,Alcohol,1821.57,unsafe
819,2024-01-01T02:16:20,1.688456,1.390358,0.872544,26.82,52.51,CleanAir,0.0,safe
820,2024-01-01T02:16:30,1.661572,1.37611,0.873435,25.11,49.07,CleanAir,0.0,safe
821,2024-01-01T02:16:40,0.366955,0.012985,0.003169,29.83,82.38,LPG,626.3,safe
822,2024-01-01T02:16:50,1.62782,1.312755,0.80371,10.01,85.26,CleanAir,0.0,safe
823,2024-01-01T02:17:00,0.149671,0.357787,0.016283,24.66,72.1,Propane,3788.72,unsafe
824,2024-01-01T02:17:10,1.627603,1.357304,0.857543,30.95,78.17,CleanAir,0.0,safe
825,2024-01-01T02:17:20,0.641198,0.312011,0.026185,11.9,51.67,Hydrogen,3972.81,safe
826,2024-01-01T02:17:30,0.782126,0.4591,0.154461,20.13,48.82,LPG,4667.11,unsafe
827,2024-01-01T02:17:40,0.517784,0.029192,0.009521,22.32,52.55,LPG,1368.03,unsafe
828,2024-01-01T02:17:50,0.22212,0.136159,0.003243,28.11,51.25,Alcohol,188.01,safe
829,2024-01-01T02:18:00,1.650697,1.347493,0.844718,36.71,83.5,CleanAir,0.0,safe
830,2024-01-01T02:18:10,0.806757,0.339228,0.012921,29.97,74.37,Propane,2950.29,unsafe
831,2024-01-01T02:18:20,1.654862,1.350209,0.822521,10.8,59.31,CleanAir,0.0,safe
832,2024-01-01T02:18:30,0.009554,0.145462,0.071519,22.52,78.44,Propane,214.53,safe
833,2024-01-01T02:18:40,0.63412,0.310178,0.221732,10.23,41.32,Hydrogen,3667.84,safe
834,2024-01-01T02:18:50,0.610198,0.249072,0.156431,26.94,51.56,Smoke,745.1,unsafe
835,2024-01-01T02:19:00,1.705114,1.417263,0.899344,26.22,41.6,CleanAir,0.0,safe
836,2024-01-01T02:19:10,1.673323,1.395862,0.884928,17.06,31.17,CleanAir,0.0,safe
837,2024-01-01T02:19:20,1.625733,1.332861,0.850738,10.45,70.91,CleanAir,0.0,safe
838,2024-01-01T02:19:30,0.04511,0.236551,0.009672,14.3,41.6,Smoke,650.21,unsafe
839,2024-01-01T02:19:40,0.134878,0.09456,0.0,27.54,42.6,Smoke,32.84,safe
840,2024-01-01T02:19:50,0.251779,0.006451,0.003212,15.15,41.27,Alcohol,311.76,safe
841,2024-01-01T02:20:00,0.573628,0.025184,0.012871,39.89,43.85,Hydrogen,2090.87,safe
842,2024-01-01T02:20:10,1.654368,1.349271,0.834673,24.27,83.72,CleanAir,0.0,safe
843,2024-01-01T02:20:20,0.168471,0.03173,0.196225,28.78,88.39,Propane,4338.36,unsafe
844,2024-01-01T02:20:30,1.717255,1.410661,0.893734,21.93,34.01,CleanAir,0.0,safe
845,2024-01-01T02:20:40,1.697292,1.398887,0.87493,29.37,45.69,CleanAir,0.0,safe
846,2024-01-01T02:20:50,1.706473,1.400915,0.904833,38.5,56.32,CleanAir,0.0,safe
847,2024-01-01T02:21:00,1.032392,0.044966,0.035885,11.57,40.26,Smoke,3421.55,unsafe
848,2024-01-01T02:21:10,0.401553,0.02287,0.016079,29.6,65.67,Alcohol,1802.59,unsafe
849,2024-01-01T02:21:20,0.671958,0.285751,0.178196,31.51,39.42,Smoke,957.29,unsafe
850,2024-01-01T02:21:30,1.669321,1.359093,0.849248,21.82,63.38,CleanAir,0.0,safe
851,2024-01-01T02:21:40,0.623627,0.019565,0.166663,21.82,34.38,Smoke,811.37,unsafe
852,2024-01-01T02:21:50,1.691471,1.382576,0.86277,25.44,55.4,CleanAir,0.0,safe
853,2024-01-01T02:22:00,1.717235,1.377178,0.879054,33.3,54.92,CleanAir,0.0,safe
854,2024-01-01T02:22:10,1.675247,1.385412,0.891963,27.21,33.79,CleanAir,0.0,safe
855,2024-01-01T02:22:20,0.688098,0.095122,0.144983,12.12,83.87,Methane,10600.47,unsafe
856,2024-01-01T02:22:30,1.723993,1.395877,0.876594,27.52,52.7,CleanAir,0.0,safe
857,2024-01-01T02:22:40,1.712542,1.374415,0.861892,27.34,59.8,CleanAir,0.0,safe
858,2024-01-01T02:22:50,1.702965,1.383785,0.882131,39.7,68.07,CleanAir,0.0,safe
859,2024-01-01T02:23:00,0.035351,0.222898,0.171484,35.0,77.17,Alcohol,1651.0,unsafe
860,2024-01-01T02:23:10,1.639093,1.360062,0.834853,30.94,75.56,CleanAir,0.0,safe
861,2024-01-01T02:23:20,0.941291,0.391142,0.2053,28.69,47.7,Propane,4018.9,unsafe
862,2024-01-01T02:23:30,1.666474,1.379468,0.872783,22.85,59.93,CleanAir,0.0,safe
863,2024-01-01T02:23:40,0.719882,0.765951,0.032093,24.41,89.14,Methane,12047.0,unsafe
864,2024-01-01T02:23:50,1.672054,1.357907,0.860544,15.44,63.68,CleanAir,0.0,safe
865,2024-01-01T02:24:00,0.064305,0.386968,0.130281,15.28,66.88,LPG,2906.79,unsafe
866,2024-01-01T02:24:10,1.666413,1.376608,0.860136,33.31,83.79,CleanAir,0.0,safe
867,2024-01-01T02:24:20,0.751014,0.431184,0.012821,21.71,73.28,LPG,4129.03,unsafe
868,2024-01-01T02:24:30,1.665096,1.341022,0.839615,17.96,70.86,CleanAir,0.0,safe
869,2024-01-01T02:24:40,0.467515,0.016203,0.153991,15.56,71.17,Hydrogen,1470.88,safe
870,2024-01-01T02:24:50,0.026104,0.198219,0.009611,20.06,83.14,Alcohol,1281.66,unsafe
871,2024-01-01T02:25:00,0.315222,0.006487,0.078031,38.13,78.98,Smoke,191.39,unsafe
872,2024-01-01T02:25:10,0.018904,0.186776,0.098831,18.73,47.59,Smoke,308.56,unsafe
873,2024-01-01T02:25:20,1.672996,1.394997,0.865792,13.13,40.99,CleanAir,0.0,safe
874,2024-01-01T02:25:30,0.057472,0.36151,0.013069,32.81,32.53,LPG,1856.06,unsafe
875,2024-01-01T02:25:40,0.342693,0.01289,0.136802,37.17,72.4,Alcohol,898.97,safe
876,2024-01-01T02:25:50,0.661693,0.019242,0.013024,24.79,53.46,Smoke,927.16,unsafe
877,2024-01-01T02:26:00,1.667751,1.375638,0.85567,16.98,59.76,CleanAir,0.0,safe
878,2024-01-01T02:26:10,0.465669,0.236685,0.158518,16.89,61.26,Hydrogen,1437.03,safe
879,2024-01-01T02:26:20,0.032526,0.201069,0.103745,13.12,39.71,Propane,517.83,safe
880,2024-01-01T02:26:30,1.655218,1.340938,0.847766,29.57,85.9,CleanAir,0.0,safe
881,2024-01-01T02:26:40,1.692537,1.369307,0.894449,31.52,52.13,CleanAir,0.0,safe
882,2024-01-01T02:26:50,0.352852,0.427035,0.124113,33.66,73.5,CO,1839.2,unsafe
883,2024-01-01T02:27:00,0.352577,0.405507,0.120703,34.57,57.74,CO,1518.3,unsafe
884,2024-01-01T02:27:10,0.613253,0.24969,0.156598,15.63,87.79,Smoke,944.78,unsafe
885,2024-01-01T02:27:20,0.057409,0.015626,0.168333,18.38,57.07,Hydrogen,1578.96,safe
886,2024-01-01T02:27:30,0.350698,0.028715,0.114388,31.45,63.66,CO,1532.42,unsafe
887,2024-01-01T02:27:40,1.674124,1.393302,0.890235,34.22,68.85,CleanAir,0.0,safe
888,2024-01-01T02:27:50,0.413446,0.233068,0.188385,27.13,61.01,Alcohol,1875.76,unsafe
889,2024-01-01T02:28:00,1.714868,1.406773,0.892319,38.1,52.67,CleanAir,0.0,safe
890,2024-01-01T02:28:10,0.598076,0.290532,0.032859,26.59,80.86,Hydrogen,3171.48,safe
891,2024-01-01T02:28:20,0.98242,0.070713,0.219695,36.16,55.13,Propane,4692.36,unsafe
892,2024-01-01T02:28:30,1.665277,1.359635,0.883434,22.95,55.07,CleanAir,0.0,safe
893,2024-01-01T02:28:40,1.645105,1.362669,0.841178,12.49,61.2,CleanAir,0.0,safe
894,2024-01-01T02:28:50,0.366907,0.17817,0.093119,39.96,73.91,Smoke,244.94,unsafe
895,2024-01-01T02:29:00,1.656683,1.347891,0.85927,22.98,81.55,CleanAir,0.0,safe
896,2024-01-01T02:29:10,0.028702,0.216573,0.160188,22.86,51.71,Alcohol,1338.76,unsafe
897,2024-01-01T02:29:20,0.029276,0.221781,0.117965,30.29,34.63,Propane,606.42,safe
898,2024-01-01T02:29:30,1.698677,1.39349,0.895158,37.19,58.74,CleanAir,0.0,safe
899,2024-01-01T02:29:40,0.20201,0.725898,0.022781,13.7,32.9,Methane,8454.5,unsafe
900,2024-01-01T02:29:50,0.802973,0.473642,0.162527,31.59,45.0,LPG,4441.61,unsafe
901,2024-01-01T02:30:00,0.337604,0.163837,0.084009,25.24,55.52,Propane,284.35,safe
902,2024-01-01T02:30:10,1.694498,1.389662,0.901184,22.24,37.04,CleanAir,0.0,safe
903,2024-01-01T02:30:20,0.626335,0.100846,0.140338,12.94,74.13,Methane,7437.95,unsafe
904,2024-01-01T02:30:30,0.588635,0.255604,0.00958,12.39,39.36,Smoke,771.0,unsafe
905,2024-01-01T02:30:40,1.695413,1.381944,0.878168,30.22,74.82,CleanAir,0.0,safe
906,2024-01-01T02:30:50,1.658052,1.360428,0.886977,32.71,74.39,CleanAir,0.0,safe
907,2024-01-01T02:31:00,0.048642,0.269902,0.009686,24.72,45.01,Propane,1159.93,unsafe
908,2024-01-01T02:31:10,1.682616,1.385007,0.893114,26.31,47.21,CleanAir,0.0,safe
909,2024-01-01T02:31:20,0.629876,0.638879,0.013152,19.59,87.5,Methane,6898.73,unsafe
910,2024-01-01T02:31:30,1.617217,1.340009,0.835517,18.54,87.68,CleanAir,0.0,safe
911,2024-01-01T02:31:40,1.648428,1.337301,0.851036,24.68,81.0,CleanAir,0.0,safe
912,2024-01-01T02:31:50,0.503604,0.026141,0.109821,35.47,76.52,LPG,1291.71,unsafe
913,2024-01-01T02:32:00,1.70516,1.3975,0.90367,30.77,44.86,CleanAir,0.0,safe
914,2024-01-01T02:32:10,0.018758,0.290854,0.006482,11.33,79.8,CO,841.76,unsafe
915,2024-01-01T02:32:20,0.051401,0.028575,0.0097,19.79,41.74,LPG,2241.74,unsafe
916,2024-01-01T02:32:30,1.699025,1.422835,0.918249,37.68,42.02,CleanAir,0.0,safe
917,2024-01-01T02:32:40,0.009702,0.143108,0.003234,15.15,78.04,Alcohol,344.79,safe
918,2024-01-01T02:32:50,0.133238,0.851265,0.170373,15.77,57.53,Methane,15592.17,unsafe
919,2024-01-01T02:33:00,0.301616,0.152704,0.076331,35.15,72.98,Smoke,173.58,unsafe
920,2024-01-01T02:33:10,1.681749,1.388921,0.866863,14.66,34.54,CleanAir,0.0,safe
921,2024-01-01T02:33:20,0.098652,0.426045,0.016038,38.26,73.3,LPG,3525.92,unsafe
922,2024-01-01T02:33:30,1.691445,1.371227,0.858565,25.43,62.4,CleanAir,0.0,safe
923,2024-01-01T02:33:40,1.651925,1.357181,0.858529,11.52,46.86,CleanAir,0.0,safe
924,2024-01-01T02:33:50,1.692725,1.388458,0.880312,21.02,35.3,CleanAir,0.0,safe
925,2024-01-01T02:34:00,1.698741,1.380006,0.893838,29.58,47.38,CleanAir,0.0,safe
926,2024-01-01T02:34:10,1.663071,1.362642,0.886259,12.45,33.24,CleanAir,0.0,safe
927,2024-01-01T02:34:20,1.606482,1.367726,0.831622,13.72,71.94,CleanAir,0.0,safe
928,2024-01-01T02:34:30,0.797578,0.472665,0.161524,10.8,31.69,LPG,4942.51,unsafe
929,2024-01-01T02:34:40,1.672633,1.350877,0.852152,19.05,59.22,CleanAir,0.0,safe
930,2024-01-01T02:34:50,0.006437,0.12196,0.051729,20.6,89.16,CO,128.82,unsafe
931,2024-01-01T02:35:00,0.084623,0.718509,0.153802,28.07,64.66,Methane,8627.66,unsafe
932,2024-01-01T02:35:10,1.64626,1.338384,0.840462,20.9,71.75,CleanAir,0.0,safe
933,2024-01-01T02:35:20,1.609766,1.319481,0.827091,13.35,72.21,CleanAir,0.0,safe
934,2024-01-01T02:35:30,1.700571,1.412395,0.887378,23.24,41.37,CleanAir,0.0,safe
935,2024-01-01T02:35:40,0.480805,0.25143,0.163502,39.8,49.35,Hydrogen,1329.5,safe
936,2024-01-01T02:35:50,0.295772,0.009685,0.110472,39.17,76.58,Alcohol,549.72,safe
937,2024-01-01T02:36:00,0.441246,0.012916,0.006472,12.68,80.93,Propane,685.48,safe
938,2024-01-01T02:36:10,0.95135,0.397959,0.035266,35.73,38.69,Propane,3976.95,unsafe
939,2024-01-01T02:36:20,0.342887,0.200556,0.012857,30.13,70.67,Alcohol,1070.77,unsafe
940,2024-01-01T02:36:30,0.645838,0.329619,0.244296,28.26,65.41,Hydrogen,4219.83,safe
941,2024-01-01T02:36:40,0.549677,0.284141,0.196549,29.65,38.74,Hydrogen,2122.67,safe
942,2024-01-01T02:36:50,1.646541,1.338399,0.854612,24.24,76.6,CleanAir,0.0,safe
943,2024-01-01T02:37:00,0.614115,0.264114,0.009592,23.55,82.07,Propane,1489.65,unsafe
944,2024-01-01T02:37:10,1.696705,1.392935,0.894913,31.96,61.84,CleanAir,0.0,safe
945,2024-01-01T02:37:20,1.644967,1.396484,0.856844,22.8,61.22,CleanAir,0.0,safe
946,2024-01-01T02:37:30,1.646949,1.366479,0.859085,35.28,82.19,CleanAir,0.0,safe
947,2024-01-01T02:37:40,1.666454,1.422741,0.896925,19.23,32.82,CleanAir,0.0,safe
948,2024-01-01T02:37:50,1.700356,1.432053,0.94476,38.93,37.09,CleanAir,0.0,safe
949,2024-01-01T02:38:00,0.076582,0.316826,0.229064,18.71,54.79,Hydrogen,3868.76,safe
950,2024-01-01T02:38:10,0.032238,0.019663,0.100076,20.4,47.99,LPG,911.56,safe
951,2024-01-01T02:38:20,0.019608,0.287638,0.006455,20.25,68.94,CO,736.09,unsafe
952,2024-01-01T02:38:30,1.651644,1.340878,0.857592,19.67,76.37,CleanAir,0.0,safe
953,2024-01-01T02:38:40,0.335688,0.397161,0.009821,24.68,50.42,CO,1411.37,unsafe
954,2024-01-01T02:38:50,1.644313,1.358311,0.838894,23.99,85.99,CleanAir,0.0,safe
955,2024-01-01T02:39:00,0.10923,0.029403,0.209173,33.62,49.51,Hydrogen,2509.22,safe
956,2024-01-01T02:39:10,1.693398,1.399414,0.894329,35.83,61.51,CleanAir,0.0,safe
957,2024-01-01T02:39:20,0.424434,0.016412,0.00634,23.59,58.93,LPG,805.69,safe
958,2024-01-01T02:39:30,0.025494,0.394131,0.009676,25.96,87.11,CO,1573.02,unsafe
959,2024-01-01T02:39:40,1.716309,1.441725,0.907462,33.77,32.33,CleanAir,0.0,safe
960,2024-01-01T02:39:50,0.250528,0.006351,0.003183,21.94,88.66,Alcohol,391.46,safe
961,2024-01-01T02:40:00,1.617615,1.355366,0.855006,13.04,55.4,CleanAir,0.0,safe
962,2024-01-01T02:40:10,1.653687,1.360053,0.855227,28.2,83.62,CleanAir,0.0,safe
963,2024-01-01T02:40:20,1.672961,1.392844,0.896809,39.5,56.49,CleanAir,0.0,safe
964,2024-01-01T02:40:30,0.780082,0.840442,0.169719,32.44,72.97,Methane,14531.83,unsafe
965,2024-01-01T02:40:40,0.757736,0.821074,0.167314,23.65,44.39,Methane,11470.8,unsafe
966,2024-01-01T02:40:50,0.016139,0.009623,0.098593,29.8,75.38,Alcohol,438.17,safe
967,2024-01-01T02:41:00,0.025863,0.21484,0.108471,33.24,43.59,Propane,554.92,safe
968,2024-01-01T02:41:10,1.658407,1.37624,0.855093,15.36,48.04,CleanAir,0.0,safe
969,2024-01-01T02:41:20,1.651596,1.407136,0.879536,20.87,38.65,CleanAir,0.0,safe
970,2024-01-01T02:41:30,1.61467,1.304603,0.835028,12.25,89.46,CleanAir,0.0,safe
971,2024-01-01T02:41:40,1.634679,1.343492,0.839981,11.58,83.62,CleanAir,0.0,safe
972,2024-01-01T02:41:50,1.666143,1.352979,0.850465,18.3,56.97,CleanAir,0.0,safe
973,2024-01-01T02:42:00,0.675689,0.345688,0.252807,25.35,41.68,Hydrogen,4378.66,safe
974,2024-01-01T02:42:10,0.038473,0.246286,0.152415,11.6,37.27,Smoke,706.31,unsafe
975,2024-01-01T02:42:20,1.665039,1.36785,0.873822,21.66,60.55,CleanAir,0.0,safe
976,2024-01-01T02:42:30,0.204804,0.132222,0.058317,38.94,35.16,CO,105.39,unsafe
977,2024-01-01T02:42:40,1.703576,1.397712,0.915729,36.3,49.42,CleanAir,0.0,safe
978,2024-01-01T02:42:50,0.299711,0.019263,0.095396,25.01,44.28,CO,786.84,unsafe
979,2024-01-01T02:43:00,0.62691,0.369747,0.126955,28.27,68.71,LPG,2382.28,unsafe
980,2024-01-01T02:43:10,1.682133,1.383949,0.857592,12.15,50.57,CleanAir,0.0,safe
981,2024-01-01T02:43:20,1.611163,1.335371,0.820141,12.49,82.28,CleanAir,0.0,safe
982,2024-01-01T02:43:30,1.6678,1.376391,0.868981,32.52,79.57,CleanAir,0.0,safe
983,2024-01-01T02:43:40,1.652758,1.352952,0.862365,22.27,76.34,CleanAir,0.0,safe
984,2024-01-01T02:43:50,0.659117,0.055434,0.015993,13.12,80.71,LPG,3216.85,unsafe
985,2024-01-01T02:44:00,0.535857,0.271989,0.187287,25.56,80.53,Hydrogen,2365.21,safe
986,2024-01-01T02:44:10,0.135842,0.15845,0.022561,28.71,53.4,Methane,14810.71,unsafe
987,2024-01-01T02:44:20,1.66497,1.420679,0.869742,35.58,75.09,CleanAir,0.0,safe
988,2024-01-01T02:44:30,0.648596,0.394324,0.139751,33.9,33.32,LPG,2256.4,unsafe
989,2024-01-01T02:44:40,1.664558,1.371695,0.872841,11.99,43.36,CleanAir,0.0,safe
990,2024-01-01T02:44:50,1.621994,1.326093,0.846125,12.24,85.04,CleanAir,0.0,safe
991,2024-01-01T02:45:00,1.653931,1.370135,0.857012,25.39,79.35,CleanAir,0.0,safe
992,2024-01-01T02:45:10,1.633179,1.330975,0.834278,13.78,75.62,CleanAir,0.0,safe
993,2024-01-01T02:45:20,0.103541,0.807093,0.019137,22.53,58.13,Methane,12608.77,unsafe
994,2024-01-01T02:45:30,0.103288,0.054939,0.149411,23.36,86.62,LPG,4763.17,unsafe
995,2024-01-01T02:45:40,1.620321,1.361761,0.863429,30.81,72.99,CleanAir,0.0,safe
996,2024-01-01T02:45:50,0.279806,0.281934,0.086637,14.63,57.25,CO,652.93,unsafe
997,2024-01-01T02:46:00,0.320174,0.009733,0.009575,21.01,80.63,Alcohol,887.38,safe
998,2024-01-01T02:46:10,0.613452,0.377681,0.128439,18.07,68.38,LPG,2673.13,unsafe
999,2024-01-01T02:46:20,0.339981,0.016019,0.144317,14.68,85.31,Alcohol,1277.07,unsafe
1000,2024-01-01T02:46:30,1.717774,1.398054,0.887667,25.94,40.31,CleanAir,0.0,safe
1001,2024-01-01T02:46:40,0.468082,0.22154,0.114473,36.98,41.47,Propane,571.95,safe
1002,2024-01-01T02:46:50,1.655423,1.392665,0.880923,26.94,52.9,CleanAir,0.0,safe
1003,2024-01-01T02:47:00,1.654487,1.390113,0.86997,11.63,34.31,CleanAir,0.0,safe
1004,2024-01-01T02:47:10,1.642074,1.344839,0.835625,21.89,86.1,CleanAir,0.0,safe
1005,2024-01-01T02:47:20,0.089866,0.041604,0.019314,37.45,86.94,LPG,3260.56,unsafe
1006,2024-01-01T02:47:30,1.714512,1.408869,0.876428,39.93,56.91,CleanAir,0.0,safe
1007,2024-01-01T02:47:40,0.016011,0.165784,0.103364,10.55,62.67,Alcohol,529.41,safe
1008,2024-01-01T02:47:50,0.091993,0.022366,0.161711,35.09,71.46,Propane,2128.12,unsafe
1009,2024-01-01T02:48:00,0.613026,0.267511,0.139295,18.64,36.98,Propane,1266.65,unsafe
1010,2024-01-01T02:48:10,0.032272,0.209082,0.169903,12.52,78.61,Alcohol,1773.11,unsafe
1011,2024-01-01T02:48:20,0.513654,0.306304,0.111704,23.67,53.45,LPG,1365.03,unsafe
1012,2024-01-01T02:48:30,1.662196,1.368692,0.856446,10.13,42.34,CleanAir,0.0,safe
1013,2024-01-01T02:48:40,1.649897,1.378814,0.862544,16.08,54.05,CleanAir,0.0,safe
1014,2024-01-01T02:48:50,0.019234,0.194825,0.126841,29.68,39.79,Alcohol,686.89,safe
1015,2024-01-01T02:49:00,0.600144,0.351796,0.125443,26.37,55.88,LPG,2074.67,unsafe
1016,2024-01-01T02:49:10,1.672635,1.346111,0.853414,19.06,66.35,CleanAir,0.0,safe
1017,2024-01-01T02:49:20,1.67192,1.404537,0.855721,22.62,51.11,CleanAir,0.0,safe
1018,2024-01-01T02:49:30,0.668546,0.691784,0.148477,22.06,55.34,Methane,7678.16,unsafe
1019,2024-01-01T02:49:40,1.699277,1.363733,0.869344,33.12,68.42,CleanAir,0.0,safe
1020,2024-01-01T02:49:50,0.68582,0.727977,0.153775,29.45,53.56,Methane,8061.45,unsafe
1021,2024-01-01T02:50:00,0.287978,0.171903,0.105012,13.79,72.16,Alcohol,623.51,safe
1022,2024-01-01T02:50:10,1.694018,1.373755,0.863667,25.6,46.42,CleanAir,0.0,safe
1023,2024-01-01T02:50:20,0.032109,0.23908,0.139403,30.0,30.57,Smoke,521.24,unsafe
1024,2024-01-01T02:50:30,0.567926,0.035154,0.201947,22.81,38.01,Hydrogen,2519.29,safe
1025,2024-01-01T02:50:40,1.648234,1.355673,0.853041,15.98,56.69,CleanAir,0.0,safe
1026,2024-01-01T02:50:50,0.822634,0.038025,0.181109,28.21,48.47,Propane,2949.51,unsafe
1027,2024-01-01T02:51:00,1.684373,1.391876,0.876561,18.89,38.75,CleanAir,0.0,safe
1028,2024-01-01T02:51:10,1.640988,1.370122,0.845174,32.54,76.35,CleanAir,0.0,safe
1029,2024-01-01T02:51:20,0.10017,0.362489,0.012874,17.09,39.34,Propane,3351.15,unsafe
1030,2024-01-01T02:51:30,0.038164,0.219871,0.159143,12.85,31.51,Alcohol,1333.14,unsafe
1031,2024-01-01T02:51:40,0.581618,0.245573,0.154775,20.31,72.91,Smoke,845.39,unsafe
1032,2024-01-01T02:51:50,0.549161,0.282548,0.190363,27.23,38.89,Hydrogen,2093.12,safe
1033,2024-01-01T02:52:00,1.64322,1.373756,0.842392,13.22,49.56,CleanAir,0.0,safe
1034,2024-01-01T02:52:10,1.669029,1.402251,0.899432,19.92,30.93,CleanAir,0.0,safe
1035,2024-01-01T02:52:20,1.632846,1.332331,0.83528,20.08,72.62,CleanAir,0.0,safe
1036,2024-01-01T02:52:30,1.627531,1.331737,0.830035,15.81,67.9,CleanAir,0.0,safe
1037,2024-01-01T02:52:40,0.077279,0.049163,0.237353,29.07,42.94,Hydrogen,3669.66,safe
1038,2024-01-01T02:52:50,1.701692,1.422983,0.883567,25.9,41.54,CleanAir,0.0,safe
1039,2024-01-01T02:53:00,0.728834,0.748271,0.16081,32.29,38.08,Methane,9066.74,unsafe
1040,2024-01-01T02:53:10,1.709006,1.451464,0.910637,37.89,43.35,CleanAir,0.0,safe
1041,2024-01-01T02:53:20,1.721034,1.447874,0.910291,39.16,38.75,CleanAir,0.0,safe
1042,2024-01-01T02:53:30,1.675007,1.396119,0.873205,17.23,39.63,CleanAir,0.0,safe
1043,2024-01-01T02:53:40,1.688896,1.387589,0.884233,13.54,31.46,CleanAir,0.0,safe
1044,2024-01-01T02:53:50,1.641548,1.356654,0.826379,13.13,71.25,CleanAir,0.0,safe
1045,2024-01-01T02:54:00,1.661396,1.352423,0.841464,23.59,72.46,CleanAir,0.0,safe
1046,2024-01-01T02:54:10,1.678181,1.405728,0.89278,33.71,51.0,CleanAir,0.0,safe
1047,2024-01-01T02:54:20,0.689795,0.34276,0.253936,31.06,48.78,Hydrogen,4657.55,safe
1048,2024-01-01T02:54:30,1.709391,1.444834,0.914226,37.72,40.76,CleanAir,0.0,safe
1049,2024-01-01T02:54:40,0.487061,0.260603,0.175496,26.54,64.38,Hydrogen,1820.17,safe
1050,2024-01-01T02:54:50,1.660148,1.379946,0.851476,25.42,58.51,CleanAir,0.0,safe
1051,2024-01-01T02:55:00,1.613573,1.348217,0.844722,26.04,84.98,CleanAir,0.0,safe
1052,2024-01-01T02:55:10,0.566356,0.346261,0.012844,33.76,76.08,LPG,1973.6,unsafe
1053,2024-01-01T02:55:20,1.655925,1.399756,0.895812,25.0,38.96,CleanAir,0.0,safe
1054,2024-01-01T02:55:30,0.348472,0.207576,0.141112,37.34,32.05,Alcohol,840.96,safe
1055,2024-01-01T02:55:40,0.504452,0.229475,0.129245,21.57,72.24,Smoke,589.31,unsafe
1056,2024-01-01T02:55:50,0.942886,0.034818,0.210005,16.96,40.61,Propane,4477.46,unsafe
1057,2024-01-01T02:56:00,0.711811,0.443467,0.154569,20.49,30.38,LPG,3542.63,unsafe
1058,2024-01-01T02:56:10,1.620666,1.35356,0.834309,31.62,87.69,CleanAir,0.0,safe
1059,2024-01-01T02:56:20,0.429621,0.200909,0.109729,14.35,53.0,Smoke,407.23,unsafe
1060,2024-01-01T02:56:30,0.19934,0.820904,0.166936,33.44,79.64,Methane,13287.87,unsafe
1061,2024-01-01T02:56:40,1.672908,1.384909,0.88268,23.14,55.65,CleanAir,0.0,safe
1062,2024-01-01T02:56:50,0.022559,0.022657,0.104899,34.84,51.06,CO,1080.57,unsafe
1063,2024-01-01T02:57:00,0.302522,0.762109,0.153955,20.9,74.71,Methane,11229.25,unsafe
1064,2024-01-01T02:57:10,1.664782,1.384492,0.889301,28.86,41.07,CleanAir,0.0,safe
1065,2024-01-01T02:57:20,0.006494,0.003204,0.003208,26.88,37.46,Smoke,125.16,unsafe
1066,2024-01-01T02:57:30,0.365106,0.184475,0.093274,32.5,54.23,Smoke,255.83,unsafe
1067,2024-01-01T02:57:40,1.618605,1.336535,0.831844,23.24,83.21,CleanAir,0.0,safe
1068,2024-01-01T02:57:50,0.254851,0.914019,0.175381,15.53,48.19,Methane,17749.06,unsafe
1069,2024-01-01T02:58:00,0.489352,0.230781,0.117774,37.86,39.84,Propane,654.49,safe
1070,2024-01-01T02:58:10,0.389583,0.192934,0.100762,35.04,30.6,Smoke,266.88,unsafe
1071,2024-01-01T02:58:20,1.633315,1.353623,0.849509,20.53,59.61,CleanAir,0.0,safe
1072,2024-01-01T02:58:30,0.025025,0.37163,0.105957,26.63,70.06,CO,1281.32,unsafe
1073,2024-01-01T02:58:40,0.666679,0.16921,0.032277,32.47,42.41,Methane,6968.56,unsafe
1074,2024-01-01T02:58:50,1.624699,1.322017,0.832955,14.17,75.69,CleanAir,0.0,safe
1075,2024-01-01T02:59:00,0.412514,0.218328,0.136572,11.4,83.84,Hydrogen,1232.36,safe
1076,2024-01-01T02:59:10,1.691797,1.405833,0.902893,36.79,43.29,CleanAir,0.0,safe
1077,2024-01-01T02:59:20,1.678377,1.42866,0.906551,39.92,44.4,CleanAir,0.0,safe
1078,2024-01-01T02:59:30,0.563244,0.251229,0.006412,15.83,30.66,Smoke,661.36,unsafe
1079,2024-01-01T02:59:40,1.635894,1.38636,0.866781,14.54,49.05,CleanAir,0.0,safe
1080,2024-01-01T02:59:50,1.604191,1.358027,0.828236,19.97,75.62,CleanAir,0.0,safe
1081,2024-01-01T03:00:00,0.351228,0.016479,0.146926,37.24,45.3,Alcohol,966.97,safe
1082,2024-01-01T03:00:10,1.676833,1.390904,0.895138,13.47,35.79,CleanAir,0.0,safe
1083,2024-01-01T03:00:20,1.635297,1.361679,0.850955,31.7,74.31,CleanAir,0.0,safe
1084,2024-01-01T03:00:30,1.678302,1.387834,0.884485,22.57,35.5,CleanAir,0.0,safe
1085,2024-01-01T03:00:40,0.670933,0.40547,0.138622,19.04,70.43,LPG,3451.34,unsafe
1086,2024-01-01T03:00:50,0.923095,0.39421,0.019422,23.53,43.29,Propane,4266.1,unsafe
1087,2024-01-01T03:01:00,1.655291,1.342549,0.859943,14.15,53.47,CleanAir,0.0,safe
1088,2024-01-01T03:01:10,1.676124,1.396731,0.891668,28.2,36.97,CleanAir,0.0,safe
1089,2024-01-01T03:01:20,1.707986,1.409063,0.882225,36.43,53.83,CleanAir,0.0,safe
1090,2024-01-01T03:01:30,1.625081,1.349479,0.830963,20.29,88.4,CleanAir,0.0,safe
1091,2024-01-01T03:01:40,0.814092,0.239374,0.032457,34.87,59.91,Methane,16679.31,unsafe
1092,2024-01-01T03:01:50,0.265969,0.006433,0.068472,22.41,67.9,Smoke,143.21,unsafe
1093,2024-01-01T03:02:00,1.613859,1.338962,0.838956,16.26,74.25,CleanAir,0.0,safe
1094,2024-01-01T03:02:10,0.012802,0.209981,0.07536,27.78,57.23,CO,342.95,unsafe
1095,2024-01-01T03:02:20,0.019161,0.166825,0.107865,15.65,76.67,Alcohol,598.42,safe
1096,2024-01-01T03:02:30,1.60514,1.357654,0.828958,13.82,69.82,CleanAir,0.0,safe
1097,2024-01-01T03:02:40,0.324553,0.029332,0.111877,25.31,42.06,CO,1156.44,unsafe
1098,2024-01-01T03:02:50,1.680972,1.388522,0.867169,28.17,65.82,CleanAir,0.0,safe
1099,2024-01-01T03:03:00,0.706132,0.130567,0.038859,37.08,45.78,Methane,8993.55,unsafe
1100,2024-01-01T03:03:10,1.62827,1.304031,0.803658,11.82,88.07,CleanAir,0.0,safe
1101,2024-01-01T03:03:20,0.244134,0.006408,0.084167,12.05,77.64,Alcohol,372.43,safe
1102,2024-01-01T03:03:30,0.280073,0.26719,0.087346,34.87,54.67,CO,565.97,unsafe
1103,2024-01-01T03:03:40,0.681399,0.041335,0.029161,25.55,32.53,Hydrogen,4172.61,safe
1104,2024-01-01T03:03:50,0.328997,0.012882,0.135998,10.34,88.14,Alcohol,1267.22,unsafe
1105,2024-01-01T03:04:00,1.621859,1.36445,0.838678,26.58,77.15,CleanAir,0.0,safe
1106,2024-01-01T03:04:10,0.274658,0.006368,0.070746,14.93,81.26,Propane,232.27,safe
1107,2024-01-01T03:04:20,0.032602,0.016385,0.154831,16.9,77.68,Alcohol,1614.5,unsafe
1108,2024-01-01T03:04:30,1.632026,1.328359,0.815411,13.63,66.6,CleanAir,0.0,safe
1109,2024-01-01T03:04:40,0.77259,0.337901,0.012871,28.75,72.67,Propane,2842.29,unsafe
1110,2024-01-01T03:04:50,0.026187,0.379459,0.107575,31.67,49.53,CO,1216.6,unsafe
1111,2024-01-01T03:05:00,0.752488,0.183359,0.159955,11.84,82.23,Methane,16596.4,unsafe
1112,2024-01-01T03:05:10,1.602121,1.361312,0.822029,21.58,68.92,CleanAir,0.0,safe
1113,2024-01-01T03:05:20,1.644723,1.367425,0.840407,30.45,74.86,CleanAir,0.0,safe
1114,2024-01-01T03:05:30,0.419299,0.20014,0.109142,22.64,56.06,Smoke,377.44,unsafe
1115,2024-01-01T03:05:40,1.641343,1.366822,0.866174,36.26,81.58,CleanAir,0.0,safe
1116,2024-01-01T03:05:50,0.025955,0.187871,0.130514,18.62,81.95,Alcohol,966.72,safe
1117,2024-01-01T03:06:00,1.651121,1.32548,0.828818,20.55,87.07,CleanAir,0.0,safe
1118,2024-01-01T03:06:10,0.727487,0.04837,0.141116,14.83,65.66,LPG,4229.47,unsafe
1119,2024-01-01T03:06:20,0.234691,0.00962,0.003245,17.87,68.25,CO,361.92,unsafe
1120,2024-01-01T03:06:30,1.640831,1.35594,0.841713,19.25,66.54,CleanAir,0.0,safe
1121,2024-01-01T03:06:40,1.626159,1.362128,0.839508,25.05,80.3,CleanAir,0.0,safe
1122,2024-01-01T03:06:50,0.386661,0.189428,0.093589,30.33,50.53,Propane,403.45,safe
1123,2024-01-01T03:07:00,1.706838,1.404142,0.898625,25.25,36.79,CleanAir,0.0,safe
1124,2024-01-01T03:07:10,0.263828,0.238358,0.081454,36.3,44.7,CO,387.48,unsafe
1125,2024-01-01T03:07:20,1.630939,1.386455,0.863765,23.39,56.41,CleanAir,0.0,safe
1126,2024-01-01T03:07:30,1.7107,1.412766,0.872116,36.89,61.49,CleanAir,0.0,safe
1127,2024-01-01T03:07:40,1.654973,1.389941,0.874191,24.36,51.13,CleanAir,0.0,safe
1128,2024-01-01T03:07:50,0.275288,0.282545,0.089821,36.78,83.2,CO,702.25,unsafe
1129,2024-01-01T03:08:00,1.687975,1.379659,0.877194,38.1,54.7,CleanAir,0.0,safe
1130,2024-01-01T03:08:10,1.674798,1.394065,0.873731,39.99,67.68,CleanAir,0.0,safe
1131,2024-01-01T03:08:20,1.698767,1.379725,0.887078,39.88,70.04,CleanAir,0.0,safe
1132,2024-01-01T03:08:30,0.60412,0.31167,0.025468,27.47,58.64,Hydrogen,3555.34,safe
1133,2024-01-01T03:08:40,1.617708,1.327319,0.806182,10.69,86.87,CleanAir,0.0,safe
1134,2024-01-01T03:08:50,0.930509,0.387896,0.028832,16.82,53.37,Propane,4404.68,unsafe
1135,2024-01-01T03:09:00,1.684063,1.42537,0.880028,34.6,47.71,CleanAir,0.0,safe
1136,2024-01-01T03:09:10,1.670589,1.379058,0.857845,37.27,65.98,CleanAir,0.0,safe
1137,2024-01-01T03:09:20,0.018982,0.312813,0.100537,35.15,43.29,CO,775.04,unsafe
1138,2024-01-01T03:09:30,1.675871,1.391242,0.887946,17.26,32.35,CleanAir,0.0,safe
1139,2024-01-01T03:09:40,0.502931,0.256896,0.180692,33.62,87.32,Hydrogen,2025.2,safe
1140,2024-01-01T03:09:50,0.349856,0.204936,0.149966,31.93,75.19,Alcohol,1207.9,unsafe
1141,2024-01-01T03:10:00,1.637041,1.367002,0.850398,31.69,81.77,CleanAir,0.0,safe
1142,2024-01-01T03:10:10,0.022615,0.009686,0.104162,35.08,87.05,Smoke,382.62,unsafe
1143,2024-01-01T03:10:20,1.693481,1.375273,0.870321,38.8,75.39,CleanAir,0.0,safe
1144,2024-01-01T03:10:30,0.251795,0.154689,0.003266,21.85,46.25,Alcohol,305.1,safe
1145,2024-01-01T03:10:40,0.048257,0.032509,0.119944,15.65,59.68,LPG,2027.51,unsafe
1146,2024-01-01T03:10:50,1.702355,1.400858,0.907772,35.89,49.24,CleanAir,0.0,safe
1147,2024-01-01T03:11:00,1.640777,1.354774,0.845793,16.61,54.19,CleanAir,0.0,safe
1148,2024-01-01T03:11:10,0.616281,0.260638,0.166291,22.0,62.81,Smoke,902.7,unsafe
1149,2024-01-01T03:11:20,0.74367,0.818577,0.16221,27.92,88.47,Methane,14653.03,unsafe
1150,2024-01-01T03:11:30,1.634129,1.38285,0.864718,18.19,56.77,CleanAir,0.0,safe
1151,2024-01-01T03:11:40,0.32511,0.3609,0.106041,38.41,59.9,CO,1114.13,unsafe
1152,2024-01-01T03:11:50,0.62514,0.366637,0.126708,16.82,59.39,LPG,2539.02,unsafe
1153,2024-01-01T03:12:00,1.654942,1.36268,0.849365,32.14,80.14,CleanAir,0.0,safe
1154,2024-01-01T03:12:10,1.601551,1.327571,0.823403,19.42,86.18,CleanAir,0.0,safe
1155,2024-01-01T03:12:20,0.213994,0.121824,0.054951,32.73,87.94,Smoke,95.75,unsafe
1156,2024-01-01T03:12:30,1.667957,1.399019,0.867579,22.83,49.07,CleanAir,0.0,safe
1157,2024-01-01T03:12:40,0.712495,0.025885,0.156771,20.8,85.26,Propane,2339.6,unsafe
1158,2024-01-01T03:12:50,0.364902,0.215006,0.009928,19.87,66.6,Alcohol,1503.88,unsafe
1159,2024-01-01T03:13:00,0.686974,0.405288,0.134638,22.41,80.51,LPG,3523.19,unsafe
1160,2024-01-01T03:13:10,0.771861,0.831213,0.035076,36.47,89.75,Methane,14548.23,unsafe
1161,2024-01-01T03:13:20,1.650291,1.373015,0.850799,20.18,52.34,CleanAir,0.0,safe
1162,2024-01-01T03:13:30,1.673391,1.381542,0.870135,20.95,35.68,CleanAir,0.0,safe
1163,2024-01-01T03:13:40,0.755963,0.833443,0.161885,18.01,89.26,Methane,17137.87,unsafe
1164,2024-01-01T03:13:50,1.619178,1.355655,0.852706,27.35,71.37,CleanAir,0.0,safe
1165,2024-01-01T03:14:00,0.421499,0.245878,0.094024,15.84,43.96,LPG,791.67,safe
1166,2024-01-01T03:14:10,1.698312,1.376662,0.854783,21.59,50.51,CleanAir,0.0,safe
1167,2024-01-01T03:14:20,1.687417,1.389614,0.886979,27.19,35.65,CleanAir,0.0,safe
1168,2024-01-01T03:14:30,1.612288,1.322496,0.805647,14.51,88.07,CleanAir,0.0,safe
1169,2024-01-01T03:14:40,0.30187,0.184868,0.114446,29.17,50.55,Alcohol,638.96,safe
1170,2024-01-01T03:14:50,0.662811,0.385719,0.132363,11.46,68.48,LPG,3466.67,unsafe
1171,2024-01-01T03:15:00,1.637265,1.334051,0.828654,15.82,72.85,CleanAir,0.0,safe
1172,2024-01-01T03:15:10,0.715633,0.443299,0.012948,28.97,52.72,LPG,3900.86,unsafe
1173,2024-01-01T03:15:20,0.638794,0.680643,0.141512,26.99,54.33,Methane,6873.2,unsafe
1174,2024-01-01T03:15:30,0.110935,0.368894,0.191412,33.21,38.83,Propane,3295.96,unsafe
1175,2024-01-01T03:15:40,0.625155,0.274075,0.13878,33.82,84.69,Propane,1465.38,unsafe
1176,2024-01-01T03:15:50,1.664304,1.378463,0.85632,33.02,69.84,CleanAir,0.0,safe
1177,2024-01-01T03:16:00,0.612426,0.045168,0.126736,10.97,54.17,LPG,2454.67,unsafe
1178,2024-01-01T03:16:10,1.682755,1.395246,0.888519,34.47,48.69,CleanAir,0.0,safe
1179,2024-01-01T03:16:20,1.664149,1.412693,0.92091,39.97,44.63,CleanAir,0.0,safe
1180,2024-01-01T03:16:30,1.652925,1.361984,0.850431,30.14,76.38,CleanAir,0.0,safe
1181,2024-01-01T03:16:40,0.480724,0.250388,0.172577,26.57,66.45,Hydrogen,1716.7,safe
1182,2024-01-01T03:16:50,1.68445,1.378868,0.859108,14.61,42.7,CleanAir,0.0,safe
1183,2024-01-01T03:17:00,1.672552,1.38225,0.86502,38.6,76.72,CleanAir,0.0,safe
1184,2024-01-01T03:17:10,0.385201,0.222044,0.17451,11.13,35.22,Alcohol,1644.22,unsafe
1185,2024-01-01T03:17:20,1.643133,1.361497,0.865227,37.9,89.89,CleanAir,0.0,safe
1186,2024-01-01T03:17:30,0.218566,0.373889,0.195163,39.39,49.38,Propane,3312.78,unsafe
1187,2024-01-01T03:17:40,1.657313,1.335976,0.835693,19.21,73.86,CleanAir,0.0,safe
1188,2024-01-01T03:17:50,1.658261,1.35172,0.828795,14.1,69.27,CleanAir,0.0,safe
1189,2024-01-01T03:18:00,1.644395,1.359763,0.872205,37.79,83.27,CleanAir,0.0,safe
1190,2024-01-01T03:18:10,1.674227,1.376298,0.883475,20.27,47.31,CleanAir,0.0,safe
1191,2024-01-01T03:18:20,1.636806,1.310009,0.828843,25.68,88.91,CleanAir,0.0,safe
1192,2024-01-01T03:18:30,1.711792,1.378046,0.873357,16.37,32.74,CleanAir,0.0,safe
1193,2024-01-01T03:18:40,0.837587,0.904718,0.035765,36.43,68.55,Methane,18838.92,unsafe
1194,2024-01-01T03:18:50,0.281627,0.257459,0.086987,28.35,34.91,CO,518.03,unsafe
1195,2024-01-01T03:19:00,0.025625,0.009666,0.128136,34.8,36.82,Smoke,466.09,unsafe
1196,2024-01-01T03:19:10,0.598931,0.247174,0.155471,38.06,73.24,Smoke,768.0,unsafe
1197,2024-01-01T03:19:20,1.617047,1.315128,0.832512,15.44,79.97,CleanAir,0.0,safe
1198,2024-01-01T03:19:30,0.279081,0.801421,0.022704,10.8,50.0,Methane,14024.82,unsafe
1199,2024-01-01T03:19:40,1.70785,1.430649,0.90883,36.34,43.53,CleanAir,0.0,safe
1200,2024-01-01T03:19:50,1.653075,1.310985,0.847621,24.76,74.7,CleanAir,0.0,safe
1201,2024-01-01T03:20:00,0.609563,0.248726,0.009819,20.46,77.21,Smoke,939.15,unsafe
1202,2024-01-01T03:20:10,0.60516,0.032645,0.125972,36.4,85.65,LPG,2229.46,unsafe
1203,2024-01-01T03:20:20,0.651334,0.309395,0.236937,15.75,49.17,Hydrogen,4207.35,safe
1204,2024-01-01T03:20:30,0.580465,0.239029,0.147052,13.36,54.93,Smoke,766.27,unsafe
1205,2024-01-01T03:20:40,0.688022,0.400539,0.141824,34.65,66.11,LPG,3111.63,unsafe
1206,2024-01-01T03:20:50,1.720361,1.393195,0.925701,36.13,30.73,CleanAir,0.0,safe
1207,2024-01-01T03:21:00,1.686825,1.39051,0.875587,27.51,52.8,CleanAir,0.0,safe
1208,2024-01-01T03:21:10,0.313778,0.025567,0.103789,22.73,63.91,CO,1194.21,unsafe
1209,2024-01-01T03:21:20,1.69429,1.371268,0.864026,15.03,42.58,CleanAir,0.0,safe
1210,2024-01-01T03:21:30,0.298152,0.009679,0.109609,35.63,66.71,Alcohol,551.86,safe
1211,2024-01-01T03:21:40,0.471232,0.009686,0.118808,26.27,47.9,Smoke,423.89,unsafe
1212,2024-01-01T03:21:50,1.647447,1.343426,0.835859,13.2,76.9,CleanAir,0.0,safe
1213,2024-01-01T03:22:00,0.645013,0.370659,0.129229,15.15,80.76,LPG,3089.65,unsafe
1214,2024-01-01T03:22:10,1.649439,1.327908,0.86426,13.09,55.21,CleanAir,0.0,safe
1215,2024-01-01T03:22:20,1.692359,1.406736,0.902419,33.28,44.91,CleanAir,0.0,safe
1216,2024-01-01T03:22:30,0.032362,0.016061,0.155842,30.16,58.2,Hydrogen,1237.31,safe
1217,2024-01-01T03:22:40,0.188662,0.111366,0.054405,26.98,84.99,Alcohol,125.04,safe
1218,2024-01-01T03:22:50,0.032044,0.247618,0.163645,31.8,52.14,Hydrogen,1404.31,safe
1219,2024-01-01T03:23:00,1.624435,1.356793,0.842249,33.97,87.69,CleanAir,0.0,safe
1220,2024-01-01T03:23:10,1.693919,1.362616,0.896135,36.79,66.3,CleanAir,0.0,safe
1221,2024-01-01T03:23:20,0.687982,0.025977,0.154288,20.32,58.45,Propane,1864.78,unsafe
1222,2024-01-01T03:23:30,1.622017,1.33594,0.837526,19.06,78.4,CleanAir,0.0,safe
1223,2024-01-01T03:23:40,0.382355,0.517084,0.13811,19.14,78.88,CO,3426.79,unsafe
1224,2024-01-01T03:23:50,0.26755,0.158672,0.09634,17.63,57.97,Alcohol,438.18,safe
1225,2024-01-01T03:24:00,1.637607,1.322807,0.836983,22.23,79.34,CleanAir,0.0,safe
1226,2024-01-01T03:24:10,1.690894,1.350458,0.875539,39.4,80.9,CleanAir,0.0,safe
1227,2024-01-01T03:24:20,0.795725,0.186487,0.176428,36.39,36.83,Methane,12545.83,unsafe
1228,2024-01-01T03:24:30,1.639837,1.327807,0.870154,28.75,64.24,CleanAir,0.0,safe
1229,2024-01-01T03:24:40,1.625449,1.337866,0.847156,19.76,75.62,CleanAir,0.0,safe
1230,2024-01-01T03:24:50,1.712137,1.376033,0.903247,29.12,42.76,CleanAir,0.0,safe
1231,2024-01-01T03:25:00,1.654747,1.398897,0.879015,28.98,53.42,CleanAir,0.0,safe
1232,2024-01-01T03:25:10,0.668886,0.403694,0.142355,35.49,42.41,LPG,2745.59,unsafe
1233,2024-01-01T03:25:20,0.162076,0.782981,0.162756,33.97,59.47,Methane,11312.03,unsafe
1234,2024-01-01T03:25:30,0.057675,0.34529,0.016486,17.49,75.32,LPG,2358.47,unsafe
1235,2024-01-01T03:25:40,0.041672,0.380913,0.006382,35.08,42.86,CO,1265.37,unsafe
1236,2024-01-01T03:25:50,0.362236,0.038122,0.123425,29.51,36.5,CO,1695.18,unsafe
1237,2024-01-01T03:26:00,1.639408,1.363478,0.880431,33.75,66.02,CleanAir,0.0,safe
1238,2024-01-01T03:26:10,1.676044,1.359319,0.882643,19.84,49.57,CleanAir,0.0,safe
1239,2024-01-01T03:26:20,1.626997,1.345153,0.848563,12.94,52.25,CleanAir,0.0,safe
1240,2024-01-01T03:26:30,0.045479,0.213396,0.172683,17.18,67.27,Alcohol,1786.7,unsafe
1241,2024-01-01T03:26:40,0.591003,0.295505,0.211416,32.35,37.9,Hydrogen,2508.59,safe
1242,2024-01-01T03:26:50,0.543097,0.273397,0.012666,12.71,87.53,Hydrogen,3033.31,safe
1243,2024-01-01T03:27:00,0.015892,0.009576,0.11292,15.59,41.86,Alcohol,595.67,safe
1244,2024-01-01T03:27:10,1.64767,1.30422,0.822965,12.01,70.72,CleanAir,0.0,safe
1245,2024-01-01T03:27:20,1.593408,1.300464,0.815217,13.71,86.83,CleanAir,0.0,safe
1246,2024-01-01T03:27:30,0.035372,0.012839,0.006557,31.71,35.51,Propane,724.91,safe
1247,2024-01-01T03:27:40,1.652925,1.341376,0.860167,30.17,53.93,CleanAir,0.0,safe
1248,2024-01-01T03:27:50,1.626807,1.344118,0.849733,22.47,62.58,CleanAir,0.0,safe
1249,2024-01-01T03:28:00,0.086029,0.055789,0.022284,37.77,48.9,Hydrogen,4261.41,safe
1250,2024-01-01T03:28:10,1.596396,1.319491,0.805044,16.28,88.75,CleanAir,0.0,safe
1251,2024-01-01T03:28:20,0.557822,0.338374,0.119219,18.4,39.71,LPG,1762.23,unsafe
1252,2024-01-01T03:28:30,0.634543,0.315911,0.23652,30.48,83.84,Hydrogen,4414.06,safe
1253,2024-01-01T03:28:40,1.596612,1.315329,0.823695,20.6,82.05,CleanAir,0.0,safe
1254,2024-01-01T03:28:50,1.640525,1.35472,0.840469,16.45,66.92,CleanAir,0.0,safe
1255,2024-01-01T03:29:00,0.252128,0.009484,0.003264,34.69,45.92,CO,346.31,unsafe
1256,2024-01-01T03:29:10,0.052178,0.216547,0.170743,31.52,77.77,Alcohol,1675.14,unsafe
1257,2024-01-01T03:29:20,1.671848,1.370511,0.858696,36.41,73.31,CleanAir,0.0,safe
1258,2024-01-01T03:29:30,0.067454,0.328489,0.25089,21.45,51.0,Hydrogen,4725.13,safe
1259,2024-01-01T03:29:40,1.638738,1.346014,0.839229,17.97,50.0,CleanAir,0.0,safe
1260,2024-01-01T03:29:50,1.622985,1.34314,0.85293,24.09,70.43,CleanAir,0.0,safe
1261,2024-01-01T03:30:00,1.650887,1.35524,0.863821,13.83,40.81,CleanAir,0.0,safe
1262,2024-01-01T03:30:10,0.277515,0.150246,0.069872,34.02,36.63,Smoke,134.7,unsafe
1263,2024-01-01T03:30:20,1.597712,1.278971,0.818179,11.78,83.73,CleanAir,0.0,safe
1264,2024-01-01T03:30:30,1.618603,1.337705,0.844385,27.8,87.41,CleanAir,0.0,safe
1265,2024-01-01T03:30:40,0.052051,0.295333,0.02578,19.8,35.14,Hydrogen,2982.77,safe
1266,2024-01-01T03:30:50,1.671348,1.356274,0.878774,30.19,56.4,CleanAir,0.0,safe
1267,2024-01-01T03:31:00,1.709451,1.400324,0.892235,33.26,36.4,CleanAir,0.0,safe
1268,2024-01-01T03:31:10,1.616745,1.342271,0.835103,26.23,78.15,CleanAir,0.0,safe
1269,2024-01-01T03:31:20,0.022071,0.186307,0.098093,27.98,69.07,Propane,467.87,safe
1270,2024-01-01T03:31:30,0.636219,0.035109,0.228447,25.75,51.8,Hydrogen,3833.71,safe
1271,2024-01-01T03:31:40,0.657164,0.085913,0.144619,16.42,71.65,Methane,9302.22,unsafe
1272,2024-01-01T03:31:50,0.810552,0.321071,0.173696,11.06,50.96,Propane,3007.69,unsafe
1273,2024-01-01T03:32:00,1.667406,1.358884,0.850359,22.17,60.63,CleanAir,0.0,safe
1274,2024-01-01T03:32:10,0.473931,0.213431,0.006454,36.72,54.41,Smoke,455.69,unsafe
1275,2024-01-01T03:32:20,0.106962,0.025914,0.125278,37.65,73.22,LPG,2170.63,unsafe
1276,2024-01-01T03:32:30,1.599945,1.34744,0.847016,28.55,75.46,CleanAir,0.0,safe
1277,2024-01-01T03:32:40,0.855734,0.357377,0.016111,33.2,88.05,Propane,4036.68,unsafe
1278,2024-01-01T03:32:50,1.693819,1.378214,0.883299,26.06,40.13,CleanAir,0.0,safe
1279,2024-01-01T03:33:00,0.057648,0.222877,0.14879,10.85,78.11,Hydrogen,1499.15,safe
1280,2024-01-01T03:33:10,0.097889,0.296389,0.019408,10.51,67.17,Hydrogen,4190.23,safe
1281,2024-01-01T03:33:20,1.592309,1.320992,0.860168,22.93,72.76,CleanAir,0.0,safe
1282,2024-01-01T03:33:30,0.567359,0.276607,0.198478,10.53,81.56,Hydrogen,3408.95,safe
1283,2024-01-01T03:33:40,0.508917,0.009613,0.134954,33.96,50.75,Smoke,541.15,unsafe
1284,2024-01-01T03:33:50,0.019553,0.193232,0.119758,20.67,33.07,Hydrogen,598.45,safe
1285,2024-01-01T03:34:00,0.651071,0.039467,0.128832,10.18,81.29,LPG,3440.19,unsafe
1286,2024-01-01T03:34:10,0.742509,0.442794,0.147535,10.59,65.21,LPG,4997.49,unsafe
1287,2024-01-01T03:34:20,1.656134,1.324368,0.836043,21.71,71.21,CleanAir,0.0,safe
1288,2024-01-01T03:34:30,0.474351,0.282239,0.108145,39.64,74.19,LPG,1152.15,unsafe
1289,2024-01-01T03:34:40,0.5343,0.235059,0.009821,22.57,31.53,Smoke,610.38,unsafe
1290,2024-01-01T03:34:50,1.689268,1.386262,0.874673,38.07,66.2,CleanAir,0.0,safe
1291,2024-01-01T03:35:00,0.435729,0.012742,0.15101,28.06,55.73,Hydrogen,1199.23,safe
1292,2024-01-01T03:35:10,0.345672,0.035757,0.116986,37.04,75.57,CO,1765.51,unsafe
1293,2024-01-01T03:35:20,1.61483,1.298314,0.810588,16.97,87.03,CleanAir,0.0,safe
1294,2024-01-01T03:35:30,1.713682,1.418945,0.911706,33.47,31.92,CleanAir,0.0,safe
1295,2024-01-01T03:35:40,1.69436,1.423371,0.903307,38.62,36.05,CleanAir,0.0,safe
1296,2024-01-01T03:35:50,1.657117,1.366931,0.874282,15.46,33.14,CleanAir,0.0,safe
1297,2024-01-01T03:36:00,1.681203,1.384556,0.888125,27.04,40.0,CleanAir,0.0,safe
1298,2024-01-01T03:36:10,0.66909,0.396919,0.135327,11.77,78.96,LPG,3757.21,unsafe
1299,2024-01-01T03:36:20,0.264135,0.006488,0.083879,14.99,68.14,Hydrogen,310.06,safe
1300,2024-01-01T03:36:30,0.111638,0.380006,0.202325,31.04,44.02,Propane,3868.91,unsafe
1301,2024-01-01T03:36:40,1.695335,1.384717,0.871305,18.44,37.47,CleanAir,0.0,safe
1302,2024-01-01T03:36:50,1.689516,1.369967,0.877159,17.06,33.17,CleanAir,0.0,safe
1303,2024-01-01T03:37:00,0.086804,0.34001,0.022391,24.06,82.64,Propane,3599.88,unsafe
1304,2024-01-01T03:37:10,1.729065,1.413203,0.928908,39.03,36.48,CleanAir,0.0,safe
1305,2024-01-01T03:37:20,0.805239,0.33418,0.177825,16.81,35.02,Propane,2739.91,unsafe
1306,2024-01-01T03:37:30,1.64655,1.314523,0.808856,10.09,71.42,CleanAir,0.0,safe
1307,2024-01-01T03:37:40,1.636133,1.379704,0.866943,39.83,78.1,CleanAir,0.0,safe
1308,2024-01-01T03:37:50,1.663996,1.416001,0.896536,35.66,43.99,CleanAir,0.0,safe
1309,2024-01-01T03:38:00,1.673023,1.36116,0.873088,33.94,68.04,CleanAir,0.0,safe
1310,2024-01-01T03:38:10,1.679415,1.380144,0.870625,31.3,55.42,CleanAir,0.0,safe
1311,2024-01-01T03:38:20,1.655949,1.366528,0.877501,27.86,52.19,CleanAir,0.0,safe
1312,2024-01-01T03:38:30,0.054339,0.330012,0.119504,22.88,57.27,LPG,1870.74,unsafe
1313,2024-01-01T03:38:40,0.16887,0.401747,0.215446,26.06,48.76,Propane,4879.16,unsafe
1314,2024-01-01T03:38:50,0.530689,0.239807,0.121455,30.82,58.43,Propane,929.35,safe
1315,2024-01-01T03:39:00,1.633973,1.349393,0.840287,10.7,54.73,CleanAir,0.0,safe
1316,2024-01-01T03:39:10,0.285732,0.307916,0.095379,15.64,67.01,CO,909.51,unsafe
1317,2024-01-01T03:39:20,1.627696,1.293317,0.816471,15.18,86.63,CleanAir,0.0,safe
1318,2024-01-01T03:39:30,0.300209,0.324991,0.100387,15.98,44.86,CO,982.67,unsafe
1319,2024-01-01T03:39:40,1.611973,1.336385,0.833391,17.37,67.43,CleanAir,0.0,safe
1320,2024-01-01T03:39:50,1.697745,1.423706,0.899288,33.76,34.65,CleanAir,0.0,safe
1321,2024-01-01T03:40:00,0.415264,0.019238,0.09382,38.01,85.37,LPG,863.04,safe
1322,2024-01-01T03:40:10,0.463248,0.237552,0.15606,24.42,64.53,Hydrogen,1461.62,safe
1323,2024-01-01T03:40:20,0.731595,0.444425,0.016113,29.06,30.0,LPG,3593.33,unsafe
1324,2024-01-01T03:40:30,1.653125,1.345511,0.839973,25.44,79.42,CleanAir,0.0,safe
1325,2024-01-01T03:40:40,1.668613,1.363049,0.908265,35.6,41.0,CleanAir,0.0,safe
1326,2024-01-01T03:40:50,0.55813,0.019624,0.022686,26.48,82.84,Hydrogen,2813.86,safe
1327,2024-01-01T03:41:00,0.074038,0.426337,0.147703,14.23,67.18,LPG,4463.35,unsafe
1328,2024-01-01T03:41:10,0.646276,0.664207,0.140572,39.35,89.55,Methane,7231.93,unsafe
1329,2024-01-01T03:41:20,0.019331,0.191547,0.003274,31.8,70.56,Smoke,346.84,unsafe
1330,2024-01-01T03:41:30,1.666674,1.370839,0.858407,22.18,41.41,CleanAir,0.0,safe
1331,2024-01-01T03:41:40,1.625925,1.314998,0.850469,38.8,87.39,CleanAir,0.0,safe
1332,2024-01-01T03:41:50,1.657451,1.349736,0.861929,22.4,50.18,CleanAir,0.0,safe
1333,2024-01-01T03:42:00,1.687812,1.404531,0.900963,29.07,38.72,CleanAir,0.0,safe
1334,2024-01-01T03:42:10,1.617604,1.308545,0.826716,13.35,83.52,CleanAir,0.0,safe
1335,2024-01-01T03:42:20,0.596396,0.361647,0.125675,11.2,55.97,LPG,2565.93,unsafe
1336,2024-01-01T03:42:30,0.339837,0.009763,0.112793,37.68,42.01,Hydrogen,475.3,safe
1337,2024-01-01T03:42:40,0.571184,0.035193,0.009464,29.49,68.77,LPG,1878.26,unsafe
1338,2024-01-01T03:42:50,1.681097,1.362979,0.867119,29.54,59.42,CleanAir,0.0,safe
1339,2024-01-01T03:43:00,0.476062,0.214815,0.006421,26.38,64.08,Smoke,495.59,unsafe
1340,2024-01-01T03:43:10,0.268778,0.163018,0.003238,38.48,61.76,Alcohol,361.93,safe
1341,2024-01-01T03:43:20,1.648769,1.384989,0.853425,13.74,37.56,CleanAir,0.0,safe
1342,2024-01-01T03:43:30,1.605584,1.340167,0.823531,23.81,85.14,CleanAir,0.0,safe
1343,2024-01-01T03:43:40,1.623685,1.357722,0.867698,29.3,57.06,CleanAir,0.0,safe
1344,2024-01-01T03:43:50,0.041602,0.231649,0.153626,12.91,72.96,Hydrogen,1496.31,safe
1345,2024-01-01T03:44:00,0.573455,0.247202,0.156087,18.28,52.69,Smoke,785.31,unsafe
1346,2024-01-01T03:44:10,0.019617,0.185183,0.003232,16.54,88.21,Smoke,381.73,unsafe
1347,2024-01-01T03:44:20,1.706654,1.424443,0.906092,39.58,45.19,CleanAir,0.0,safe
1348,2024-01-01T03:44:30,0.617277,0.299057,0.224541,16.4,62.93,Hydrogen,3897.84,safe
1349,2024-01-01T03:44:40,0.022436,0.01297,0.006434,14.86,78.85,Propane,630.43,safe
1350,2024-01-01T03:44:50,0.28933,0.172583,0.006557,22.29,82.89,Alcohol,750.51,safe
1351,2024-01-01T03:45:00,0.099943,0.327478,0.168916,28.67,75.59,Propane,2752.12,unsafe
1352,2024-01-01T03:45:10,1.665793,1.407744,0.899955,30.36,39.53,CleanAir,0.0,safe
1353,2024-01-01T03:45:20,0.095069,0.038382,0.157011,37.22,49.34,LPG,3941.85,unsafe
1354,2024-01-01T03:45:30,0.022856,0.19276,0.003277,25.16,83.09,Smoke,379.26,unsafe
1355,2024-01-01T03:45:40,1.711187,1.395914,0.914175,28.76,36.53,CleanAir,0.0,safe
1356,2024-01-01T03:45:50,1.66011,1.393043,0.872388,29.81,51.53,CleanAir,0.0,safe
1357,2024-01-01T03:46:00,0.009685,0.148987,0.074968,30.66,69.82,Smoke,162.82,unsafe
1358,2024-01-01T03:46:10,1.629744,1.335233,0.841546,14.4,55.01,CleanAir,0.0,safe
1359,2024-01-01T03:46:20,1.651986,1.349246,0.830272,18.68,80.13,CleanAir,0.0,safe
1360,2024-01-01T03:46:30,1.682078,1.380999,0.882944,22.22,42.48,CleanAir,0.0,safe
1361,2024-01-01T03:46:40,1.614795,1.339349,0.807921,13.45,74.36,CleanAir,0.0,safe
1362,2024-01-01T03:46:50,0.253079,0.242499,0.079807,25.5,85.2,CO,556.96,unsafe
1363,2024-01-01T03:47:00,0.253667,0.153113,0.006327,14.76,77.75,Alcohol,435.58,safe
1364,2024-01-01T03:47:10,0.755366,0.257097,0.019747,22.78,50.22,Methane,12369.33,unsafe
1365,2024-01-01T03:47:20,0.377744,0.016213,0.179768,16.62,69.38,Alcohol,1838.63,unsafe
1366,2024-01-01T03:47:30,1.630749,1.322205,0.831341,21.71,86.63,CleanAir,0.0,safe
1367,2024-01-01T03:47:40,1.672209,1.386965,0.900782,28.4,34.52,CleanAir,0.0,safe
1368,2024-01-01T03:47:50,0.377423,0.0231,0.019401,20.28,70.52,Alcohol,1717.41,unsafe
1369,2024-01-01T03:48:00,0.760365,0.812634,0.17222,22.75,38.91,Methane,12378.87,unsafe
1370,2024-01-01T03:48:10,0.711359,0.425972,0.146844,10.08,39.6,LPG,3769.28,unsafe
1371,2024-01-01T03:48:20,0.01968,0.16629,0.105719,26.73,56.16,Alcohol,499.7,safe
1372,2024-01-01T03:48:30,0.8189,0.236748,0.187629,35.38,64.07,Methane,18562.7,unsafe
1373,2024-01-01T03:48:40,1.630919,1.39747,0.87356,32.88,69.09,CleanAir,0.0,safe
1374,2024-01-01T03:48:50,0.060854,0.041742,0.224055,22.06,50.72,Hydrogen,3386.55,safe
1375,2024-01-01T03:49:00,1.60685,1.318415,0.837158,11.6,67.51,CleanAir,0.0,safe
1376,2024-01-01T03:49:10,0.328977,0.382519,0.117319,36.64,35.37,CO,1155.12,unsafe
1377,2024-01-01T03:49:20,0.016158,0.167855,0.003209,11.71,70.2,Propane,383.31,safe
1378,2024-01-01T03:49:30,1.642643,1.336095,0.859156,14.68,49.76,CleanAir,0.0,safe
1379,2024-01-01T03:49:40,0.452122,0.23639,0.158978,23.04,38.0,Hydrogen,1235.02,safe
1380,2024-01-01T03:49:50,0.392862,0.243889,0.094157,33.05,75.26,LPG,743.64,safe
1381,2024-01-01T03:50:00,0.308934,0.350402,0.006391,18.07,38.71,CO,1070.09,unsafe
1382,2024-01-01T03:50:10,0.233394,0.220154,0.07449,16.69,88.66,CO,471.05,unsafe
1383,2024-01-01T03:50:20,1.613445,1.346628,0.879486,14.95,58.42,CleanAir,0.0,safe
1384,2024-01-01T03:50:30,1.660321,1.386943,0.885981,31.99,53.13,CleanAir,0.0,safe
1385,2024-01-01T03:50:40,0.567474,0.019479,0.13685,39.42,38.97,Propane,939.21,safe
1386,2024-01-01T03:50:50,0.120342,0.080864,0.161036,22.43,49.1,LPG,4739.31,unsafe
1387,2024-01-01T03:51:00,0.423239,0.015749,0.094568,15.74,77.85,LPG,991.73,safe
1388,2024-01-01T03:51:10,1.679671,1.425949,0.920639,28.63,32.14,CleanAir,0.0,safe
1389,2024-01-01T03:51:20,1.672573,1.408254,0.915282,32.38,32.8,CleanAir,0.0,safe
1390,2024-01-01T03:51:30,1.649559,1.360634,0.879144,32.04,57.26,CleanAir,0.0,safe
1391,2024-01-01T03:51:40,0.565517,0.296683,0.210203,21.56,31.01,Hydrogen,2563.99,safe
1392,2024-01-01T03:51:50,0.29838,0.006481,0.100268,34.26,64.04,Hydrogen,378.17,safe
1393,2024-01-01T03:52:00,0.274198,0.287972,0.09077,12.06,77.43,CO,857.76,unsafe
1394,2024-01-01T03:52:10,1.625436,1.312521,0.814138,12.78,85.19,CleanAir,0.0,safe
1395,2024-01-01T03:52:20,0.133762,0.404554,0.016084,39.04,46.86,LPG,2617.39,unsafe
1396,2024-01-01T03:52:30,1.598422,1.3342,0.84892,18.5,79.45,CleanAir,0.0,safe
1397,2024-01-01T03:52:40,0.009821,0.006393,0.068527,39.62,47.41,CO,188.4,unsafe
1398,2024-01-01T03:52:50,1.690103,1.405806,0.912421,27.76,40.82,CleanAir,0.0,safe
1399,2024-01-01T03:53:00,0.356094,0.434277,0.125683,17.11,37.26,CO,1991.64,unsafe
1400,2024-01-01T03:53:10,0.906608,0.374111,0.201333,22.82,33.44,Propane,3714.22,unsafe
1401,2024-01-01T03:53:20,0.632539,0.314009,0.019382,28.21,74.63,Hydrogen,4241.62,safe
1402,2024-01-01T03:53:30,0.35767,0.006471,0.003182,25.43,45.87,Smoke,252.39,unsafe
1403,2024-01-01T03:53:40,1.676877,1.417023,0.931671,36.86,34.96,CleanAir,0.0,safe
1404,2024-01-01T03:53:50,0.058338,0.287766,0.156351,34.67,34.96,Propane,1460.24,unsafe
1405,2024-01-01T03:54:00,1.639949,1.364987,0.863763,36.49,80.69,CleanAir,0.0,safe
1406,2024-01-01T03:54:10,0.346834,0.193942,0.114263,16.93,66.34,Hydrogen,685.33,safe
1407,2024-01-01T03:54:20,1.639588,1.351391,0.890539,30.84,57.99,CleanAir,0.0,safe
1408,2024-01-01T03:54:30,1.625735,1.367611,0.863462,27.35,74.36,CleanAir,0.0,safe
1409,2024-01-01T03:54:40,0.319207,0.009771,0.107377,29.57,37.5,Hydrogen,432.89,safe
1410,2024-01-01T03:54:50,0.747336,0.061105,0.15457,20.77,61.74,LPG,4732.57,unsafe
1411,2024-01-01T03:55:00,1.596086,1.35419,0.841312,23.73,82.74,CleanAir,0.0,safe
1412,2024-01-01T03:55:10,0.063405,0.019275,0.1494,15.86,84.52,Propane,2046.85,unsafe
1413,2024-01-01T03:55:20,1.080739,0.049061,0.253279,25.2,33.58,Propane,7151.13,unsafe
1414,2024-01-01T03:55:30,0.60889,0.095568,0.142535,27.5,30.07,Methane,5019.77,unsafe
1415,2024-01-01T03:55:40,0.341007,0.806979,0.163057,28.68,82.78,Methane,13629.69,unsafe
1416,2024-01-01T03:55:50,0.368201,0.016181,0.17191,22.64,73.82,Alcohol,1810.41,unsafe
1417,2024-01-01T03:56:00,0.0767,0.04247,0.131352,28.06,88.57,LPG,2980.47,unsafe
1418,2024-01-01T03:56:10,1.631514,1.379291,0.869514,17.36,47.29,CleanAir,0.0,safe
1419,2024-01-01T03:56:20,1.619749,1.35473,0.854667,10.17,44.67,CleanAir,0.0,safe
1420,2024-01-01T03:56:30,0.199392,0.003251,0.003177,29.08,48.94,Alcohol,139.22,safe
1421,2024-01-01T03:56:40,0.809953,0.347348,0.186059,24.86,55.66,Propane,3183.07,unsafe
1422,2024-01-01T03:56:50,1.693744,1.369032,0.87891,19.84,31.01,CleanAir,0.0,safe
1423,2024-01-01T03:57:00,1.591289,1.311106,0.832104,12.91,78.52,CleanAir,0.0,safe
1424,2024-01-01T03:57:10,1.669381,1.401823,0.882947,33.44,42.76,CleanAir,0.0,safe
1425,2024-01-01T03:57:20,0.27739,0.836823,0.168258,28.57,63.6,Methane,14100.56,unsafe
1426,2024-01-01T03:57:30,0.068485,0.323023,0.165286,25.29,45.71,Propane,2385.06,unsafe
1427,2024-01-01T03:57:40,0.332408,0.382182,0.114175,33.57,35.48,CO,1227.36,unsafe
1428,2024-01-01T03:57:50,0.294025,0.012886,0.118746,23.03,82.02,Alcohol,795.02,safe
1429,2024-01-01T03:58:00,0.025655,0.352482,0.103275,26.11,75.85,CO,1257.46,unsafe
1430,2024-01-01T03:58:10,1.642275,1.364048,0.846618,20.88,54.01,CleanAir,0.0,safe
1431,2024-01-01T03:58:20,0.759738,0.038545,0.164206,34.3,82.77,Propane,2596.5,unsafe
1432,2024-01-01T03:58:30,1.700396,1.419372,0.893997,35.43,30.65,CleanAir,0.0,safe
1433,2024-01-01T03:58:40,1.658354,1.327739,0.856849,39.93,81.36,CleanAir,0.0,safe
1434,2024-01-01T03:58:50,0.025429,0.012972,0.012839,37.32,50.47,Alcohol,1134.89,unsafe
1435,2024-01-01T03:59:00,0.022761,0.032099,0.113478,22.38,32.11,CO,1339.58,unsafe
1436,2024-01-01T03:59:10,1.64487,1.359628,0.853381,39.13,72.59,CleanAir,0.0,safe
1437,2024-01-01T03:59:20,1.637916,1.341389,0.841067,37.01,89.97,CleanAir,0.0,safe
1438,2024-01-01T03:59:30,1.652213,1.357028,0.848351,14.88,40.97,CleanAir,0.0,safe
1439,2024-01-01T03:59:40,0.019089,0.009762,0.118383,35.43,42.11,Hydrogen,570.06,safe
1440,2024-01-01T03:59:50,0.593706,0.300446,0.218782,25.41,69.87,Hydrogen,3636.73,safe
1441,2024-01-01T04:00:00,0.133813,0.356588,0.186358,22.81,83.58,Propane,4046.88,unsafe
1442,2024-01-01T04:00:10,1.62249,1.323134,0.849892,24.31,76.48,CleanAir,0.0,safe
1443,2024-01-01T04:00:20,0.520847,0.013121,0.138457,35.25,73.27,Smoke,625.21,unsafe
1444,2024-01-01T04:00:30,1.698031,1.406262,0.878339,31.01,48.23,CleanAir,0.0,safe
1445,2024-01-01T04:00:40,0.726997,0.807205,0.16203,12.37,76.69,Methane,15245.09,unsafe
1446,2024-01-01T04:00:50,0.022491,0.173934,0.006424,29.05,85.31,Alcohol,749.18,safe
1447,2024-01-01T04:01:00,0.045344,0.266714,0.01299,28.86,60.5,Hydrogen,2148.1,safe
1448,2024-01-01T04:01:10,0.879235,0.035331,0.199243,18.09,64.79,Propane,4484.83,unsafe
1449,2024-01-01T04:01:20,0.064374,0.281451,0.180109,36.21,32.76,Smoke,939.95,unsafe
1450,2024-01-01T04:01:30,1.571387,1.300214,0.825991,15.13,89.97,CleanAir,0.0,safe
1451,2024-01-01T04:01:40,0.019557,0.174842,0.00639,22.86,80.03,Alcohol,801.95,safe
1452,2024-01-01T04:01:50,0.105399,0.841521,0.170473,25.01,54.03,Methane,14437.96,unsafe
1453,2024-01-01T04:02:00,0.631632,0.031742,0.009709,25.96,74.99,LPG,2736.73,unsafe
1454,2024-01-01T04:02:10,0.039179,0.241572,0.154378,12.5,72.67,Smoke,914.2,unsafe
1455,2024-01-01T04:02:20,1.621689,1.367791,0.838239,20.18,66.23,CleanAir,0.0,safe
1456,2024-01-01T04:02:30,1.64221,1.355717,0.845364,19.74,62.26,CleanAir,0.0,safe
1457,2024-01-01T04:02:40,1.647015,1.339452,0.845452,14.23,54.06,CleanAir,0.0,safe
1458,2024-01-01T04:02:50,1.645948,1.352386,0.864869,22.89,59.53,CleanAir,0.0,safe
1459,2024-01-01T04:03:00,0.294159,0.022799,0.098953,32.62,73.93,CO,1013.72,unsafe
1460,2024-01-01T04:03:10,0.009577,0.006474,0.061596,22.47,53.24,CO,184.94,unsafe
1461,2024-01-01T04:03:20,0.308084,0.341492,0.104243,13.88,30.64,CO,1081.13,unsafe
1462,2024-01-01T04:03:30,0.600703,0.249389,0.158614,16.88,70.23,Smoke,929.53,unsafe
1463,2024-01-01T04:03:40,1.603856,1.321572,0.822557,11.53,78.56,CleanAir,0.0,safe
1464,2024-01-01T04:03:50,1.686293,1.401887,0.900476,36.24,36.26,CleanAir,0.0,safe
1465,2024-01-01T04:04:00,1.628656,1.333592,0.839389,18.3,71.15,CleanAir,0.0,safe
1466,2024-01-01T04:04:10,1.677276,1.383171,0.83711,29.14,65.69,CleanAir,0.0,safe
1467,2024-01-01T04:04:20,1.666127,1.354507,0.835762,32.88,84.7,CleanAir,0.0,safe
1468,2024-01-01T04:04:30,0.044979,0.245907,0.155816,12.0,65.92,Smoke,890.86,unsafe
1469,2024-01-01T04:04:40,1.648485,1.348316,0.846196,26.75,69.95,CleanAir,0.0,safe
1470,2024-01-01T04:04:50,0.016197,0.17042,0.090506,28.85,82.16,Smoke,278.82,unsafe
1471,2024-01-01T04:05:00,0.418904,0.241069,0.192403,39.71,31.16,Alcohol,1744.21,unsafe
1472,2024-01-01T04:05:10,1.603201,1.336881,0.816334,15.33,60.92,CleanAir,0.0,safe
1473,2024-01-01T04:05:20,1.704294,1.38292,0.862145,34.27,56.36,CleanAir,0.0,safe
1474,2024-01-01T04:05:30,0.354053,0.412885,0.006434,38.77,39.69,CO,1513.58,unsafe
1475,2024-01-01T04:05:40,0.013096,0.232612,0.081167,33.45,55.14,CO,432.11,unsafe
1476,2024-01-01T04:05:50,0.329508,0.029019,0.110281,20.48,43.9,CO,1411.1,unsafe
1477,2024-01-01T04:06:00,0.06825,0.269245,0.140126,17.78,88.77,Propane,1911.79,unsafe
1478,2024-01-01T04:06:10,1.734945,1.395549,0.891671,38.72,34.99,CleanAir,0.0,safe
1479,2024-01-01T04:06:20,1.688017,1.377331,0.868181,14.27,33.11,CleanAir,0.0,safe
1480,2024-01-01T04:06:30,0.759716,0.451542,0.155553,33.57,74.47,LPG,4847.2,unsafe
1481,2024-01-01T04:06:40,1.663557,1.385345,0.873534,21.38,31.86,CleanAir,0.0,safe
1482,2024-01-01T04:06:50,0.041479,0.250892,0.157346,34.98,68.19,Smoke,832.33,unsafe
1483,2024-01-01T04:07:00,0.35049,0.00964,0.115751,11.98,80.3,Hydrogen,786.21,safe
1484,2024-01-01T04:07:10,1.595831,1.308189,0.808417,16.92,83.34,CleanAir,0.0,safe
1485,2024-01-01T04:07:20,1.618436,1.311248,0.829243,23.88,77.7,CleanAir,0.0,safe
1486,2024-01-01T04:07:30,0.003161,0.003221,0.044853,32.47,68.42,CO,75.77,unsafe
1487,2024-01-01T04:07:40,0.943213,0.3967,0.209953,37.78,47.23,Propane,4370.7,unsafe
1488,2024-01-01T04:07:50,0.012945,0.160462,0.006432,28.18,57.61,Alcohol,410.98,safe
1489,2024-01-01T04:08:00,1.684485,1.380046,0.894761,31.55,40.6,CleanAir,0.0,safe
1490,2024-01-01T04:08:10,0.330881,0.032462,0.009799,23.49,79.44,CO,1815.53,unsafe
1491,2024-01-01T04:08:20,1.645667,1.347842,0.836102,13.87,42.34,CleanAir,0.0,safe
1492,2024-01-01T04:08:30,1.656952,1.338005,0.842544,18.31,49.39,CleanAir,0.0,safe
1493,2024-01-01T04:08:40,0.297766,0.331744,0.098269,10.2,83.08,CO,1317.28,unsafe
1494,2024-01-01T04:08:50,1.669534,1.412684,0.879638,39.25,45.59,CleanAir,0.0,safe
1495,2024-01-01T04:09:00,1.632858,1.3144,0.834641,15.74,65.97,CleanAir,0.0,safe
1496,2024-01-01T04:09:10,0.643387,0.653267,0.144269,23.49,49.13,Methane,6793.8,unsafe
1497,2024-01-01T04:09:20,1.692347,1.381726,0.880006,25.66,32.05,CleanAir,0.0,safe
1498,2024-01-01T04:09:30,0.547133,0.319741,0.114348,30.29,57.36,LPG,1699.08,unsafe
1499,2024-01-01T04:09:40,1.672501,1.32741,0.84706,12.95,43.95,CleanAir,0.0,safe
1500,2024-01-01T04:09:50,0.854691,0.343047,0.180051,23.23,74.69,Propane,3666.89,unsafe
1501,2024-01-01T04:10:00,1.632041,1.359765,0.85212,10.49,30.94,CleanAir,0.0,safe
1502,2024-01-01T04:10:10,1.667945,1.360085,0.869115,30.65,53.07,CleanAir,0.0,safe
1503,2024-01-01T04:10:20,0.174842,0.048023,0.205284,27.4,62.61,Propane,4586.78,unsafe
1504,2024-01-01T04:10:30,1.676926,1.350687,0.8818,24.7,34.11,CleanAir,0.0,safe
1505,2024-01-01T04:10:40,0.521416,0.260916,0.012867,37.91,74.89,Hydrogen,2113.14,safe
1506,2024-01-01T04:10:50,0.88038,0.360586,0.199676,23.26,75.82,Propane,4688.33,unsafe
1507,2024-01-01T04:11:00,0.273359,0.74345,0.019279,33.89,50.96,Methane,9338.75,unsafe
1508,2024-01-01T04:11:10,1.66188,1.35761,0.868966,26.66,51.73,CleanAir,0.0,safe
1509,2024-01-01T04:11:20,0.6658,0.281769,0.150147,22.04,87.6,Propane,2110.1,unsafe
1510,2024-01-01T04:11:30,0.620463,0.308606,0.016205,37.71,37.72,Hydrogen,3008.75,safe
1511,2024-01-01T04:11:40,0.042228,0.256675,0.162739,29.97,44.31,Smoke,820.76,unsafe
1512,2024-01-01T04:11:50,0.640978,0.264254,0.140999,14.85,71.7,Propane,1717.81,unsafe
1513,2024-01-01T04:12:00,1.659403,1.37942,0.87553,28.83,46.09,CleanAir,0.0,safe
1514,2024-01-01T04:12:10,0.862466,0.042098,0.016139,25.32,68.91,Propane,3904.62,unsafe
1515,2024-01-01T04:12:20,0.029242,0.016077,0.10256,19.81,48.63,LPG,1074.3,unsafe
1516,2024-01-01T04:12:30,0.517575,0.215937,0.132682,11.42,77.27,Smoke,689.16,unsafe
1517,2024-01-01T04:12:40,0.015869,0.019485,0.093841,34.36,41.22,CO,676.41,unsafe
1518,2024-01-01T04:12:50,1.638805,1.341573,0.857485,36.43,77.36,CleanAir,0.0,safe
1519,2024-01-01T04:13:00,0.630569,0.114336,0.14058,18.82,66.49,Methane,7834.78,unsafe
1520,2024-01-01T04:13:10,1.618626,1.338834,0.847445,20.71,61.49,CleanAir,0.0,safe
1521,2024-01-01T04:13:20,0.13227,0.042035,0.217853,36.12,65.95,Hydrogen,3316.24,safe
1522,2024-01-01T04:13:30,1.619887,1.307468,0.824918,10.52,60.62,CleanAir,0.0,safe
1523,2024-01-01T04:13:40,0.579425,0.288876,0.026132,19.8,70.07,Hydrogen,3461.09,safe
1524,2024-01-01T04:13:50,0.325886,0.013017,0.006481,22.86,62.8,Alcohol,1004.01,unsafe
1525,2024-01-01T04:14:00,0.744112,0.313973,0.167693,34.74,80.43,Propane,2555.2,unsafe
1526,2024-01-01T04:14:10,0.573709,0.343247,0.015936,16.63,71.47,LPG,2340.9,unsafe
1527,2024-01-01T04:14:20,1.626879,1.316224,0.824916,20.11,80.79,CleanAir,0.0,safe
1528,2024-01-01T04:14:30,0.332807,0.188241,0.14052,16.74,61.53,Alcohol,1101.4,unsafe
1529,2024-01-01T04:14:40,0.542319,0.029195,0.116072,26.35,65.59,LPG,1731.87,unsafe
1530,2024-01-01T04:14:50,1.64383,1.327996,0.861869,39.43,81.34,CleanAir,0.0,safe
1531,2024-01-01T04:15:00,0.667048,0.12485,0.145009,20.6,86.12,Methane,10328.35,unsafe
1532,2024-01-01T04:15:10,1.616506,1.317528,0.838988,32.71,84.19,CleanAir,0.0,safe
1533,2024-01-01T04:15:20,0.491333,0.214771,0.12957,18.25,67.95,Smoke,592.12,unsafe
1534,2024-01-01T04:15:30,0.512583,0.22404,0.135962,15.89,73.47,Smoke,689.06,unsafe
1535,2024-01-01T04:15:40,1.705548,1.375483,0.900888,38.61,36.02,CleanAir,0.0,safe
1536,2024-01-01T04:15:50,1.70887,1.393219,0.899772,38.82,44.4,CleanAir,0.0,safe
1537,2024-01-01T04:16:00,0.130007,0.057712,0.136784,14.19,70.99,LPG,3663.12,unsafe
1538,2024-01-01T04:16:10,0.287963,0.148659,0.003216,28.65,53.24,Smoke,168.44,unsafe
1539,2024-01-01T04:16:20,0.614955,0.022799,0.00978,32.14,83.94,Propane,1592.22,unsafe
1540,2024-01-01T04:16:30,0.305656,0.367824,0.009727,20.32,89.17,CO,1561.99,unsafe
1541,2024-01-01T04:16:40,1.631508,1.332335,0.852774,28.11,75.05,CleanAir,0.0,safe
1542,2024-01-01T04:16:50,0.652611,0.693386,0.141076,13.57,82.0,Methane,9741.3,unsafe
1543,2024-01-01T04:17:00,1.652101,1.376551,0.875945,36.74,53.7,CleanAir,0.0,safe
1544,2024-01-01T04:17:10,0.400598,0.025553,0.015818,20.28,39.11,Alcohol,1943.74,unsafe
1545,2024-01-01T04:17:20,0.317212,0.019337,0.006418,28.2,41.61,CO,973.28,unsafe
1546,2024-01-01T04:17:30,0.326361,0.189623,0.006432,25.86,66.17,Alcohol,968.58,safe
1547,2024-01-01T04:17:40,1.685019,1.361628,0.863972,37.61,65.15,CleanAir,0.0,safe
1548,2024-01-01T04:17:50,1.610202,1.328623,0.844043,24.81,67.08,CleanAir,0.0,safe
1549,2024-01-01T04:18:00,1.6647,1.366708,0.865149,35.02,60.51,CleanAir,0.0,safe
1550,2024-01-01T04:18:10,0.551134,0.234486,0.147249,34.73,89.22,Smoke,773.05,unsafe
1551,2024-01-01T04:18:20,1.636035,1.348372,0.852944,18.5,49.72,CleanAir,0.0,safe
1552,2024-01-01T04:18:30,1.677622,1.380383,0.867855,27.31,49.92,CleanAir,0.0,safe
1553,2024-01-01T04:18:40,0.39088,0.016252,0.183037,30.98,62.94,Alcohol,1891.17,unsafe
1554,2024-01-01T04:18:50,1.636933,1.308818,0.841776,21.21,64.89,CleanAir,0.0,safe
1555,2024-01-01T04:19:00,1.640974,1.328102,0.857629,18.89,56.34,CleanAir,0.0,safe
1556,2024-01-01T04:19:10,1.662088,1.37355,0.896959,24.59,31.86,CleanAir,0.0,safe
1557,2024-01-01T04:19:20,0.032047,0.02884,0.009757,29.85,61.87,CO,1281.39,unsafe
1558,2024-01-01T04:19:30,0.497921,0.260748,0.009718,39.51,30.96,Hydrogen,1535.09,safe
1559,2024-01-01T04:19:40,1.641055,1.337238,0.86196,35.98,80.18,CleanAir,0.0,safe
1560,2024-01-01T04:19:50,0.341466,0.402994,0.113967,36.36,71.6,CO,1633.8,unsafe
1561,2024-01-01T04:20:00,1.626006,1.353156,0.853057,24.97,61.91,CleanAir,0.0,safe
1562,2024-01-01T04:20:10,0.82987,0.351998,0.02259,33.48,73.24,Propane,3548.0,unsafe
1563,2024-01-01T04:20:20,1.610059,1.325138,0.843398,30.42,89.56,CleanAir,0.0,safe
1564,2024-01-01T04:20:30,0.338581,0.39435,0.009731,38.21,58.74,CO,1500.8,unsafe
1565,2024-01-01T04:20:40,0.317448,0.182498,0.006528,19.2,87.58,Alcohol,1093.56,unsafe
1566,2024-01-01T04:20:50,1.648195,1.388828,0.873159,28.08,48.32,CleanAir,0.0,safe
1567,2024-01-01T04:21:00,0.683144,0.291819,0.151488,27.06,83.17,Propane,2159.28,unsafe
1568,2024-01-01T04:21:10,0.112933,0.315548,0.172733,10.64,61.79,Propane,2922.05,unsafe
1569,2024-01-01T04:21:20,1.627766,1.355333,0.851356,25.37,63.99,CleanAir,0.0,safe
1570,2024-01-01T04:21:30,0.37205,0.180698,0.003178,10.87,32.83,Propane,410.51,safe
1571,2024-01-01T04:21:40,0.077254,0.070779,0.151577,35.63,71.36,LPG,4291.35,unsafe
1572,2024-01-01T04:21:50,0.430666,0.019244,0.149238,31.58,84.64,Hydrogen,1285.5,safe
1573,2024-01-01T04:22:00,0.722034,0.022693,0.009892,14.61,60.34,Propane,2317.05,unsafe
1574,2024-01-01T04:22:10,0.807173,0.865223,0.171473,31.84,68.67,Methane,16908.39,unsafe
1575,2024-01-01T04:22:20,1.684686,1.363359,0.87728,29.42,56.09,CleanAir,0.0,safe
1576,2024-01-01T04:22:30,1.6032,1.306238,0.819422,16.0,89.76,CleanAir,0.0,safe
1577,2024-01-01T04:22:40,1.668276,1.366964,0.863616,28.3,43.91,CleanAir,0.0,safe
1578,2024-01-01T04:22:50,0.346724,0.424455,0.119227,38.52,75.36,CO,1893.72,unsafe
1579,2024-01-01T04:23:00,0.398712,0.210266,0.006527,36.82,69.59,Hydrogen,915.82,safe
1580,2024-01-01T04:23:10,0.045597,0.242153,0.009719,22.75,69.32,Smoke,851.04,unsafe
1581,2024-01-01T04:23:20,1.664699,1.364258,0.877252,24.29,47.85,CleanAir,0.0,safe
1582,2024-01-01T04:23:30,0.071143,0.286135,0.038441,12.9,78.0,Hydrogen,4565.88,safe
1583,2024-01-01T04:23:40,0.353265,0.172208,0.089507,10.88,39.25,Smoke,270.69,unsafe
1584,2024-01-01T04:23:50,0.358397,0.009756,0.118326,27.08,83.62,Hydrogen,746.11,safe
1585,2024-01-01T04:24:00,0.927975,0.36973,0.034941,19.01,53.02,Propane,4329.66,unsafe
1586,2024-01-01T04:24:10,0.838405,0.905154,0.186544,35.79,49.08,Methane,18588.42,unsafe
1587,2024-01-01T04:24:20,0.656097,0.277593,0.178427,35.07,43.63,Smoke,981.71,unsafe
1588,2024-01-01T04:24:30,0.428533,0.255384,0.097918,20.14,55.2,LPG,944.03,safe
1589,2024-01-01T04:24:40,0.670336,0.327577,0.022398,33.18,41.35,Hydrogen,4110.45,safe
1590,2024-01-01T04:24:50,1.593448,1.30257,0.805811,11.04,72.85,CleanAir,0.0,safe
1591,2024-01-01T04:25:00,0.660605,0.019335,0.142176,12.49,74.43,Propane,1951.86,unsafe
1592,2024-01-01T04:25:10,1.611153,1.350215,0.830293,27.75,89.9,CleanAir,0.0,safe
1593,2024-01-01T04:25:20,0.035358,0.016144,0.009766,36.02,36.69,Hydrogen,1315.7,safe
1594,2024-01-01T04:25:30,0.040519,0.257964,0.166248,23.47,32.29,Smoke,855.49,unsafe
1595,2024-01-01T04:25:40,0.499797,0.222976,0.113575,12.04,64.02,Propane,930.83,safe
1596,2024-01-01T04:25:50,0.556906,0.562751,0.125468,17.32,72.62,Methane,5029.83,unsafe
1597,2024-01-01T04:26:00,1.615275,1.362428,0.867134,24.12,39.96,CleanAir,0.0,safe
1598,2024-01-01T04:26:10,1.646146,1.354106,0.861647,23.39,44.55,CleanAir,0.0,safe
1599,2024-01-01T04:26:20,1.648095,1.379709,0.850997,22.39,46.88,CleanAir,0.0,safe
1600,2024-01-01T04:26:30,0.632404,0.05083,0.230779,23.22,83.24,Hydrogen,4702.02,safe
1601,2024-01-01T04:26:40,0.425147,0.232242,0.146785,31.8,40.05,Hydrogen,1061.88,safe
1602,2024-01-01T04:26:50,0.555441,0.012755,0.145251,13.98,56.66,Smoke,772.35,unsafe
1603,2024-01-01T04:27:00,0.003276,0.0,0.035653,11.91,53.55,CO,33.83,safe
1604,2024-01-01T04:27:10,0.028584,0.220079,0.136084,23.68,78.15,Smoke,662.67,unsafe
1605,2024-01-01T04:27:20,0.041288,0.260616,0.178566,28.91,65.73,Hydrogen,2070.69,safe
1606,2024-01-01T04:27:30,0.026089,0.388252,0.114149,32.64,31.9,CO,1291.75,unsafe
1607,2024-01-01T04:27:40,1.663826,1.371146,0.879374,35.75,55.48,CleanAir,0.0,safe
1608,2024-01-01T04:27:50,0.354502,0.009518,0.119725,25.36,67.68,Hydrogen,756.52,safe
1609,2024-01-01T04:28:00,1.636306,1.33656,0.853443,37.13,74.59,CleanAir,0.0,safe
1610,2024-01-01T04:28:10,1.684718,1.373983,0.893044,31.04,41.03,CleanAir,0.0,safe
1611,2024-01-01T04:28:20,0.02876,0.035497,0.12402,31.1,39.28,CO,1935.35,unsafe
1612,2024-01-01T04:28:30,0.674908,0.284766,0.179524,37.73,40.24,Smoke,978.84,unsafe
1613,2024-01-01T04:28:40,0.458955,0.243507,0.161136,34.15,75.56,Hydrogen,1563.16,safe
1614,2024-01-01T04:28:50,1.645081,1.356192,0.853174,31.51,73.09,CleanAir,0.0,safe
1615,2024-01-01T04:29:00,1.64999,1.336917,0.851921,32.5,84.14,CleanAir,0.0,safe
1616,2024-01-01T04:29:10,0.042774,0.25528,0.009596,35.9,42.84,Smoke,786.17,unsafe
1617,2024-01-01T04:29:20,0.055153,0.304682,0.227016,19.11,31.9,Hydrogen,3343.58,safe
1618,2024-01-01T04:29:30,0.04444,0.264031,0.187036,35.0,70.37,Hydrogen,2156.55,safe
1619,2024-01-01T04:29:40,1.612736,1.315246,0.832141,11.44,55.88,CleanAir,0.0,safe
1620,2024-01-01T04:29:50,0.70597,0.409344,0.14948,38.16,34.42,LPG,3181.49,unsafe
1621,2024-01-01T04:30:00,0.266598,0.269394,0.086369,14.02,73.22,CO,782.32,unsafe
1622,2024-01-01T04:30:10,0.38057,0.016232,0.176023,11.72,50.13,Alcohol,1986.42,unsafe
1623,2024-01-01T04:30:20,1.58621,1.29601,0.786755,15.33,88.45,CleanAir,0.0,safe
1624,2024-01-01T04:30:30,0.322321,0.032007,0.106605,37.04,80.31,CO,1423.68,unsafe
1625,2024-01-01T04:30:40,0.003183,0.099724,0.041814,23.14,76.7,Smoke,60.5,unsafe
1626,2024-01-01T04:30:50,0.299677,0.343147,0.09671,14.24,74.45,CO,1282.36,unsafe
1627,2024-01-01T04:31:00,1.627799,1.364492,0.843882,10.65,43.45,CleanAir,0.0,safe
1628,2024-01-01T04:31:10,1.584519,1.303872,0.793279,10.53,81.27,CleanAir,0.0,safe
1629,2024-01-01T04:31:20,0.235554,0.20014,0.071391,32.51,46.18,CO,308.25,unsafe
1630,2024-01-01T04:31:30,1.669894,1.377591,0.895945,35.14,38.61,CleanAir,0.0,safe
1631,2024-01-01T04:31:40,1.600345,1.29404,0.786889,11.13,83.93,CleanAir,0.0,safe
1632,2024-01-01T04:31:50,0.473016,0.022182,0.103733,23.56,67.4,LPG,1285.6,unsafe
1633,2024-01-01T04:32:00,1.614569,1.319536,0.805351,11.99,73.01,CleanAir,0.0,safe
1634,2024-01-01T04:32:10,0.45016,0.01947,0.009756,22.15,50.14,LPG,1040.99,unsafe
1635,2024-01-01T04:32:20,1.649545,1.353505,0.838274,37.99,70.96,CleanAir,0.0,safe
1636,2024-01-01T04:32:30,0.230533,0.190428,0.068611,20.6,54.4,CO,315.97,unsafe
1637,2024-01-01T04:32:40,1.672363,1.358183,0.897249,27.02,32.44,CleanAir,0.0,safe
1638,2024-01-01T04:32:50,0.137898,0.377457,0.018972,10.18,33.26,LPG,2926.45,unsafe
1639,2024-01-01T04:33:00,0.738929,0.197485,0.158088,21.99,81.69,Methane,16413.73,unsafe
1640,2024-01-01T04:33:10,1.672705,1.393954,0.87763,32.91,32.12,CleanAir,0.0,safe
1641,2024-01-01T04:33:20,1.611769,1.310244,0.818583,26.27,84.77,CleanAir,0.0,safe
1642,2024-01-01T04:33:30,0.633173,0.315207,0.025573,34.9,36.6,Hydrogen,3513.96,safe
1643,2024-01-01T04:33:40,1.662669,1.338148,0.866732,18.97,38.45,CleanAir,0.0,safe
1644,2024-01-01T04:33:50,1.624398,1.30634,0.809496,29.16,84.88,CleanAir,0.0,safe
1645,2024-01-01T04:34:00,1.617976,1.32429,0.823579,34.76,86.59,CleanAir,0.0,safe
1646,2024-01-01T04:34:10,1.677598,1.349208,0.879679,33.83,47.79,CleanAir,0.0,safe
1647,2024-01-01T04:34:20,0.575676,0.132571,0.01299,23.64,89.72,Methane,6521.01,unsafe
1648,2024-01-01T04:34:30,1.680168,1.404393,0.87499,37.65,48.94,CleanAir,0.0,safe
1649,2024-01-01T04:34:40,1.678237,1.37934,0.864286,33.63,36.86,CleanAir,0.0,safe
1650,2024-01-01T04:34:50,1.606551,1.297823,0.805729,20.1,75.04,CleanAir,0.0,safe
1651,2024-01-01T04:35:00,0.630045,0.367215,0.12587,13.34,80.2,LPG,3240.45,unsafe
1652,2024-01-01T04:35:10,1.64448,1.381527,0.836092,21.36,34.84,CleanAir,0.0,safe
1653,2024-01-01T04:35:20,1.606707,1.343974,0.84009,38.64,72.82,CleanAir,0.0,safe
1654,2024-01-01T04:35:30,1.637729,1.350951,0.836923,24.42,52.92,CleanAir,0.0,safe
1655,2024-01-01T04:35:40,0.743119,0.13945,0.032267,36.02,76.8,Methane,14088.96,unsafe
1656,2024-01-01T04:35:50,1.654266,1.390982,0.867011,25.22,39.3,CleanAir,0.0,safe
1657,2024-01-01T04:36:00,1.681345,1.324747,0.860834,36.75,66.41,CleanAir,0.0,safe
1658,2024-01-01T04:36:10,1.641611,1.359855,0.841951,11.94,35.44,CleanAir,0.0,safe
1659,2024-01-01T04:36:20,1.642121,1.342631,0.83203,15.55,47.04,CleanAir,0.0,safe
1660,2024-01-01T04:36:30,1.615962,1.336503,0.833918,16.61,57.6,CleanAir,0.0,safe
1661,2024-01-01T04:36:40,1.679765,1.373334,0.87258,31.95,38.1,CleanAir,0.0,safe
1662,2024-01-01T04:36:50,1.619563,1.317215,0.831142,26.19,79.34,CleanAir,0.0,safe
1663,2024-01-01T04:37:00,0.57811,0.012792,0.149537,28.19,32.22,Smoke,711.13,unsafe
1664,2024-01-01T04:37:10,0.563088,0.238109,0.145001,34.8,84.41,Smoke,780.61,unsafe
1665,2024-01-01T04:37:20,0.566279,0.228207,0.145935,18.93,82.68,Smoke,863.97,unsafe
1666,2024-01-01T04:37:30,0.022663,0.381933,0.108989,16.13,54.73,CO,1633.15,unsafe
1667,2024-01-01T04:37:40,0.09416,0.06048,0.138245,35.86,76.6,LPG,3586.78,unsafe
1668,2024-01-01T04:37:50,0.349023,0.190399,0.116874,34.79,74.65,Hydrogen,686.55,safe
1669,2024-01-01T04:38:00,1.615293,1.319997,0.818848,15.28,64.9,CleanAir,0.0,safe
1670,2024-01-01T04:38:10,1.639585,1.286531,0.799438,17.81,88.27,CleanAir,0.0,safe
1671,2024-01-01T04:38:20,0.073604,0.324324,0.24141,35.22,49.73,Hydrogen,4359.26,safe
1672,2024-01-01T04:38:30,0.582167,0.343129,0.120333,23.81,42.25,LPG,2069.62,unsafe
1673,2024-01-01T04:38:40,0.048173,0.405276,0.111105,25.21,57.87,CO,1772.18,unsafe
1674,2024-01-01T04:38:50,0.689807,0.405081,0.137309,25.47,60.74,LPG,3757.39,unsafe
1675,2024-01-01T04:39:00,0.220666,0.006393,0.068221,14.14,65.46,Alcohol,247.02,safe
1676,2024-01-01T04:39:10,1.657034,1.35565,0.835852,21.28,37.99,CleanAir,0.0,safe
1677,2024-01-01T04:39:20,1.659716,1.325473,0.832038,11.31,31.98,CleanAir,0.0,safe
1678,2024-01-01T04:39:30,0.733732,0.055427,0.138577,24.5,76.87,LPG,4524.51,unsafe
1679,2024-01-01T04:39:40,1.648711,1.361504,0.837505,18.72,46.68,CleanAir,0.0,safe
1680,2024-01-01T04:39:50,0.771673,0.440985,0.147952,28.35,66.74,LPG,4874.12,unsafe
1681,2024-01-01T04:40:00,1.710315,1.354476,0.860896,30.81,40.5,CleanAir,0.0,safe
1682,2024-01-01T04:40:10,0.653983,0.263623,0.141223,11.91,78.56,Propane,1974.62,unsafe
1683,2024-01-01T04:40:20,1.688313,1.383337,0.852238,30.31,49.74,CleanAir,0.0,safe
1684,2024-01-01T04:40:30,0.636834,0.359695,0.125294,19.43,52.84,LPG,2751.13,unsafe
1685,2024-01-01T04:40:40,0.052125,0.248247,0.154477,12.09,50.12,Smoke,937.26,unsafe
1686,2024-01-01T04:40:50,1.665362,1.32138,0.838226,38.05,70.26,CleanAir,0.0,safe
1687,2024-01-01T04:41:00,0.025861,0.183431,0.009517,13.44,86.55,Alcohol,1408.83,unsafe
1688,2024-01-01T04:41:10,0.358886,0.421532,0.009741,16.69,31.62,CO,1971.51,unsafe
1689,2024-01-01T04:41:20,0.62085,0.146697,0.129804,23.28,76.43,Methane,7216.74,unsafe
1690,2024-01-01T04:41:30,1.693788,1.359597,0.884671,39.48,32.33,CleanAir,0.0,safe
1691,2024-01-01T04:41:40,1.613266,1.259207,0.792357,13.21,83.84,CleanAir,0.0,safe
1692,2024-01-01T04:41:50,1.692436,1.355875,0.862181,34.1,34.68,CleanAir,0.0,safe
1693,2024-01-01T04:42:00,0.031686,0.185692,0.138338,20.33,77.11,Alcohol,1276.57,unsafe
1694,2024-01-01T04:42:10,0.410048,0.190239,0.103173,32.73,34.84,Smoke,324.59,unsafe
1695,2024-01-01T04:42:20,0.730324,0.765796,0.158263,38.98,32.55,Methane,9756.47,unsafe
1696,2024-01-01T04:42:30,1.585842,1.311793,0.796671,13.72,72.57,CleanAir,0.0,safe
1697,2024-01-01T04:42:40,1.654028,1.335174,0.845981,21.09,36.45,CleanAir,0.0,safe
1698,2024-01-01T04:42:50,0.337229,0.035463,0.106971,38.63,56.85,CO,1376.32,unsafe
1699,2024-01-01T04:43:00,0.613054,0.07078,0.01288,29.35,70.33,Methane,5959.95,unsafe
1700,2024-01-01T04:43:10,0.751063,0.299583,0.154974,18.3,89.78,Propane,2886.3,unsafe
1701,2024-01-01T04:43:20,1.682333,1.371486,0.854647,29.87,49.39,CleanAir,0.0,safe
1702,2024-01-01T04:43:30,1.666275,1.340596,0.848064,35.68,59.54,CleanAir,0.0,safe
1703,2024-01-01T04:43:40,1.57595,1.286864,0.79627,12.87,74.75,CleanAir,0.0,safe
1704,2024-01-01T04:43:50,1.650891,1.341761,0.842372,31.63,57.89,CleanAir,0.0,safe
1705,2024-01-01T04:44:00,1.662496,1.351923,0.856494,27.89,30.31,CleanAir,0.0,safe
1706,2024-01-01T04:44:10,0.338906,0.013063,0.141619,13.56,77.59,Alcohol,1339.41,unsafe
1707,2024-01-01T04:44:20,0.769415,0.042076,0.022886,36.32,62.8,LPG,4921.77,unsafe
1708,2024-01-01T04:44:30,1.676966,1.325847,0.844894,36.4,61.08,CleanAir,0.0,safe
1709,2024-01-01T04:44:40,0.046104,0.427425,0.117936,18.83,33.92,CO,1976.0,unsafe
1710,2024-01-01T04:44:50,0.164164,0.308504,0.16895,35.95,60.16,Propane,2616.26,unsafe
1711,2024-01-01T04:45:00,1.622174,1.334002,0.830631,33.43,79.56,CleanAir,0.0,safe
1712,2024-01-01T04:45:10,1.584027,1.281652,0.7879,18.67,86.52,CleanAir,0.0,safe
1713,2024-01-01T04:45:20,1.599777,1.329592,0.825462,19.0,56.46,CleanAir,0.0,safe
1714,2024-01-01T04:45:30,1.61204,1.287065,0.807479,22.32,74.99,CleanAir,0.0,safe
1715,2024-01-01T04:45:40,0.363726,0.199376,0.148754,29.49,35.39,Alcohol,1130.72,unsafe
1716,2024-01-01T04:45:50,1.63259,1.300379,0.848941,14.61,41.71,CleanAir,0.0,safe
1717,2024-01-01T04:46:00,0.331902,0.012975,0.13542,18.32,73.18,Alcohol,1182.68,unsafe
1718,2024-01-01T04:46:10,0.204037,0.150601,0.057879,11.91,81.15,CO,247.05,unsafe
1719,2024-01-01T04:46:20,1.633827,1.329726,0.827949,20.4,62.39,CleanAir,0.0,safe
1720,2024-01-01T04:46:30,0.279406,0.700129,0.137666,12.75,87.15,Methane,11255.79,unsafe
1721,2024-01-01T04:46:40,0.032187,0.215169,0.147077,12.57,65.29,Hydrogen,1426.7,safe
1722,2024-01-01T04:46:50,0.308812,0.009413,0.117354,32.55,60.84,Alcohol,709.84,safe
1723,2024-01-01T04:47:00,0.090481,0.318472,0.006422,38.4,84.88,LPG,1908.59,unsafe
1724,2024-01-01T04:47:10,0.019516,0.01935,0.086169,17.9,85.38,CO,902.8,unsafe
1725,2024-01-01T04:47:20,0.795209,0.822725,0.168281,34.93,39.96,Methane,13908.57,unsafe
1726,2024-01-01T04:47:30,1.621801,1.303087,0.807534,32.78,81.19,CleanAir,0.0,safe
1727,2024-01-01T04:47:40,0.587845,0.570975,0.126791,23.75,44.75,Methane,5021.9,unsafe
1728,2024-01-01T04:47:50,1.578563,1.258233,0.797451,11.97,71.62,CleanAir,0.0,safe
1729,2024-01-01T04:48:00,1.6798,1.337717,0.851188,32.86,54.59,CleanAir,0.0,safe
1730,2024-01-01T04:48:10,0.542198,0.265014,0.184877,18.01,31.93,Hydrogen,2221.79,safe
1731,2024-01-01T04:48:20,1.689503,1.348855,0.860502,27.58,41.62,CleanAir,0.0,safe
1732,2024-01-01T04:48:30,0.174272,0.592599,0.019789,16.65,60.47,Methane,5839.52,unsafe
1733,2024-01-01T04:48:40,0.641326,0.303158,0.019184,23.16,77.89,Hydrogen,4761.77,safe
1734,2024-01-01T04:48:50,0.112432,0.81274,0.035533,26.94,59.39,Methane,15992.41,unsafe
1735,2024-01-01T04:49:00,0.590409,0.039004,0.009595,30.34,54.11,LPG,2166.13,unsafe
1736,2024-01-01T04:49:10,1.669323,1.296238,0.824559,37.29,82.74,CleanAir,0.0,safe
1737,2024-01-01T04:49:20,0.377909,0.207007,0.162307,38.31,76.81,Alcohol,1603.47,unsafe
1738,2024-01-01T04:49:30,0.643945,0.302529,0.22673,36.41,83.06,Hydrogen,4294.59,safe
1739,2024-01-01T04:49:40,1.667827,1.331164,0.84423,22.55,43.22,CleanAir,0.0,safe
1740,2024-01-01T04:49:50,1.676857,1.359838,0.855768,30.87,36.8,CleanAir,0.0,safe
1741,2024-01-01T04:50:00,0.585854,0.236382,0.147696,20.0,49.33,Smoke,811.5,unsafe
1742,2024-01-01T04:50:10,1.666998,1.316041,0.837136,31.77,66.83,CleanAir,0.0,safe
1743,2024-01-01T04:50:20,0.402431,0.182855,0.093673,19.3,76.11,Propane,578.73,safe
1744,2024-01-01T04:50:30,0.396921,0.218601,0.178546,10.52,32.85,Alcohol,1965.92,unsafe
1745,2024-01-01T04:50:40,1.629604,1.301445,0.784644,22.2,87.2,CleanAir,0.0,safe
1746,2024-01-01T04:50:50,0.64377,0.122602,0.13772,34.22,87.55,Methane,8701.95,unsafe
1747,2024-01-01T04:51:00,0.789902,0.187062,0.173603,28.93,31.52,Methane,14038.78,unsafe
1748,2024-01-01T04:51:10,1.594253,1.287691,0.824081,31.71,88.94,CleanAir,0.0,safe
1749,2024-01-01T04:51:20,0.022737,0.022587,0.098133,15.96,76.39,CO,1299.84,unsafe
1750,2024-01-01T04:51:30,1.647508,1.323228,0.822582,30.56,76.62,CleanAir,0.0,safe
1751,2024-01-01T04:51:40,0.714676,0.714405,0.150642,37.72,40.0,Methane,8579.04,unsafe
1752,2024-01-01T04:51:50,1.667229,1.330827,0.845782,33.55,52.17,CleanAir,0.0,safe
1753,2024-01-01T04:52:00,1.692494,1.352528,0.859836,36.41,45.72,CleanAir,0.0,safe
1754,2024-01-01T04:52:10,0.404452,0.022561,0.17143,38.45,57.46,Alcohol,1700.62,unsafe
1755,2024-01-01T04:52:20,1.655536,1.312805,0.81395,20.17,50.07,CleanAir,0.0,safe
1756,2024-01-01T04:52:30,0.248798,0.003237,0.003254,15.88,32.89,Smoke,121.69,unsafe
1757,2024-01-01T04:52:40,1.65974,1.317392,0.850418,28.56,43.06,CleanAir,0.0,safe
1758,2024-01-01T04:52:50,0.867967,0.329547,0.175507,29.39,82.46,Propane,3846.04,unsafe
1759,2024-01-01T04:53:00,0.762106,0.073289,0.152394,39.9,58.01,LPG,4348.44,unsafe
1760,2024-01-01T04:53:10,1.604841,1.30597,0.816095,22.33,64.31,CleanAir,0.0,safe
1761,2024-01-01T04:53:20,0.755506,0.039018,0.156389,27.76,86.03,Propane,2792.0,unsafe
1762,2024-01-01T04:53:30,0.302237,0.019406,0.095751,33.3,38.76,CO,851.47,unsafe
1763,2024-01-01T04:53:40,1.659274,1.304793,0.830005,14.86,37.41,CleanAir,0.0,safe
1764,2024-01-01T04:53:50,1.620749,1.321492,0.807142,12.63,59.24,CleanAir,0.0,safe
1765,2024-01-01T04:54:00,0.421191,0.019503,0.185377,35.46,39.19,Alcohol,1944.37,unsafe
1766,2024-01-01T04:54:10,0.065557,0.039226,0.228185,24.52,51.37,Hydrogen,4383.91,safe
1767,2024-01-01T04:54:20,0.237185,0.134134,0.003205,13.25,88.2,Alcohol,382.89,safe
1768,2024-01-01T04:54:30,0.613568,0.253877,0.136666,22.65,39.66,Propane,1357.48,unsafe
1769,2024-01-01T04:54:40,0.324517,0.174381,0.006383,20.56,76.26,Alcohol,1060.16,unsafe
1770,2024-01-01T04:54:50,1.678444,1.349312,0.847103,38.63,70.93,CleanAir,0.0,safe
1771,2024-01-01T04:55:00,1.648282,1.325465,0.82048,10.97,36.51,CleanAir,0.0,safe
1772,2024-01-01T04:55:10,1.649339,1.337895,0.852719,37.71,61.25,CleanAir,0.0,safe
1773,2024-01-01T04:55:20,1.609128,1.284321,0.809731,29.72,84.7,CleanAir,0.0,safe
1774,2024-01-01T04:55:30,1.594304,1.254551,0.777371,12.23,76.32,CleanAir,0.0,safe
1775,2024-01-01T04:55:40,0.379241,0.20382,0.158999,22.42,42.71,Alcohol,1517.45,unsafe
1776,2024-01-01T04:55:50,0.367453,0.195251,0.013004,16.37,57.47,Alcohol,1552.73,unsafe
1777,2024-01-01T04:56:00,0.731886,0.142614,0.151754,31.94,76.84,Methane,12472.4,unsafe
1778,2024-01-01T04:56:10,0.675879,0.028998,0.139734,36.17,42.13,LPG,2855.35,unsafe
1779,2024-01-01T04:56:20,0.325963,0.174787,0.126671,11.37,86.34,Alcohol,1182.86,unsafe
1780,2024-01-01T04:56:30,1.672981,1.370008,0.881207,32.64,31.47,CleanAir,0.0,safe
1781,2024-01-01T04:56:40,1.618328,1.295623,0.778199,17.29,79.79,CleanAir,0.0,safe
1782,2024-01-01T04:56:50,0.521333,0.256613,0.181736,16.29,71.48,Hydrogen,2643.94,safe
1783,2024-01-01T04:57:00,1.624683,1.267664,0.787437,14.58,74.39,CleanAir,0.0,safe
1784,2024-01-01T04:57:10,1.688486,1.329088,0.835605,36.64,67.24,CleanAir,0.0,safe
1785,2024-01-01T04:57:20,0.684784,0.681211,0.148087,33.34,42.89,Methane,7795.72,unsafe
1786,2024-01-01T04:57:30,0.575603,0.564266,0.012823,10.56,68.58,Methane,5769.68,unsafe
1787,2024-01-01T04:57:40,0.559786,0.012937,0.006441,37.68,62.17,Smoke,685.75,unsafe
1788,2024-01-01T04:57:50,0.297909,0.142415,0.003257,10.37,63.32,Smoke,202.0,unsafe
1789,2024-01-01T04:58:00,0.810787,0.175207,0.054471,15.59,36.73,Methane,15817.17,unsafe
1790,2024-01-01T04:58:10,0.10389,0.05866,0.194053,22.84,40.77,Propane,4117.29,unsafe
1791,2024-01-01T04:58:20,0.006403,0.003228,0.056439,33.77,34.69,Smoke,85.97,unsafe
1792,2024-01-01T04:58:30,0.683897,0.390049,0.13726,25.54,55.2,LPG,3424.64,unsafe
1793,2024-01-01T04:58:40,0.254376,0.367807,0.197682,28.99,42.95,Propane,4008.38,unsafe
1794,2024-01-01T04:58:50,0.347624,0.397368,0.112239,21.04,48.33,CO,1741.63,unsafe
1795,2024-01-01T04:59:00,0.553435,0.310996,0.113302,21.81,49.47,LPG,1804.79,unsafe
1796,2024-01-01T04:59:10,1.709371,1.380991,0.8853,37.72,37.12,CleanAir,0.0,safe
1797,2024-01-01T04:59:20,0.088285,0.636761,0.137276,15.45,74.78,Methane,8282.27,unsafe
1798,2024-01-01T04:59:30,0.019165,0.303889,0.094974,39.81,78.93,CO,936.27,unsafe
1799,2024-01-01T04:59:40,1.585928,1.303054,0.807106,22.07,77.17,CleanAir,0.0,safe
1800,2024-01-01T04:59:50,0.742327,0.051311,0.016319,37.86,67.45,LPG,4032.45,unsafe
1801,2024-01-01T05:00:00,1.626612,1.32839,0.82696,37.96,79.61,CleanAir,0.0,safe
1802,2024-01-01T05:00:10,0.022243,0.009683,0.126358,12.5,47.54,Alcohol,902.41,safe
1803,2024-01-01T05:00:20,1.6394,1.310756,0.833733,36.18,86.17,CleanAir,0.0,safe
1804,2024-01-01T05:00:30,0.009694,0.135506,0.071325,35.17,80.47,Propane,207.07,safe
1805,2024-01-01T05:00:40,1.606809,1.300377,0.812107,19.26,68.42,CleanAir,0.0,safe
1806,2024-01-01T05:00:50,0.634776,0.251694,0.009486,11.0,34.47,Smoke,957.87,unsafe
1807,2024-01-01T05:01:00,0.229595,0.00322,0.057709,16.79,69.83,LPG,202.05,safe
1808,2024-01-01T05:01:10,0.744556,0.418814,0.149368,25.67,37.29,LPG,3934.07,unsafe
1809,2024-01-01T05:01:20,0.01625,0.18008,0.074296,21.59,44.66,LPG,398.89,safe
1810,2024-01-01T05:01:30,1.621869,1.290775,0.800928,22.09,81.54,CleanAir,0.0,safe
1811,2024-01-01T05:01:40,0.452961,0.196645,0.102203,23.35,66.98,Propane,658.67,safe
1812,2024-01-01T05:01:50,0.723756,0.75096,0.151811,29.71,81.86,Methane,12686.69,unsafe
1813,2024-01-01T05:02:00,0.661765,0.106227,0.141559,24.98,54.26,Methane,8259.63,unsafe
1814,2024-01-01T05:02:10,0.750269,0.429977,0.15085,29.04,51.65,LPG,4399.62,unsafe
1815,2024-01-01T05:02:20,0.774289,0.800193,0.165163,36.27,43.32,Methane,12193.72,unsafe
1816,2024-01-01T05:02:30,1.681736,1.322914,0.825317,38.01,68.63,CleanAir,0.0,safe
1817,2024-01-01T05:02:40,1.665655,1.33862,0.875119,34.49,46.22,CleanAir,0.0,safe
1818,2024-01-01T05:02:50,0.266491,0.249153,0.08419,19.64,63.17,CO,674.1,unsafe
1819,2024-01-01T05:03:00,0.391078,0.17682,0.097414,31.61,85.26,Smoke,346.43,unsafe
1820,2024-01-01T05:03:10,0.516502,0.022569,0.175339,25.33,82.7,Hydrogen,2281.92,safe
1821,2024-01-01T05:03:20,1.634026,1.292373,0.822881,18.31,68.32,CleanAir,0.0,safe
1822,2024-01-01T05:03:30,0.711906,0.06484,0.137796,31.61,87.17,LPG,4180.02,unsafe
1823,2024-01-01T05:03:40,1.66947,1.339594,0.856355,27.27,46.27,CleanAir,0.0,safe
1824,2024-01-01T05:03:50,1.633256,1.367685,0.847172,30.89,46.33,CleanAir,0.0,safe
1825,2024-01-01T05:04:00,0.287871,0.164327,0.101898,36.11,39.99,Alcohol,470.6,safe
1826,2024-01-01T05:04:10,0.038957,0.019426,0.160467,22.52,81.15,Hydrogen,1828.34,safe
1827,2024-01-01T05:04:20,0.058443,0.022551,0.141483,16.72,47.42,Propane,1613.03,unsafe
1828,2024-01-01T05:04:30,1.66054,1.321443,0.841252,29.31,61.13,CleanAir,0.0,safe
1829,2024-01-01T05:04:40,1.667419,1.306736,0.847597,18.47,54.22,CleanAir,0.0,safe
1830,2024-01-01T05:04:50,0.505527,0.219269,0.114311,36.99,53.76,Propane,785.41,safe
1831,2024-01-01T05:05:00,0.054785,0.27227,0.196066,39.65,75.88,Hydrogen,2807.59,safe
1832,2024-01-01T05:05:10,0.290126,0.165369,0.106119,32.92,55.76,Alcohol,546.66,safe
1833,2024-01-01T05:05:20,0.448224,0.016033,0.09643,15.21,75.88,LPG,1175.55,unsafe
1834,2024-01-01T05:05:30,1.610472,1.275766,0.82327,18.16,76.17,CleanAir,0.0,safe
1835,2024-01-01T05:05:40,1.668327,1.340475,0.857783,18.53,32.87,CleanAir,0.0,safe
1836,2024-01-01T05:05:50,1.614097,1.299733,0.826176,19.36,67.65,CleanAir,0.0,safe
1837,2024-01-01T05:06:00,0.022629,0.323401,0.103256,28.46,33.14,CO,988.72,unsafe
1838,2024-01-01T05:06:10,0.665846,0.384072,0.138179,34.8,33.57,LPG,2725.8,unsafe
1839,2024-01-01T05:06:20,0.544483,0.2225,0.143507,29.32,53.43,Smoke,650.48,unsafe
1840,2024-01-01T05:06:30,0.400168,0.212479,0.178922,37.52,60.57,Alcohol,1745.33,unsafe
1841,2024-01-01T05:06:40,0.025711,0.299,0.09662,10.16,38.22,CO,963.26,unsafe
1842,2024-01-01T05:06:50,1.645009,1.301904,0.835283,17.01,50.27,CleanAir,0.0,safe
1843,2024-01-01T05:07:00,0.767824,0.799902,0.03863,25.09,89.58,Methane,17092.19,unsafe
1844,2024-01-01T05:07:10,0.746844,0.411533,0.151124,34.11,72.84,LPG,4378.57,unsafe
1845,2024-01-01T05:07:20,0.582203,0.012934,0.146711,32.25,46.82,Smoke,685.98,unsafe
1846,2024-01-01T05:07:30,1.687772,1.324848,0.89573,38.14,39.35,CleanAir,0.0,safe
1847,2024-01-01T05:07:40,1.636298,1.257299,0.808203,15.65,84.66,CleanAir,0.0,safe
1848,2024-01-01T05:07:50,0.595616,0.329878,0.125688,18.27,34.26,LPG,2064.16,unsafe
1849,2024-01-01T05:08:00,0.948787,0.383576,0.216059,31.28,40.3,Propane,4692.08,unsafe
1850,2024-01-01T05:08:10,0.488571,0.205677,0.123527,27.38,45.84,Smoke,490.04,unsafe
1851,2024-01-01T05:08:20,0.765131,0.299454,0.161047,16.32,80.2,Propane,2901.63,unsafe
1852,2024-01-01T05:08:30,0.032783,0.184519,0.006409,29.86,79.01,Hydrogen,711.08,safe
1853,2024-01-01T05:08:40,1.703415,1.332988,0.851058,15.62,30.36,CleanAir,0.0,safe
1854,2024-01-01T05:08:50,0.368046,0.162134,0.091585,28.06,61.1,Propane,376.68,safe
1855,2024-01-01T05:09:00,0.588203,0.275567,0.208324,37.6,42.45,Hydrogen,2570.42,safe
1856,2024-01-01T05:09:10,0.385691,0.016197,0.17166,24.18,73.73,Alcohol,1929.36,unsafe
1857,2024-01-01T05:09:20,0.083845,0.547526,0.126662,11.52,59.98,Methane,5099.04,unsafe
1858,2024-01-01T05:09:30,0.33192,0.012911,0.133543,32.41,70.19,Alcohol,936.45,safe
1859,2024-01-01T05:09:40,1.656895,1.306828,0.852336,38.48,81.4,CleanAir,0.0,safe
1860,2024-01-01T05:09:50,1.64732,1.328984,0.860217,38.45,63.09,CleanAir,0.0,safe
1861,2024-01-01T05:10:00,0.060935,0.357444,0.012914,22.86,57.64,LPG,2708.58,unsafe
1862,2024-01-01T05:10:10,0.012958,0.144095,0.090749,23.5,50.25,Alcohol,363.78,safe
1863,2024-01-01T05:10:20,1.628259,1.318914,0.85536,18.95,52.95,CleanAir,0.0,safe
1864,2024-01-01T05:10:30,1.669404,1.316867,0.881665,15.11,35.86,CleanAir,0.0,safe
1865,2024-01-01T05:10:40,1.629101,1.274343,0.810895,12.79,72.64,CleanAir,0.0,safe
1866,2024-01-01T05:10:50,0.302275,0.167112,0.073641,20.11,50.54,LPG,348.71,safe
1867,2024-01-01T05:11:00,0.03242,0.208681,0.133083,35.35,79.15,Smoke,599.22,unsafe
1868,2024-01-01T05:11:10,0.200006,0.112782,0.003232,20.69,62.7,Alcohol,155.03,safe
1869,2024-01-01T05:11:20,1.674106,1.320321,0.85853,12.91,31.32,CleanAir,0.0,safe
1870,2024-01-01T05:11:30,1.646439,1.295847,0.841465,15.68,53.75,CleanAir,0.0,safe
1871,2024-01-01T05:11:40,0.407233,0.198289,0.132883,35.41,56.81,Hydrogen,858.79,safe
1872,2024-01-01T05:11:50,0.101407,0.73684,0.150563,10.42,79.45,Methane,14039.21,unsafe
1873,2024-01-01T05:12:00,1.626069,1.275513,0.825458,16.13,74.76,CleanAir,0.0,safe
1874,2024-01-01T05:12:10,0.730215,0.276154,0.153149,13.07,87.86,Propane,2554.16,unsafe
1875,2024-01-01T05:12:20,0.316066,0.326132,0.104394,21.22,52.75,CO,1180.12,unsafe
1876,2024-01-01T05:12:30,1.704917,1.349059,0.887871,33.2,41.89,CleanAir,0.0,safe
1877,2024-01-01T05:12:40,0.766713,0.022567,0.163408,14.89,89.08,Propane,2951.29,unsafe
1878,2024-01-01T05:12:50,0.242518,0.175626,0.003223,32.82,44.06,CO,279.88,unsafe
1879,2024-01-01T05:13:00,0.36548,0.20007,0.083874,33.24,38.95,LPG,474.52,safe
1880,2024-01-01T05:13:10,0.068272,0.380951,0.012898,13.73,51.77,LPG,3688.85,unsafe
1881,2024-01-01T05:13:20,0.652862,0.617473,0.137752,30.78,71.21,Methane,7116.06,unsafe
1882,2024-01-01T05:13:30,1.635527,1.27372,0.83318,21.5,75.61,CleanAir,0.0,safe
1883,2024-01-01T05:13:40,0.560032,0.019059,0.200003,35.85,31.02,Hydrogen,2129.77,safe
1884,2024-01-01T05:13:50,1.677844,1.321114,0.893851,32.41,50.34,CleanAir,0.0,safe
1885,2024-01-01T05:14:00,1.649577,1.30587,0.851779,37.81,80.25,CleanAir,0.0,safe
1886,2024-01-01T05:14:10,0.052082,0.255752,0.197478,33.42,64.57,Hydrogen,2564.84,safe
1887,2024-01-01T05:14:20,1.64707,1.258625,0.824906,14.48,61.88,CleanAir,0.0,safe
1888,2024-01-01T05:14:30,0.64476,0.298623,0.239512,28.35,61.6,Hydrogen,4480.92,safe
1889,2024-01-01T05:14:40,0.789422,0.169803,0.171097,17.07,45.61,Methane,15375.12,unsafe
1890,2024-01-01T05:14:50,0.633611,0.291824,0.232959,29.12,86.48,Hydrogen,4626.72,safe
1891,2024-01-01T05:15:00,1.723112,1.343806,0.877638,28.58,36.73,CleanAir,0.0,safe
1892,2024-01-01T05:15:10,0.02287,0.194292,0.006518,22.8,50.59,Smoke,449.58,unsafe
1893,2024-01-01T05:15:20,1.644168,1.294096,0.830385,32.34,79.97,CleanAir,0.0,safe
1894,2024-01-01T05:15:30,1.662866,1.297161,0.856663,11.31,39.43,CleanAir,0.0,safe
1895,2024-01-01T05:15:40,0.03235,0.416894,0.122518,32.78,53.47,CO,1919.72,unsafe
1896,2024-01-01T05:15:50,0.019251,0.154873,0.006445,13.51,73.11,Alcohol,697.14,safe
1897,2024-01-01T05:16:00,0.786211,0.794854,0.022556,21.72,89.81,Methane,18764.34,unsafe
1898,2024-01-01T05:16:10,0.764616,0.071102,0.019297,34.83,72.36,LPG,4482.96,unsafe
1899,2024-01-01T05:16:20,0.298147,0.262934,0.094068,34.79,32.26,CO,613.13,unsafe
1900,2024-01-01T05:16:30,0.371606,0.197071,0.159194,37.21,32.58,Alcohol,1120.66,unsafe
1901,2024-01-01T05:16:40,0.55898,0.257733,0.025679,19.28,30.38,Hydrogen,2290.61,safe
1902,2024-01-01T05:16:50,0.794372,0.439764,0.156122,28.61,52.88,LPG,4710.28,unsafe
1903,2024-01-01T05:17:00,0.630901,0.045378,0.127414,25.46,73.0,LPG,2795.52,unsafe
1904,2024-01-01T05:17:10,1.656389,1.324437,0.865992,17.42,37.4,CleanAir,0.0,safe
1905,2024-01-01T05:17:20,0.423426,0.006477,0.112312,30.89,37.86,Smoke,336.49,unsafe
1906,2024-01-01T05:17:30,0.657554,0.255003,0.145847,28.09,71.9,Propane,1715.19,unsafe
1907,2024-01-01T05:17:40,1.666315,1.313795,0.870227,31.77,52.6,CleanAir,0.0,safe
1908,2024-01-01T05:17:50,1.648497,1.304017,0.844571,14.15,42.24,CleanAir,0.0,safe
1909,2024-01-01T05:18:00,0.24604,0.121234,0.003242,18.45,57.37,Smoke,121.06,unsafe
1910,2024-01-01T05:18:10,0.580373,0.319607,0.122508,19.58,56.03,LPG,2047.52,unsafe
1911,2024-01-01T05:18:20,0.173981,0.088208,0.045488,31.32,57.39,CO,66.3,unsafe
1912,2024-01-01T05:18:30,1.636924,1.274284,0.828289,23.34,82.47,CleanAir,0.0,safe
1913,2024-01-01T05:18:40,1.694743,1.306964,0.859857,36.48,77.37,CleanAir,0.0,safe
1914,2024-01-01T05:18:50,1.677161,1.301953,0.847699,34.05,81.44,CleanAir,0.0,safe
1915,2024-01-01T05:19:00,0.01936,0.009727,0.006605,14.26,55.33,Hydrogen,585.11,safe
1916,2024-01-01T05:19:10,1.650561,1.270228,0.864847,12.08,40.63,CleanAir,0.0,safe
1917,2024-01-01T05:19:20,0.066689,0.254679,0.194331,12.95,48.05,Hydrogen,2566.68,safe
1918,2024-01-01T05:19:30,1.653879,1.259711,0.84183,26.05,79.0,CleanAir,0.0,safe
1919,2024-01-01T05:19:40,1.670269,1.329681,0.891552,26.84,47.52,CleanAir,0.0,safe
1920,2024-01-01T05:19:50,1.676249,1.311594,0.846782,36.54,80.76,CleanAir,0.0,safe
1921,2024-01-01T05:20:00,0.019378,0.203172,0.003229,14.72,46.61,LPG,584.23,safe
1922,2024-01-01T05:20:10,1.646263,1.263756,0.818381,18.16,72.22,CleanAir,0.0,safe
1923,2024-01-01T05:20:20,0.569202,0.214522,0.151118,17.62,88.67,Smoke,862.19,unsafe
1924,2024-01-01T05:20:30,0.54978,0.012744,0.14602,39.26,74.89,Smoke,664.27,unsafe
1925,2024-01-01T05:20:40,0.86825,0.331501,0.185943,25.75,70.39,Propane,3905.44,unsafe
1926,2024-01-01T05:20:50,0.508213,0.196752,0.128245,22.43,74.03,Smoke,569.99,unsafe
1927,2024-01-01T05:21:00,1.624249,1.258654,0.809449,13.61,76.96,CleanAir,0.0,safe
1928,2024-01-01T05:21:10,0.589906,0.272207,0.016511,37.97,46.96,Hydrogen,2608.89,safe
1929,2024-01-01T05:21:20,1.663793,1.290902,0.849094,11.91,45.78,CleanAir,0.0,safe
1930,2024-01-01T05:21:30,1.660764,1.339347,0.895985,38.42,48.09,CleanAir,0.0,safe
1931,2024-01-01T05:21:40,1.654218,1.325093,0.865776,30.05,49.93,CleanAir,0.0,safe
1932,2024-01-01T05:21:50,1.648441,1.288838,0.848292,29.9,81.82,CleanAir,0.0,safe
1933,2024-01-01T05:22:00,0.051407,0.032209,0.00958,18.06,44.46,CO,1842.85,unsafe
1934,2024-01-01T05:22:10,1.623817,1.269809,0.851621,21.33,72.34,CleanAir,0.0,safe
1935,2024-01-01T05:22:20,0.578028,0.0324,0.11968,14.33,34.04,LPG,1871.57,unsafe
1936,2024-01-01T05:22:30,0.006471,0.135271,0.003173,27.86,61.02,CO,178.12,unsafe
1937,2024-01-01T05:22:40,0.319655,0.160979,0.006481,17.82,62.47,Hydrogen,511.99,safe
1938,2024-01-01T05:22:50,1.659603,1.31906,0.868685,17.25,32.67,CleanAir,0.0,safe
1939,2024-01-01T05:23:00,0.088438,0.322835,0.013075,24.48,61.01,LPG,2299.43,unsafe
1940,2024-01-01T05:23:10,1.638438,1.288298,0.825206,23.98,73.02,CleanAir,0.0,safe
1941,2024-01-01T05:23:20,1.731588,1.329102,0.887714,31.73,34.57,CleanAir,0.0,safe
1942,2024-01-01T05:23:30,0.644871,0.61791,0.13826,36.01,80.29,Methane,6988.4,unsafe
1943,2024-01-01T05:23:40,0.067194,0.015883,0.1733,25.6,41.11,Smoke,975.98,unsafe
1944,2024-01-01T05:23:50,1.642636,1.289203,0.831169,16.91,75.52,CleanAir,0.0,safe
1945,2024-01-01T05:24:00,0.230158,0.123673,0.077549,16.81,89.57,Alcohol,309.72,safe
1946,2024-01-01T05:24:10,1.681544,1.29734,0.863084,35.25,56.73,CleanAir,0.0,safe
1947,2024-01-01T05:24:20,0.052327,0.25853,0.102687,19.24,74.81,LPG,1353.63,unsafe
1948,2024-01-01T05:24:30,0.019,0.313734,0.101254,13.48,53.42,CO,1146.17,unsafe
1949,2024-01-01T05:24:40,0.31662,0.322477,0.0064,24.52,64.0,CO,1217.28,unsafe
1950,2024-01-01T05:24:50,0.619265,0.279398,0.225439,17.71,66.71,Hydrogen,4123.17,safe
1951,2024-01-01T05:25:00,0.298385,0.003217,0.075263,20.67,76.98,Smoke,195.74,unsafe
1952,2024-01-01T05:25:10,1.63889,1.251953,0.808742,19.96,88.21,CleanAir,0.0,safe
1953,2024-01-01T05:25:20,0.299667,0.272956,0.093529,38.29,44.72,CO,703.19,unsafe
1954,2024-01-01T05:25:30,0.709652,0.274784,0.153639,25.28,42.59,Propane,1928.16,unsafe
1955,2024-01-01T05:25:40,0.474234,0.868151,0.025764,19.53,45.04,Methane,19734.2,unsafe
1956,2024-01-01T05:25:50,0.673916,0.367879,0.134215,16.57,72.23,LPG,3738.93,unsafe
1957,2024-01-01T05:26:00,0.188746,0.10216,0.0,16.7,59.0,Smoke,76.65,unsafe
1958,2024-01-01T05:26:10,1.653508,1.306839,0.857139,36.28,70.86,CleanAir,0.0,safe
1959,2024-01-01T05:26:20,0.33,0.147993,0.082047,19.4,49.72,Smoke,219.74,unsafe
1960,2024-01-01T05:26:30,1.601736,1.266693,0.811952,12.32,77.2,CleanAir,0.0,safe
1961,2024-01-01T05:26:40,0.044834,0.232975,0.012834,37.96,79.75,Propane,1184.21,unsafe
1962,2024-01-01T05:26:50,0.680034,0.028384,0.009483,17.69,82.68,Propane,2164.23,unsafe
1963,2024-01-01T05:27:00,1.678498,1.327939,0.881409,35.32,48.22,CleanAir,0.0,safe
1964,2024-01-01T05:27:10,1.65223,1.291239,0.834194,11.85,49.19,CleanAir,0.0,safe
1965,2024-01-01T05:27:20,0.76474,0.775639,0.161825,21.47,63.6,Methane,14828.26,unsafe
1966,2024-01-01T05:27:30,1.618657,1.231572,0.791902,13.07,86.86,CleanAir,0.0,safe
1967,2024-01-01T05:27:40,0.786402,0.228404,0.174636,22.34,70.23,Methane,18779.32,unsafe
1968,2024-01-01T05:27:50,0.151677,0.090968,0.039048,17.11,63.62,Smoke,49.61,safe
1969,2024-01-01T05:28:00,0.655928,0.358663,0.136482,35.16,70.4,LPG,2959.13,unsafe
1970,2024-01-01T05:28:10,0.749984,0.765769,0.167396,30.16,45.27,Methane,11705.58,unsafe
1971,2024-01-01T05:28:20,1.618283,1.309866,0.864729,25.09,56.52,CleanAir,0.0,safe
1972,2024-01-01T05:28:30,0.318337,0.019575,0.104364,35.27,68.56,CO,1190.4,unsafe
1973,2024-01-01T05:28:40,0.099696,0.292531,0.22949,38.66,71.32,Hydrogen,3999.48,safe
1974,2024-01-01T05:28:50,0.038917,0.013128,0.006474,26.4,35.3,Smoke,646.64,unsafe
1975,2024-01-01T05:29:00,1.617981,1.255986,0.80297,17.29,84.01,CleanAir,0.0,safe
1976,2024-01-01T05:29:10,0.112373,0.307299,0.173245,37.62,77.82,Propane,2826.74,unsafe
1977,2024-01-01T05:29:20,1.671661,1.345093,0.878433,27.58,34.82,CleanAir,0.0,safe
1978,2024-01-01T05:29:30,1.665547,1.318084,0.859538,35.51,60.4,CleanAir,0.0,safe
1979,2024-01-01T05:29:40,0.615987,0.232352,0.165035,14.79,50.04,Smoke,973.44,unsafe
1980,2024-01-01T05:29:50,1.702772,1.35311,0.887132,33.61,30.6,CleanAir,0.0,safe
1981,2024-01-01T05:30:00,0.772133,0.184965,0.166992,17.32,52.73,Methane,15885.27,unsafe
1982,2024-01-01T05:30:10,0.583743,0.109781,0.127232,20.7,69.58,Methane,5592.69,unsafe
1983,2024-01-01T05:30:20,0.577558,0.319635,0.122486,39.18,31.27,LPG,1644.6,unsafe
1984,2024-01-01T05:30:30,1.662045,1.320403,0.849128,33.76,60.65,CleanAir,0.0,safe
1985,2024-01-01T05:30:40,1.677124,1.333181,0.864069,30.98,47.41,CleanAir,0.0,safe
1986,2024-01-01T05:30:50,0.722534,0.04151,0.14365,21.96,38.32,LPG,3640.01,unsafe
1987,2024-01-01T05:31:00,0.41507,0.200559,0.142159,37.52,78.43,Hydrogen,1119.36,safe
1988,2024-01-01T05:31:10,0.730868,0.405544,0.145624,11.4,57.63,LPG,4583.46,unsafe
1989,2024-01-01T05:31:20,1.665321,1.290591,0.828785,26.2,63.79,CleanAir,0.0,safe
1990,2024-01-01T05:31:30,0.66839,0.373327,0.009549,20.76,49.02,LPG,3147.1,unsafe
1991,2024-01-01T05:31:40,1.655482,1.311599,0.846115,22.59,44.52,CleanAir,0.0,safe
1992,2024-01-01T05:31:50,1.602599,1.260453,0.789987,14.47,80.16,CleanAir,0.0,safe
1993,2024-01-01T05:32:00,0.66217,0.02572,0.237754,39.19,69.7,Hydrogen,4228.9,safe
1994,2024-01-01T05:32:10,0.453292,0.192438,0.117403,21.76,59.91,Smoke,471.0,unsafe
1995,2024-01-01T05:32:20,0.018847,0.207617,0.003224,30.5,38.58,LPG,552.15,safe
1996,2024-01-01T05:32:30,0.148201,0.371313,0.133818,26.16,44.17,LPG,3056.91,unsafe
1997,2024-01-01T05:32:40,1.655149,1.312214,0.843114,16.97,35.17,CleanAir,0.0,safe
1998,2024-01-01T05:32:50,0.229622,0.129403,0.075227,31.7,60.86,Alcohol,248.64,safe
1999,2024-01-01T05:33:00,0.083588,0.096685,0.026532,22.05,48.4,Methane,9024.05,unsafe
2000,2024-01-01T05:33:10,0.256877,0.012774,0.076604,24.28,66.37,CO,476.75,unsafe
2001,2024-01-01T05:33:20,0.191858,0.126319,0.054831,10.81,72.29,CO,176.27,unsafe
2002,2024-01-01T05:33:30,0.644894,0.247892,0.170891,29.27,49.6,Smoke,978.92,unsafe
2003,2024-01-01T05:33:40,0.00978,0.125458,0.066859,33.98,48.78,Alcohol,183.31,safe
2004,2024-01-01T05:33:50,1.623008,1.267652,0.838719,30.94,87.06,CleanAir,0.0,safe
2005,2024-01-01T05:34:00,1.677284,1.323909,0.847796,34.12,56.08,CleanAir,0.0,safe
2006,2024-01-01T05:34:10,0.248615,0.171583,0.18752,32.4,44.29,Methane,19987.87,unsafe
2007,2024-01-01T05:34:20,1.6521,1.299336,0.822697,11.21,46.2,CleanAir,0.0,safe
2008,2024-01-01T05:34:30,0.119491,0.288135,0.019199,30.29,65.5,Hydrogen,3647.27,safe
2009,2024-01-01T05:34:40,0.109547,0.025927,0.189541,21.32,80.75,Hydrogen,2841.92,safe
2010,2024-01-01T05:34:50,0.473812,0.022149,0.100718,16.33,76.18,LPG,1398.59,unsafe
2011,2024-01-01T05:35:00,1.641204,1.282532,0.822309,19.11,71.06,CleanAir,0.0,safe
2012,2024-01-01T05:35:10,0.016029,0.186634,0.076612,39.19,61.74,LPG,418.04,safe
2013,2024-01-01T05:35:20,0.71839,0.711796,0.15489,24.83,50.08,Methane,10336.11,unsafe
2014,2024-01-01T05:35:30,0.022691,0.333363,0.006493,16.88,66.49,CO,1423.6,unsafe
2015,2024-01-01T05:35:40,0.302004,0.009682,0.009625,16.91,86.44,Alcohol,801.51,safe
2016,2024-01-01T05:35:50,0.426645,0.152892,0.041481,15.72,46.37,Methane,17193.51,unsafe
2017,2024-01-01T05:36:00,1.626692,1.286378,0.822257,17.87,61.97,CleanAir,0.0,safe
2018,2024-01-01T05:36:10,1.704394,1.326872,0.871358,35.1,59.68,CleanAir,0.0,safe
2019,2024-01-01T05:36:20,0.025874,0.031984,0.100854,16.96,68.87,CO,1325.77,unsafe
2020,2024-01-01T05:36:30,0.69413,0.276652,0.15232,39.63,83.46,Propane,2016.3,unsafe
2021,2024-01-01T05:36:40,1.657443,1.302978,0.861117,16.79,32.6,CleanAir,0.0,safe
2022,2024-01-01T05:36:50,0.742765,0.412083,0.026022,38.05,63.27,LPG,4110.37,unsafe
2023,2024-01-01T05:37:00,0.041754,0.300792,0.115924,23.05,66.09,LPG,1880.46,unsafe
2024,2024-01-01T05:37:10,0.191609,0.110198,0.058902,10.26,64.39,Alcohol,151.7,safe
2025,2024-01-01T05:37:20,0.348518,0.009625,0.084108,34.98,61.64,LPG,503.73,safe
2026,2024-01-01T05:37:30,0.735691,0.292958,0.163066,28.12,39.67,Propane,2055.17,unsafe
2027,2024-01-01T05:37:40,0.025804,0.383213,0.112934,18.13,59.07,CO,1825.59,unsafe
2028,2024-01-01T05:37:50,0.578124,0.054906,0.124913,25.31,89.95,Methane,5658.65,unsafe
2029,2024-01-01T05:38:00,0.270611,0.003244,0.068221,14.82,68.39,Smoke,164.11,unsafe
2030,2024-01-01T05:38:10,1.611461,1.280358,0.818524,12.21,67.54,CleanAir,0.0,safe
2031,2024-01-01T05:38:20,0.029313,0.009595,0.134862,19.58,72.19,Hydrogen,1002.44,safe
2032,2024-01-01T05:38:30,0.009677,0.168569,0.067734,16.26,30.14,CO,254.13,unsafe
2033,2024-01-01T05:38:40,0.442103,0.013163,0.097356,10.24,30.37,LPG,905.2,safe
2034,2024-01-01T05:38:50,0.700481,0.112794,0.148225,15.83,86.73,Methane,13043.5,unsafe
2035,2024-01-01T05:39:00,1.615263,1.286217,0.830674,27.94,76.95,CleanAir,0.0,safe
2036,2024-01-01T05:39:10,1.640881,1.270503,0.827127,10.16,56.55,CleanAir,0.0,safe
2037,2024-01-01T05:39:20,1.662805,1.308742,0.849602,25.21,59.79,CleanAir,0.0,safe
2038,2024-01-01T05:39:30,0.62483,0.019453,0.135168,23.6,75.96,Propane,1542.03,unsafe
2039,2024-01-01T05:39:40,0.95459,0.355174,0.198561,37.14,79.3,Propane,4668.56,unsafe
2040,2024-01-01T05:39:50,0.261686,0.009518,0.003216,34.33,53.55,CO,419.2,unsafe
2041,2024-01-01T05:40:00,1.656988,1.287984,0.832621,14.05,44.84,CleanAir,0.0,safe
2042,2024-01-01T05:40:10,0.399026,0.012814,0.006554,36.94,57.96,Hydrogen,855.21,safe
2043,2024-01-01T05:40:20,1.638881,1.304607,0.836171,22.69,59.66,CleanAir,0.0,safe
2044,2024-01-01T05:40:30,1.712318,1.342683,0.898092,37.71,40.33,CleanAir,0.0,safe
2045,2024-01-01T05:40:40,1.721326,1.341655,0.88138,34.2,41.7,CleanAir,0.0,safe
2046,2024-01-01T05:40:50,0.015792,0.012971,0.083325,34.42,85.01,CO,651.61,unsafe
2047,2024-01-01T05:41:00,1.701378,1.302507,0.844133,19.11,43.09,CleanAir,0.0,safe
2048,2024-01-01T05:41:10,1.627943,1.285498,0.828679,24.97,63.4,CleanAir,0.0,safe
2049,2024-01-01T05:41:20,1.675283,1.305507,0.840444,36.13,67.55,CleanAir,0.0,safe
2050,2024-01-01T05:41:30,0.464525,0.016238,0.159023,38.94,87.99,Hydrogen,1524.33,safe
2051,2024-01-01T05:41:40,1.641159,1.284375,0.832177,33.33,88.41,CleanAir,0.0,safe
2052,2024-01-01T05:41:50,1.61322,1.269957,0.821609,14.66,74.36,CleanAir,0.0,safe
2053,2024-01-01T05:42:00,0.716348,0.387611,0.142895,12.32,55.9,LPG,4049.82,unsafe
2054,2024-01-01T05:42:10,1.659849,1.305282,0.853809,11.49,36.68,CleanAir,0.0,safe
2055,2024-01-01T05:42:20,1.675467,1.299476,0.849248,33.44,72.14,CleanAir,0.0,safe
2056,2024-01-01T05:42:30,1.68013,1.339539,0.882127,22.94,38.82,CleanAir,0.0,safe
2057,2024-01-01T05:42:40,1.667652,1.315302,0.847993,35.38,69.2,CleanAir,0.0,safe
2058,2024-01-01T05:42:50,1.657816,1.265375,0.806113,23.14,81.45,CleanAir,0.0,safe
2059,2024-01-01T05:43:00,1.632486,1.304653,0.83087,10.91,42.48,CleanAir,0.0,safe
2060,2024-01-01T05:43:10,0.052213,0.015997,0.180813,12.66,76.83,Hydrogen,2523.79,safe
2061,2024-01-01T05:43:20,0.02554,0.223165,0.006522,38.11,75.9,LPG,759.61,safe
2062,2024-01-01T05:43:30,1.653502,1.340194,0.900147,25.42,34.38,CleanAir,0.0,safe
2063,2024-01-01T05:43:40,0.433796,0.179896,0.108406,32.28,70.46,Smoke,397.23,unsafe
2064,2024-01-01T05:43:50,1.682204,1.321462,0.864687,28.41,53.13,CleanAir,0.0,safe
2065,2024-01-01T05:44:00,0.319072,0.334787,0.009842,32.87,80.11,CO,1335.3,unsafe
2066,2024-01-01T05:44:10,1.666951,1.252382,0.859228,11.0,49.78,CleanAir,0.0,safe
2067,2024-01-01T05:44:20,0.435216,0.183712,0.110811,19.35,34.62,Smoke,365.15,unsafe
2068,2024-01-01T05:44:30,1.64069,1.263616,0.813527,11.26,57.13,CleanAir,0.0,safe
2069,2024-01-01T05:44:40,0.067501,0.285339,0.029398,18.06,73.85,Hydrogen,4889.23,safe
2070,2024-01-01T05:44:50,0.006431,0.003222,0.05217,14.83,48.71,CO,111.41,unsafe
2071,2024-01-01T05:45:00,0.389623,0.214675,0.087099,32.31,70.67,LPG,668.09,safe
2072,2024-01-01T05:45:10,0.35361,0.029215,0.120572,23.01,36.84,CO,1712.64,unsafe
2073,2024-01-01T05:45:20,0.166119,0.003184,0.0,17.92,39.92,Smoke,54.75,unsafe
2074,2024-01-01T05:45:30,0.404078,0.016052,0.180946,31.6,45.83,Alcohol,1743.52,unsafe
2075,2024-01-01T05:45:40,0.552576,0.031747,0.111254,13.98,66.2,LPG,2010.7,unsafe
2076,2024-01-01T05:45:50,0.471069,0.022598,0.01613,19.17,50.55,Hydrogen,1542.53,safe
2077,2024-01-01T05:46:00,0.238636,0.132762,0.003257,29.72,86.72,Alcohol,325.7,safe
2078,2024-01-01T05:46:10,1.662951,1.289792,0.831386,23.44,59.98,CleanAir,0.0,safe
2079,2024-01-01T05:46:20,1.599256,1.272831,0.78569,10.96,76.26,CleanAir,0.0,safe
2080,2024-01-01T05:46:30,1.685499,1.347523,0.855336,33.69,57.96,CleanAir,0.0,safe
2081,2024-01-01T05:46:40,0.145422,0.089937,0.038652,17.14,30.19,Smoke,40.62,safe
2082,2024-01-01T05:46:50,0.641513,0.348046,0.128366,34.36,73.43,LPG,2762.31,unsafe
2083,2024-01-01T05:47:00,0.46164,0.222236,0.155274,20.84,60.24,Hydrogen,1519.87,safe
2084,2024-01-01T05:47:10,1.640908,1.290404,0.850152,33.35,69.68,CleanAir,0.0,safe
2085,2024-01-01T05:47:20,0.361341,0.016112,0.163608,13.23,88.76,Alcohol,1906.26,unsafe
2086,2024-01-01T05:47:30,1.623023,1.315599,0.839982,16.73,53.05,CleanAir,0.0,safe
2087,2024-01-01T05:47:40,1.726312,1.356138,0.876397,36.24,46.07,CleanAir,0.0,safe
2088,2024-01-01T05:47:50,0.550409,0.30592,0.117877,32.61,44.94,LPG,1687.58,unsafe
2089,2024-01-01T05:48:00,1.628638,1.281996,0.825782,19.88,65.66,CleanAir,0.0,safe
2090,2024-01-01T05:48:10,0.035306,0.360997,0.109762,12.25,45.6,CO,1591.42,unsafe
2091,2024-01-01T05:48:20,1.666384,1.312273,0.848051,13.55,35.98,CleanAir,0.0,safe
2092,2024-01-01T05:48:30,0.740004,0.409353,0.149019,17.2,66.9,LPG,4746.68,unsafe
2093,2024-01-01T05:48:40,1.713024,1.319022,0.870232,34.79,48.74,CleanAir,0.0,safe
2094,2024-01-01T05:48:50,1.63974,1.297169,0.840789,30.31,79.04,CleanAir,0.0,safe
2095,2024-01-01T05:49:00,1.637021,1.253995,0.818987,28.8,84.08,CleanAir,0.0,safe
2096,2024-01-01T05:49:10,1.65599,1.300874,0.85948,37.28,75.81,CleanAir,0.0,safe
2097,2024-01-01T05:49:20,0.305538,0.009695,0.003203,18.01,80.85,LPG,420.17,safe
2098,2024-01-01T05:49:30,0.613767,0.60158,0.019272,31.07,54.95,Methane,5912.72,unsafe
2099,2024-01-01T05:49:40,1.679016,1.315692,0.867593,30.27,61.43,CleanAir,0.0,safe
2100,2024-01-01T05:49:50,1.711854,1.327488,0.879463,35.73,48.16,CleanAir,0.0,safe
2101,2024-01-01T05:50:00,0.604439,0.279947,0.218426,34.19,60.26,Hydrogen,3387.24,safe
2102,2024-01-01T05:50:10,0.089594,0.051487,0.251884,36.67,54.75,Hydrogen,4608.46,safe
2103,2024-01-01T05:50:20,0.226293,0.117118,0.058671,11.32,80.46,Smoke,123.0,unsafe
2104,2024-01-01T05:50:30,0.753755,0.278269,0.022656,19.74,84.94,Methane,16060.31,unsafe
2105,2024-01-01T05:50:40,0.016353,0.161865,0.089685,25.88,69.57,Smoke,270.41,unsafe
2106,2024-01-01T05:50:50,0.612551,0.131135,0.13482,11.33,69.69,Methane,6931.66,unsafe
2107,2024-01-01T05:51:00,0.062106,0.232186,0.169013,28.93,67.45,Hydrogen,1795.93,safe
2108,2024-01-01T05:51:10,0.650628,0.636184,0.140594,19.06,89.24,Methane,9416.8,unsafe
2109,2024-01-01T05:51:20,0.22277,0.112339,0.053989,17.76,87.38,Smoke,116.11,unsafe
2110,2024-01-01T05:51:30,1.663145,1.337891,0.870111,36.42,63.3,CleanAir,0.0,safe
2111,2024-01-01T05:51:40,1.677837,1.284134,0.865412,29.03,56.38,CleanAir,0.0,safe
2112,2024-01-01T05:51:50,0.89356,0.333927,0.188438,17.26,88.79,Propane,4689.62,unsafe
2113,2024-01-01T05:52:00,0.134653,0.318506,0.021983,24.22,69.14,Propane,3509.13,unsafe
2114,2024-01-01T05:52:10,0.153012,0.077107,0.0,10.73,65.64,CO,63.01,unsafe
2115,2024-01-01T05:52:20,0.299346,0.160724,0.116812,24.05,62.4,Alcohol,674.89,safe
2116,2024-01-01T05:52:30,0.522572,0.016352,0.185346,37.1,58.57,Hydrogen,1991.65,safe
2117,2024-01-01T05:52:40,0.058778,0.026162,0.019603,10.92,63.66,Hydrogen,2288.46,safe
2118,2024-01-01T05:52:50,0.619084,0.281235,0.01982,18.9,61.35,Hydrogen,3943.97,safe
2119,2024-01-01T05:53:00,1.695129,1.319848,0.874216,23.36,43.91,CleanAir,0.0,safe
2120,2024-01-01T05:53:10,0.618664,0.289042,0.224761,38.78,75.29,Hydrogen,3778.33,safe
2121,2024-01-01T05:53:20,1.673965,1.308355,0.849826,25.92,48.61,CleanAir,0.0,safe
2122,2024-01-01T05:53:30,0.282509,0.138268,0.003273,17.77,49.46,Propane,221.83,safe
2123,2024-01-01T05:53:40,0.582127,0.012811,0.154219,16.89,47.79,Smoke,816.93,unsafe
2124,2024-01-01T05:53:50,1.619075,1.292531,0.839467,25.38,81.18,CleanAir,0.0,safe
2125,2024-01-01T05:54:00,0.403356,0.837558,0.173946,34.93,53.38,Methane,15461.84,unsafe
2126,2024-01-01T05:54:10,0.326075,0.380494,0.114487,23.59,83.67,CO,1933.49,unsafe
2127,2024-01-01T05:54:20,1.662986,1.3442,0.876757,34.17,44.14,CleanAir,0.0,safe
2128,2024-01-01T05:54:30,1.621668,1.283975,0.829782,22.7,65.87,CleanAir,0.0,safe
2129,2024-01-01T05:54:40,0.022496,0.177151,0.097862,23.28,41.58,Propane,453.03,safe
2130,2024-01-01T05:54:50,1.641168,1.298009,0.860666,26.74,49.37,CleanAir,0.0,safe
2131,2024-01-01T05:55:00,0.648729,0.653368,0.142162,19.42,60.24,Methane,8461.42,unsafe
2132,2024-01-01T05:55:10,1.663335,1.294097,0.826111,24.28,69.03,CleanAir,0.0,safe
2133,2024-01-01T05:55:20,1.617543,1.281154,0.822678,14.47,61.77,CleanAir,0.0,safe
2134,2024-01-01T05:55:30,1.677625,1.343751,0.889889,32.7,36.51,CleanAir,0.0,safe
2135,2024-01-01T05:55:40,0.654203,0.656511,0.015868,19.0,82.04,Methane,8896.12,unsafe
2136,2024-01-01T05:55:50,0.579844,0.012889,0.148034,11.19,30.26,Smoke,726.6,unsafe
2137,2024-01-01T05:56:00,0.558291,0.033023,0.191452,33.54,43.93,Hydrogen,2317.64,safe
2138,2024-01-01T05:56:10,0.33347,0.363022,0.109849,39.06,82.3,CO,1547.39,unsafe
2139,2024-01-01T05:56:20,0.022223,0.209922,0.084955,28.85,83.25,LPG,683.5,safe
2140,2024-01-01T05:56:30,0.427467,0.006438,0.00648,34.67,51.61,Smoke,356.14,unsafe
2141,2024-01-01T05:56:40,1.699345,1.356456,0.875442,32.64,48.85,CleanAir,0.0,safe
2142,2024-01-01T05:56:50,1.62693,1.306973,0.834713,28.98,81.86,CleanAir,0.0,safe
2143,2024-01-01T05:57:00,1.636218,1.283436,0.82897,25.77,74.57,CleanAir,0.0,safe
2144,2024-01-01T05:57:10,0.554753,0.224807,0.141005,29.09,57.28,Smoke,688.97,unsafe
2145,2024-01-01T05:57:20,1.671762,1.329022,0.877107,24.12,40.03,CleanAir,0.0,safe
2146,2024-01-01T05:57:30,1.633638,1.299156,0.846516,27.35,68.33,CleanAir,0.0,safe
2147,2024-01-01T05:57:40,1.62612,1.257678,0.791435,10.82,66.26,CleanAir,0.0,safe
2148,2024-01-01T05:57:50,0.038421,0.012841,0.009654,17.16,87.89,Smoke,912.22,unsafe
2149,2024-01-01T05:58:00,1.648174,1.310145,0.841227,25.81,60.17,CleanAir,0.0,safe
2150,2024-01-01T05:58:10,0.55934,0.227929,0.144386,30.0,36.04,Smoke,658.6,unsafe
2151,2024-01-01T05:58:20,0.098317,0.602849,0.130897,17.38,30.55,Methane,5637.96,unsafe
2152,2024-01-01T05:58:30,1.619,1.281171,0.8225,27.02,78.6,CleanAir,0.0,safe
2153,2024-01-01T05:58:40,0.337416,0.38073,0.11437,28.51,78.78,CO,1817.66,unsafe
2154,2024-01-01T05:58:50,1.626511,1.309998,0.846025,33.18,77.36,CleanAir,0.0,safe
2155,2024-01-01T05:59:00,1.632281,1.295894,0.858456,19.35,50.58,CleanAir,0.0,safe
2156,2024-01-01T05:59:10,0.266779,0.242022,0.085341,33.57,82.37,CO,625.71,unsafe
2157,2024-01-01T05:59:20,1.636946,1.283816,0.810868,15.11,63.0,CleanAir,0.0,safe
2158,2024-01-01T05:59:30,0.032383,0.212808,0.145917,18.74,70.25,Hydrogen,1345.25,safe
2159,2024-01-01T05:59:40,0.594841,0.077334,0.128592,32.1,74.14,Methane,5579.94,unsafe
2160,2024-01-01T05:59:50,0.671382,0.313051,0.025743,36.9,73.24,Hydrogen,4999.58,safe
2161,2024-01-01T06:00:00,1.619703,1.271651,0.811339,16.28,71.11,CleanAir,0.0,safe
2162,2024-01-01T06:00:10,0.337478,0.029074,0.006463,13.58,68.49,CO,1976.22,unsafe
2163,2024-01-01T06:00:20,0.637574,0.292258,0.037971,15.56,43.6,Hydrogen,4060.48,safe
2164,2024-01-01T06:00:30,0.019484,0.264653,0.089714,31.16,39.23,CO,642.52,unsafe
2165,2024-01-01T06:00:40,0.304035,0.292523,0.097,35.63,54.81,CO,881.08,unsafe
2166,2024-01-01T06:00:50,0.243538,0.126526,0.16581,29.76,77.34,Methane,17512.49,unsafe
2167,2024-01-01T06:01:00,1.65626,1.273698,0.806448,19.0,72.36,CleanAir,0.0,safe
2168,2024-01-01T06:01:10,1.679094,1.33851,0.871957,26.22,47.45,CleanAir,0.0,safe
2169,2024-01-01T06:01:20,1.638928,1.319046,0.831561,23.8,61.98,CleanAir,0.0,safe
2170,2024-01-01T06:01:30,1.600267,1.278413,0.806235,16.82,78.87,CleanAir,0.0,safe
2171,2024-01-01T06:01:40,0.042422,0.248767,0.188439,21.22,51.59,Hydrogen,2268.13,safe
2172,2024-01-01T06:01:50,1.604317,1.291179,0.814347,11.66,59.83,CleanAir,0.0,safe
2173,2024-01-01T06:02:00,0.009746,0.152221,0.064737,12.0,38.09,CO,229.19,unsafe
2174,2024-01-01T06:02:10,0.366432,0.006393,0.00324,36.38,66.8,Smoke,273.09,unsafe
2175,2024-01-01T06:02:20,0.320448,0.354825,0.103363,15.76,46.26,CO,1455.28,unsafe
2176,2024-01-01T06:02:30,0.372357,0.170919,0.090942,33.9,63.01,Propane,403.6,safe
2177,2024-01-01T06:02:40,1.631001,1.29202,0.8167,10.66,57.4,CleanAir,0.0,safe
2178,2024-01-01T06:02:50,0.300919,0.167797,0.112425,36.45,41.19,Alcohol,547.54,safe
2179,2024-01-01T06:03:00,0.513593,0.281099,0.006422,13.6,70.18,LPG,1615.1,unsafe
2180,2024-01-01T06:03:10,0.068642,0.244493,0.016252,34.93,55.26,Hydrogen,1910.42,safe
2181,2024-01-01T06:03:20,1.666039,1.351056,0.841771,38.64,72.51,CleanAir,0.0,safe
2182,2024-01-01T06:03:30,0.581398,0.015933,0.006521,30.26,39.4,Smoke,752.76,unsafe
2183,2024-01-01T06:03:40,1.578054,1.262992,0.803515,17.44,82.19,CleanAir,0.0,safe
2184,2024-01-01T06:03:50,1.601636,1.295826,0.808075,30.91,85.08,CleanAir,0.0,safe
2185,2024-01-01T06:04:00,0.794912,0.858855,0.175225,11.57,40.48,Methane,18823.94,unsafe
2186,2024-01-01T06:04:10,0.016266,0.17095,0.094221,14.65,42.01,Smoke,307.24,unsafe
2187,2024-01-01T06:04:20,1.608814,1.307208,0.82639,24.02,73.54,CleanAir,0.0,safe
2188,2024-01-01T06:04:30,1.697696,1.354069,0.880999,31.79,39.29,CleanAir,0.0,safe
2189,2024-01-01T06:04:40,0.550869,0.308625,0.113557,18.86,58.55,LPG,1857.17,unsafe
2190,2024-01-01T06:04:50,0.562331,0.542591,0.016315,20.91,66.91,Methane,5004.31,unsafe
2191,2024-01-01T06:05:00,0.11036,0.746804,0.154872,29.23,58.9,Methane,11201.23,unsafe
2192,2024-01-01T06:05:10,1.583504,1.304023,0.818006,22.92,69.54,CleanAir,0.0,safe
2193,2024-01-01T06:05:20,0.515452,0.296625,0.110241,25.85,51.73,LPG,1469.16,unsafe
2194,2024-01-01T06:05:30,1.669025,1.346384,0.863394,32.3,49.47,CleanAir,0.0,safe
2195,2024-01-01T06:05:40,0.509278,0.207958,0.006374,34.85,83.47,Smoke,619.83,unsafe
2196,2024-01-01T06:05:50,1.615546,1.300458,0.825038,17.46,67.71,CleanAir,0.0,safe
2197,2024-01-01T06:06:00,0.205196,0.15159,0.061875,19.5,65.12,CO,224.43,unsafe
2198,2024-01-01T06:06:10,0.692271,0.054723,0.257021,36.34,50.9,Hydrogen,4947.41,safe
2199,2024-01-01T06:06:20,1.632663,1.317384,0.836101,19.88,51.58,CleanAir,0.0,safe
2200,2024-01-01T06:06:30,0.378524,0.205202,0.019503,27.77,71.98,Alcohol,1840.21,unsafe
2201,2024-01-01T06:06:40,1.675734,1.343219,0.873311,35.71,44.03,CleanAir,0.0,safe
2202,2024-01-01T06:06:50,1.599629,1.313327,0.807751,18.85,72.99,CleanAir,0.0,safe
2203,2024-01-01T06:07:00,1.668564,1.333208,0.839451,31.67,72.86,CleanAir,0.0,safe
2204,2024-01-01T06:07:10,1.67611,1.356563,0.876537,35.19,39.35,CleanAir,0.0,safe
2205,2024-01-01T06:07:20,1.627067,1.322244,0.831855,25.59,78.17,CleanAir,0.0,safe
2206,2024-01-01T06:07:30,0.566504,0.265658,0.016262,39.7,67.91,Hydrogen,2548.18,safe
2207,2024-01-01T06:07:40,1.649312,1.34622,0.872798,30.3,45.45,CleanAir,0.0,safe
2208,2024-01-01T06:07:50,0.135772,0.0,0.035283,10.64,51.74,CO,33.66,safe
2209,2024-01-01T06:08:00,0.608024,0.245612,0.131816,17.85,57.47,Propane,1412.56,unsafe
2210,2024-01-01T06:08:10,0.025645,0.374303,0.107809,19.58,48.53,CO,1600.81,unsafe
2211,2024-01-01T06:08:20,1.615626,1.31374,0.839594,31.04,76.02,CleanAir,0.0,safe
2212,2024-01-01T06:08:30,1.65059,1.298795,0.853204,15.68,42.97,CleanAir,0.0,safe
2213,2024-01-01T06:08:40,0.169336,0.153607,0.165172,24.08,31.77,Methane,12238.25,unsafe
2214,2024-01-01T06:08:50,0.319518,0.177792,0.009951,34.41,62.1,Alcohol,814.33,safe
2215,2024-01-01T06:09:00,0.03265,0.012985,0.0096,22.08,43.69,Hydrogen,1195.13,safe
2216,2024-01-01T06:09:10,0.022519,0.319303,0.099589,30.91,55.81,CO,1037.17,unsafe
2217,2024-01-01T06:09:20,0.354333,0.19411,0.01297,27.55,70.19,Alcohol,1347.32,unsafe
2218,2024-01-01T06:09:30,0.786556,0.316574,0.172822,27.11,30.91,Propane,2576.68,unsafe
2219,2024-01-01T06:09:40,0.455523,0.199579,0.115089,39.93,60.29,Smoke,427.83,unsafe
2220,2024-01-01T06:09:50,1.695609,1.36975,0.87506,25.32,33.48,CleanAir,0.0,safe
2221,2024-01-01T06:10:00,0.700942,0.711893,0.026206,24.63,84.85,Methane,12084.59,unsafe
2222,2024-01-01T06:10:10,1.623823,1.257822,0.805549,19.61,85.88,CleanAir,0.0,safe
2223,2024-01-01T06:10:20,0.343533,0.178427,0.140097,11.23,63.76,Alcohol,1214.63,unsafe
2224,2024-01-01T06:10:30,1.605343,1.269322,0.816424,13.88,87.63,CleanAir,0.0,safe
2225,2024-01-01T06:10:40,1.705486,1.326017,0.870161,19.11,34.83,CleanAir,0.0,safe
2226,2024-01-01T06:10:50,0.14847,0.322341,0.247861,31.32,41.65,Hydrogen,4574.8,safe
2227,2024-01-01T06:11:00,0.096656,0.256952,0.185274,14.13,41.44,Hydrogen,2295.24,safe
2228,2024-01-01T06:11:10,0.24742,0.127765,0.062045,36.86,53.68,Smoke,113.6,unsafe
2229,2024-01-01T06:11:20,0.244227,0.200514,0.072845,16.68,36.77,CO,361.7,unsafe
2230,2024-01-01T06:11:30,0.356992,0.009654,0.082862,13.23,37.52,LPG,526.75,safe
2231,2024-01-01T06:11:40,1.64588,1.297881,0.828643,13.76,56.57,CleanAir,0.0,safe
2232,2024-01-01T06:11:50,1.702602,1.321055,0.861109,36.87,74.83,CleanAir,0.0,safe
2233,2024-01-01T06:12:00,0.346933,0.187558,0.142683,27.63,52.49,Alcohol,1024.64,unsafe
2234,2024-01-01T06:12:10,1.680922,1.338224,0.869673,23.75,40.41,CleanAir,0.0,safe
2235,2024-01-01T06:12:20,0.547118,0.301628,0.111603,27.93,85.85,LPG,1885.7,unsafe
2236,2024-01-01T06:12:30,0.087679,0.042739,0.012664,10.4,72.33,Propane,3214.79,unsafe
2237,2024-01-01T06:12:40,0.586992,0.025716,0.207016,23.43,42.32,Hydrogen,2820.75,safe
2238,2024-01-01T06:12:50,1.633335,1.285713,0.814409,18.96,66.76,CleanAir,0.0,safe
2239,2024-01-01T06:13:00,1.680842,1.338435,0.862017,34.87,46.53,CleanAir,0.0,safe
2240,2024-01-01T06:13:10,1.626407,1.298217,0.835912,31.85,89.56,CleanAir,0.0,safe
2241,2024-01-01T06:13:20,1.657962,1.341387,0.872506,26.81,43.01,CleanAir,0.0,safe
2242,2024-01-01T06:13:30,1.68841,1.359887,0.875906,36.84,54.38,CleanAir,0.0,safe
2243,2024-01-01T06:13:40,0.50809,0.211199,0.006522,16.93,45.68,Propane,837.76,safe
2244,2024-01-01T06:13:50,1.647258,1.313955,0.85674,21.46,62.74,CleanAir,0.0,safe
2245,2024-01-01T06:14:00,0.143044,0.30874,0.239887,18.68,48.86,Hydrogen,4726.78,safe
2246,2024-01-01T06:14:10,0.401605,0.179709,0.104011,34.38,71.17,Smoke,343.77,unsafe
2247,2024-01-01T06:14:20,0.357461,0.032152,0.121579,35.65,69.94,CO,1922.06,unsafe
2248,2024-01-01T06:14:30,0.50946,0.249766,0.176544,31.27,39.99,Hydrogen,1731.11,safe
2249,2024-01-01T06:14:40,1.648012,1.334539,0.863564,23.89,45.67,CleanAir,0.0,safe
2250,2024-01-01T06:14:50,0.270654,0.016255,0.087898,36.2,80.23,CO,655.13,unsafe
2251,2024-01-01T06:15:00,1.641565,1.3046,0.842337,35.48,81.83,CleanAir,0.0,safe
2252,2024-01-01T06:15:10,1.692792,1.373702,0.885031,28.54,31.72,CleanAir,0.0,safe
2253,2024-01-01T06:15:20,1.656357,1.312674,0.845882,35.23,81.54,CleanAir,0.0,safe
2254,2024-01-01T06:15:30,0.467995,0.230995,0.009716,32.42,55.01,Hydrogen,1485.5,safe
2255,2024-01-01T06:15:40,0.621848,0.025251,0.022531,20.44,87.42,Hydrogen,4509.35,safe
2256,2024-01-01T06:15:50,1.647962,1.329171,0.863007,10.06,43.93,CleanAir,0.0,safe
2257,2024-01-01T06:16:00,1.610157,1.288123,0.825888,15.18,74.48,CleanAir,0.0,safe
2258,2024-01-01T06:16:10,0.126993,0.341997,0.187354,25.43,89.76,Propane,4421.91,unsafe
2259,2024-01-01T06:16:20,1.640929,1.303967,0.847105,24.46,63.08,CleanAir,0.0,safe
2260,2024-01-01T06:16:30,0.577606,0.321568,0.123451,26.25,58.08,LPG,2071.19,unsafe
2261,2024-01-01T06:16:40,1.639276,1.30576,0.8613,18.46,47.82,CleanAir,0.0,safe
2262,2024-01-01T06:16:50,1.598879,1.272653,0.816951,14.5,87.51,CleanAir,0.0,safe
2263,2024-01-01T06:17:00,1.636352,1.313298,0.839015,28.91,74.19,CleanAir,0.0,safe
2264,2024-01-01T06:17:10,1.616418,1.312778,0.84537,24.99,62.2,CleanAir,0.0,safe
2265,2024-01-01T06:17:20,0.183619,0.113184,0.051735,16.64,46.83,CO,111.38,unsafe
2266,2024-01-01T06:17:30,0.784249,0.294089,0.171044,22.64,50.5,Methane,15714.42,unsafe
2267,2024-01-01T06:17:40,1.647473,1.309112,0.863169,32.01,68.14,CleanAir,0.0,safe
2268,2024-01-01T06:17:50,0.275021,0.276837,0.090534,27.44,81.77,CO,824.92,unsafe
2269,2024-01-01T06:18:00,1.669098,1.371874,0.912076,35.43,33.49,CleanAir,0.0,safe
2270,2024-01-01T06:18:10,1.650071,1.307309,0.865351,12.52,37.61,CleanAir,0.0,safe
2271,2024-01-01T06:18:20,0.037818,0.041482,0.118188,32.65,48.13,CO,1651.55,unsafe
2272,2024-01-01T06:18:30,0.145302,0.045237,0.224165,17.62,54.22,Hydrogen,3882.56,safe
2273,2024-01-01T06:18:40,0.546549,0.233545,0.126728,12.99,33.96,Propane,1055.22,unsafe
2274,2024-01-01T06:18:50,1.584168,1.257533,0.820587,25.26,85.62,CleanAir,0.0,safe
2275,2024-01-01T06:19:00,0.72825,0.048404,0.012902,30.98,79.09,LPG,4677.28,unsafe
2276,2024-01-01T06:19:10,1.643178,1.338898,0.888029,30.45,53.33,CleanAir,0.0,safe
2277,2024-01-01T06:19:20,0.274211,0.006464,0.003267,30.94,50.96,LPG,282.64,safe
2278,2024-01-01T06:19:30,0.044471,0.2364,0.157595,13.07,60.1,Smoke,930.09,unsafe
2279,2024-01-01T06:19:40,1.645676,1.322541,0.855211,36.12,68.54,CleanAir,0.0,safe
2280,2024-01-01T06:19:50,0.664117,0.688649,0.016182,21.49,32.15,Methane,8288.24,unsafe
2281,2024-01-01T06:20:00,1.638684,1.3319,0.884605,36.4,49.35,CleanAir,0.0,safe
2282,2024-01-01T06:20:10,1.621657,1.318406,0.865724,25.91,53.9,CleanAir,0.0,safe
2283,2024-01-01T06:20:20,0.263296,0.149555,0.103015,26.63,86.13,Alcohol,582.05,safe
2284,2024-01-01T06:20:30,1.618472,1.274938,0.83144,19.93,79.09,CleanAir,0.0,safe
2285,2024-01-01T06:20:40,0.003272,0.003171,0.048655,23.26,49.87,CO,77.22,unsafe
2286,2024-01-01T06:20:50,1.643168,1.337227,0.879843,25.0,37.98,CleanAir,0.0,safe
2287,2024-01-01T06:21:00,1.656048,1.336477,0.879495,27.02,38.71,CleanAir,0.0,safe
2288,2024-01-01T06:21:10,0.748054,0.414147,0.153383,34.13,37.84,LPG,3858.42,unsafe
2289,2024-01-01T06:21:20,0.242989,0.140467,0.003173,11.48,54.9,Alcohol,397.54,safe
2290,2024-01-01T06:21:30,1.635313,1.324667,0.856533,22.53,43.86,CleanAir,0.0,safe
2291,2024-01-01T06:21:40,0.675207,0.689208,0.147772,30.63,69.65,Methane,9314.19,unsafe
2292,2024-01-01T06:21:50,0.660693,0.684359,0.147844,34.03,67.04,Methane,8817.31,unsafe
2293,2024-01-01T06:22:00,1.633147,1.30705,0.839159,19.43,55.1,CleanAir,0.0,safe
2294,2024-01-01T06:22:10,1.584946,1.284109,0.83145,18.92,69.31,CleanAir,0.0,safe
2295,2024-01-01T06:22:20,0.270292,0.243884,0.006339,26.89,36.24,CO,566.38,unsafe
2296,2024-01-01T06:22:30,1.637717,1.297118,0.860433,38.62,66.34,CleanAir,0.0,safe
2297,2024-01-01T06:22:40,0.52798,0.012891,0.006396,15.41,84.32,Propane,1256.66,unsafe
2298,2024-01-01T06:22:50,0.453959,0.019552,0.098317,14.98,74.8,LPG,1305.12,unsafe
2299,2024-01-01T06:23:00,0.466917,0.264036,0.102084,30.48,82.03,LPG,1300.06,unsafe
2300,2024-01-01T06:23:10,1.629274,1.302705,0.856429,11.47,30.86,CleanAir,0.0,safe
2301,2024-01-01T06:23:20,0.490003,0.207536,0.128757,23.38,64.79,Smoke,594.57,unsafe
2302,2024-01-01T06:23:30,0.038802,0.232245,0.168193,32.81,85.65,Hydrogen,1905.87,safe
2303,2024-01-01T06:23:40,1.674752,1.324947,0.868088,38.93,60.73,CleanAir,0.0,safe
2304,2024-01-01T06:23:50,0.035382,0.211333,0.171906,31.1,30.57,Alcohol,1515.76,unsafe
2305,2024-01-01T06:24:00,0.278692,0.165724,0.003274,23.09,59.43,LPG,335.5,safe
2306,2024-01-01T06:24:10,1.616503,1.321463,0.841246,31.15,82.91,CleanAir,0.0,safe
2307,2024-01-01T06:24:20,1.632816,1.298737,0.823564,19.99,70.34,CleanAir,0.0,safe
2308,2024-01-01T06:24:30,0.786004,0.828549,0.057579,18.78,65.24,Methane,18531.46,unsafe
2309,2024-01-01T06:24:40,0.327172,0.378506,0.112521,29.8,58.32,CO,1613.97,unsafe
2310,2024-01-01T06:24:50,0.698156,0.149805,0.019871,13.17,63.59,Methane,13949.18,unsafe
2311,2024-01-01T06:25:00,1.606919,1.325535,0.849401,37.17,74.42,CleanAir,0.0,safe
2312,2024-01-01T06:25:10,0.038887,0.022803,0.182254,39.62,36.65,Alcohol,1697.98,unsafe
2313,2024-01-01T06:25:20,1.62716,1.326509,0.842159,18.11,40.3,CleanAir,0.0,safe
2314,2024-01-01T06:25:30,0.284516,0.01904,0.006353,24.76,40.05,CO,827.35,unsafe
2315,2024-01-01T06:25:40,0.055484,0.280867,0.216506,24.57,86.68,Hydrogen,3936.64,safe
2316,2024-01-01T06:25:50,0.068618,0.041447,0.214484,25.32,51.03,Hydrogen,3443.75,safe
2317,2024-01-01T06:26:00,0.441466,0.191126,0.006371,24.87,89.36,Smoke,525.69,unsafe
2318,2024-01-01T06:26:10,0.132438,0.364196,0.133884,19.15,32.05,LPG,2830.42,unsafe
2319,2024-01-01T06:26:20,0.758206,0.801077,0.158579,15.46,89.66,Methane,19145.64,unsafe
2320,2024-01-01T06:26:30,0.587584,0.285594,0.215077,15.18,38.33,Hydrogen,3520.7,safe
2321,2024-01-01T06:26:40,1.605357,1.309191,0.842689,22.77,56.39,CleanAir,0.0,safe
2322,2024-01-01T06:26:50,0.344259,0.19116,0.142986,36.64,51.49,Alcohol,1016.45,unsafe
2323,2024-01-01T06:27:00,1.65045,1.2841,0.822224,17.19,64.97,CleanAir,0.0,safe
2324,2024-01-01T06:27:10,1.648725,1.311017,0.843583,22.49,53.46,CleanAir,0.0,safe
2325,2024-01-01T06:27:20,0.660536,0.372102,0.018938,28.33,61.08,LPG,3143.3,unsafe
2326,2024-01-01T06:27:30,0.27738,0.134033,0.070854,15.08,85.7,Smoke,196.85,unsafe
2327,2024-01-01T06:27:40,0.090851,0.057813,0.128279,30.45,76.24,Methane,5727.76,unsafe
2328,2024-01-01T06:27:50,0.667999,0.38204,0.137934,22.78,43.03,LPG,3302.36,unsafe
2329,2024-01-01T06:28:00,0.221142,0.170499,0.06816,31.83,65.54,CO,265.91,unsafe
2330,2024-01-01T06:28:10,0.839185,0.341468,0.184403,27.91,47.95,Propane,3434.66,unsafe
2331,2024-01-01T06:28:20,0.575299,0.577363,0.123439,13.07,88.15,Methane,6903.92,unsafe
2332,2024-01-01T06:28:30,1.663099,1.363701,0.866701,28.9,45.37,CleanAir,0.0,safe
2333,2024-01-01T06:28:40,1.633466,1.317089,0.856208,31.03,54.8,CleanAir,0.0,safe
2334,2024-01-01T06:28:50,0.090891,0.311752,0.009666,19.76,75.67,LPG,1992.94,unsafe
2335,2024-01-01T06:29:00,0.377809,0.203329,0.168061,12.8,43.24,Alcohol,1693.44,unsafe
2336,2024-01-01T06:29:10,0.042346,0.012942,0.15857,35.08,35.19,Smoke,726.6,unsafe
2337,2024-01-01T06:29:20,0.361452,0.193648,0.155584,37.3,84.01,Alcohol,1472.83,unsafe
2338,2024-01-01T06:29:30,1.623413,1.297991,0.806637,11.77,60.18,CleanAir,0.0,safe
2339,2024-01-01T06:29:40,0.238343,0.208081,0.073729,15.07,61.06,CO,447.46,unsafe
2340,2024-01-01T06:29:50,0.498245,0.210831,0.13372,17.5,40.8,Smoke,573.98,unsafe
2341,2024-01-01T06:30:00,0.26904,0.006511,0.102504,38.26,85.62,Alcohol,505.6,safe
2342,2024-01-01T06:30:10,0.536291,0.2233,0.009637,15.12,74.84,Propane,1220.96,unsafe
2343,2024-01-01T06:30:20,0.02266,0.32529,0.098705,10.3,81.37,CO,1384.46,unsafe
2344,2024-01-01T06:30:30,1.672944,1.339684,0.865707,21.25,35.28,CleanAir,0.0,safe
2345,2024-01-01T06:30:40,1.625252,1.30749,0.851899,27.84,57.09,CleanAir,0.0,safe
2346,2024-01-01T06:30:50,1.647194,1.334327,0.869232,30.0,54.91,CleanAir,0.0,safe
2347,2024-01-01T06:31:00,1.636975,1.31144,0.852801,31.01,58.06,CleanAir,0.0,safe
2348,2024-01-01T06:31:10,0.016175,0.00642,0.003178,24.11,70.71,Propane,352.6,safe
2349,2024-01-01T06:31:20,0.551821,0.031963,0.201261,34.68,63.23,Hydrogen,2620.9,safe
2350,2024-01-01T06:31:30,0.16783,0.003185,0.048914,26.25,34.42,CO,75.89,unsafe
2351,2024-01-01T06:31:40,0.57394,0.571727,0.129807,33.52,71.05,Methane,5237.61,unsafe
2352,2024-01-01T06:31:50,1.620099,1.321892,0.853002,34.29,72.03,CleanAir,0.0,safe
2353,2024-01-01T06:32:00,0.683423,0.281449,0.14943,17.83,70.8,Propane,2225.89,unsafe
2354,2024-01-01T06:32:10,1.598373,1.237375,0.790374,10.68,79.61,CleanAir,0.0,safe
2355,2024-01-01T06:32:20,1.634664,1.321792,0.82951,34.33,73.26,CleanAir,0.0,safe
2356,2024-01-01T06:32:30,1.622488,1.323341,0.844171,27.89,60.75,CleanAir,0.0,safe
2357,2024-01-01T06:32:40,1.721776,1.392217,0.881258,37.45,39.48,CleanAir,0.0,safe
2358,2024-01-01T06:32:50,0.33538,0.389085,0.009599,36.71,51.7,CO,1551.26,unsafe
2359,2024-01-01T06:33:00,0.350082,0.012953,0.155576,30.99,66.98,Alcohol,1451.06,unsafe
2360,2024-01-01T06:33:10,1.592166,1.297542,0.818902,22.12,83.55,CleanAir,0.0,safe
2361,2024-01-01T06:33:20,0.653925,0.307683,0.04121,22.45,59.79,Hydrogen,4676.11,safe
2362,2024-01-01T06:33:30,0.141421,0.850486,0.022722,33.91,67.56,Methane,17445.42,unsafe
2363,2024-01-01T06:33:40,0.640387,0.310052,0.01943,32.69,39.65,Hydrogen,3703.91,safe
2364,2024-01-01T06:33:50,0.699428,0.41384,0.025766,10.02,44.46,LPG,4424.28,unsafe
2365,2024-01-01T06:34:00,1.61923,1.314895,0.830492,16.15,53.63,CleanAir,0.0,safe
2366,2024-01-01T06:34:10,1.594574,1.305825,0.831391,23.51,72.88,CleanAir,0.0,safe
2367,2024-01-01T06:34:20,0.168741,0.104914,0.048487,35.72,71.94,CO,91.51,unsafe
2368,2024-01-01T06:34:30,0.39527,0.019088,0.173059,23.53,30.31,Alcohol,1683.41,unsafe
2369,2024-01-01T06:34:40,0.734897,0.294798,0.159126,12.54,58.67,Propane,2655.83,unsafe
2370,2024-01-01T06:34:50,0.316979,0.166337,0.104368,16.26,56.79,Hydrogen,523.87,safe
2371,2024-01-01T06:35:00,1.653466,1.34077,0.846099,33.78,58.52,CleanAir,0.0,safe
2372,2024-01-01T06:35:10,0.20687,0.150816,0.003227,30.55,67.52,CO,211.12,unsafe
2373,2024-01-01T06:35:20,1.629511,1.315135,0.850071,35.27,63.5,CleanAir,0.0,safe
2374,2024-01-01T06:35:30,1.671546,1.376383,0.8594,30.48,32.87,CleanAir,0.0,safe
2375,2024-01-01T06:35:40,1.649387,1.375524,0.880694,36.12,30.62,CleanAir,0.0,safe
2376,2024-01-01T06:35:50,1.625774,1.317838,0.810764,20.24,58.88,CleanAir,0.0,safe
2377,2024-01-01T06:36:00,0.362685,0.201515,0.159581,11.42,34.79,Alcohol,1561.23,unsafe
2378,2024-01-01T06:36:10,0.345474,0.195306,0.144271,37.26,44.92,Alcohol,1060.49,unsafe
2379,2024-01-01T06:36:20,1.681867,1.352375,0.865848,30.01,44.47,CleanAir,0.0,safe
2380,2024-01-01T06:36:30,0.147337,0.387698,0.139289,31.89,47.25,LPG,3095.32,unsafe
2381,2024-01-01T06:36:40,0.393326,0.022405,0.178746,34.16,31.72,Alcohol,1651.33,unsafe
2382,2024-01-01T06:36:50,0.382132,0.209193,0.009648,35.27,48.65,Alcohol,1499.91,unsafe
2383,2024-01-01T06:37:00,0.025701,0.173638,0.00648,37.05,52.81,Alcohol,648.19,safe
2384,2024-01-01T06:37:10,1.645716,1.315701,0.860308,36.94,64.08,CleanAir,0.0,safe
2385,2024-01-01T06:37:20,1.61606,1.272291,0.809256,12.15,65.71,CleanAir,0.0,safe
2386,2024-01-01T06:37:30,0.302561,0.328936,0.099961,17.51,49.17,CO,1191.63,unsafe
2387,2024-01-01T06:37:40,1.652485,1.325864,0.849244,25.69,41.16,CleanAir,0.0,safe
2388,2024-01-01T06:37:50,1.610939,1.295148,0.819302,36.19,83.99,CleanAir,0.0,safe
2389,2024-01-01T06:38:00,1.640445,1.331225,0.851965,34.93,61.13,CleanAir,0.0,safe
2390,2024-01-01T06:38:10,0.291202,0.303156,0.09341,33.64,80.25,CO,995.44,unsafe
2391,2024-01-01T06:38:20,1.594092,1.299351,0.802142,15.19,59.94,CleanAir,0.0,safe
2392,2024-01-01T06:38:30,0.672914,0.695252,0.144741,21.02,46.38,Methane,8902.0,unsafe
2393,2024-01-01T06:38:40,0.392915,0.016035,0.132535,10.25,56.9,Hydrogen,1055.68,safe
2394,2024-01-01T06:38:50,1.693921,1.327277,0.871818,34.21,44.41,CleanAir,0.0,safe
2395,2024-01-01T06:39:00,1.639562,1.33292,0.825084,11.39,41.62,CleanAir,0.0,safe
2396,2024-01-01T06:39:10,0.739898,0.263126,0.019458,23.99,85.02,Methane,14830.83,unsafe
2397,2024-01-01T06:39:20,0.266958,0.250264,0.083384,29.74,67.03,CO,624.81,unsafe
2398,2024-01-01T06:39:30,0.578006,0.234736,0.152452,35.59,57.68,Smoke,770.86,unsafe
2399,2024-01-01T06:39:40,1.586361,1.282512,0.802635,28.21,82.43,CleanAir,0.0,safe
2400,2024-01-01T06:39:50,1.597485,1.300632,0.830681,16.03,49.19,CleanAir,0.0,safe
2401,2024-01-01T06:40:00,0.790333,0.816099,0.16845,28.05,36.58,Methane,14008.24,unsafe
2402,2024-01-01T06:40:10,0.605761,0.237021,0.15328,27.98,86.13,Smoke,966.18,unsafe
2403,2024-01-01T06:40:20,0.79112,0.322648,0.012746,39.66,87.62,Propane,3153.36,unsafe
2404,2024-01-01T06:40:30,0.557071,0.262356,0.016221,19.1,78.52,Hydrogen,3223.83,safe
2405,2024-01-01T06:40:40,0.64323,0.663403,0.016266,20.02,70.08,Methane,8787.55,unsafe
2406,2024-01-01T06:40:50,1.661397,1.355384,0.87264,35.41,44.99,CleanAir,0.0,safe
2407,2024-01-01T06:41:00,1.636481,1.310131,0.816259,12.98,57.63,CleanAir,0.0,safe
2408,2024-01-01T06:41:10,0.309359,0.172845,0.006458,22.59,59.16,Alcohol,826.07,safe
2409,2024-01-01T06:41:20,1.617763,1.286229,0.818078,36.0,88.25,CleanAir,0.0,safe
2410,2024-01-01T06:41:30,1.621317,1.31141,0.804026,10.66,62.44,CleanAir,0.0,safe
2411,2024-01-01T06:41:40,1.661422,1.345256,0.857045,38.35,62.24,CleanAir,0.0,safe
2412,2024-01-01T06:41:50,0.07152,0.292023,0.009694,31.02,62.77,Propane,2232.74,unsafe
2413,2024-01-01T06:42:00,0.345123,0.163384,0.086402,10.1,31.92,Smoke,252.9,unsafe
2414,2024-01-01T06:42:10,1.639177,1.318277,0.834173,20.62,54.6,CleanAir,0.0,safe
2415,2024-01-01T06:42:20,1.646663,1.3025,0.82205,13.83,54.43,CleanAir,0.0,safe
2416,2024-01-01T06:42:30,1.668519,1.331631,0.864198,25.82,37.17,CleanAir,0.0,safe
2417,2024-01-01T06:42:40,1.652052,1.312412,0.833239,10.75,46.37,CleanAir,0.0,safe
2418,2024-01-01T06:42:50,1.627631,1.307047,0.83385,21.78,59.39,CleanAir,0.0,safe
2419,2024-01-01T06:43:00,1.702492,1.364515,0.874083,35.15,48.82,CleanAir,0.0,safe
2420,2024-01-01T06:43:10,1.702728,1.359842,0.871048,27.66,35.18,CleanAir,0.0,safe
2421,2024-01-01T06:43:20,1.644535,1.32959,0.82472,12.65,47.11,CleanAir,0.0,safe
2422,2024-01-01T06:43:30,1.659908,1.358859,0.841987,31.25,51.3,CleanAir,0.0,safe
2423,2024-01-01T06:43:40,0.395306,0.214792,0.012846,22.5,53.16,Alcohol,1951.48,unsafe
2424,2024-01-01T06:43:50,0.122888,0.042095,0.190323,30.18,51.51,Propane,3862.87,unsafe
2425,2024-01-01T06:44:00,1.612022,1.295903,0.803685,17.0,78.65,CleanAir,0.0,safe
2426,2024-01-01T06:44:10,0.631257,0.29535,0.019072,31.64,78.64,Hydrogen,4250.74,safe
2427,2024-01-01T06:44:20,0.035262,0.295,0.11106,37.69,54.0,LPG,1400.53,unsafe
2428,2024-01-01T06:44:30,1.610143,1.293982,0.80673,23.91,73.47,CleanAir,0.0,safe
2429,2024-01-01T06:44:40,1.666192,1.354161,0.862742,22.77,33.2,CleanAir,0.0,safe
2430,2024-01-01T06:44:50,1.647072,1.339041,0.837059,30.65,62.91,CleanAir,0.0,safe
2431,2024-01-01T06:45:00,1.583929,1.291825,0.784158,20.2,84.5,CleanAir,0.0,safe
2432,2024-01-01T06:45:10,1.666549,1.334969,0.839348,32.34,55.32,CleanAir,0.0,safe
2433,2024-01-01T06:45:20,0.026464,0.009579,0.099049,14.67,49.42,Propane,624.81,safe
2434,2024-01-01T06:45:30,0.597132,0.235137,0.150146,16.48,63.14,Smoke,928.07,unsafe
2435,2024-01-01T06:45:40,0.029282,0.199275,0.118788,10.06,78.89,Smoke,594.02,unsafe
2436,2024-01-01T06:45:50,0.309059,0.180031,0.003219,34.4,30.63,LPG,328.68,safe
2437,2024-01-01T06:46:00,1.691117,1.315814,0.828438,17.68,41.45,CleanAir,0.0,safe
2438,2024-01-01T06:46:10,0.375849,0.012685,0.006405,21.94,61.17,LPG,671.78,safe
2439,2024-01-01T06:46:20,1.698287,1.358636,0.873284,29.24,37.31,CleanAir,0.0,safe
2440,2024-01-01T06:46:30,1.599446,1.250009,0.786836,21.41,86.66,CleanAir,0.0,safe
2441,2024-01-01T06:46:40,0.358515,0.034882,0.009699,39.54,35.05,CO,1695.49,unsafe
2442,2024-01-01T06:46:50,1.631285,1.314132,0.842066,26.06,60.82,CleanAir,0.0,safe
2443,2024-01-01T06:47:00,0.724079,0.411,0.019635,36.03,84.6,LPG,4070.96,unsafe
2444,2024-01-01T06:47:10,0.640842,0.016153,0.009738,39.37,37.67,Smoke,833.41,unsafe
2445,2024-01-01T06:47:20,0.045165,0.022638,0.009699,25.99,82.91,LPG,1796.68,unsafe
2446,2024-01-01T06:47:30,0.840378,0.029049,0.016304,12.54,82.19,Propane,3988.63,unsafe
2447,2024-01-01T06:47:40,0.349906,0.187772,0.132319,30.63,37.52,Alcohol,872.91,safe
2448,2024-01-01T06:47:50,0.392072,0.015934,0.01303,19.23,40.94,Alcohol,1928.26,unsafe
2449,2024-01-01T06:48:00,0.617317,0.255331,0.009771,38.96,83.5,Propane,1433.04,unsafe
2450,2024-01-01T06:48:10,1.633847,1.339609,0.830999,25.96,51.56,CleanAir,0.0,safe
2451,2024-01-01T06:48:20,0.033147,0.009639,0.006473,38.85,80.86,Smoke,556.14,unsafe
2452,2024-01-01T06:48:30,0.675879,0.124768,0.145006,36.19,51.36,Methane,7863.3,unsafe
2453,2024-01-01T06:48:40,0.501363,0.237872,0.168806,18.78,79.84,Hydrogen,2194.82,safe
2454,2024-01-01T06:48:50,0.952363,0.048611,0.194156,38.89,74.41,Propane,4684.85,unsafe
2455,2024-01-01T06:49:00,1.615534,1.318746,0.812215,14.6,51.32,CleanAir,0.0,safe
2456,2024-01-01T06:49:10,0.441524,0.255167,0.095579,28.56,62.71,LPG,1001.31,unsafe
2457,2024-01-01T06:49:20,0.630629,0.241566,0.009662,22.02,57.22,Smoke,953.73,unsafe
2458,2024-01-01T06:49:30,0.299724,0.311067,0.092247,33.49,86.54,CO,1089.11,unsafe
2459,2024-01-01T06:49:40,1.634132,1.295725,0.820707,12.76,63.05,CleanAir,0.0,safe
2460,2024-01-01T06:49:50,1.623526,1.274701,0.777477,19.07,81.05,CleanAir,0.0,safe
2461,2024-01-01T06:50:00,1.644048,1.31365,0.819283,25.62,63.73,CleanAir,0.0,safe
2462,2024-01-01T06:50:10,0.516073,0.286041,0.106479,10.8,41.31,LPG,1556.59,unsafe
2463,2024-01-01T06:50:20,0.723124,0.019313,0.190011,34.2,41.27,Smoke,1213.6,unsafe
2464,2024-01-01T06:50:30,1.596065,1.280876,0.785982,10.19,85.42,CleanAir,0.0,safe
2465,2024-01-01T06:50:40,0.028986,0.199366,0.160623,12.29,39.31,Alcohol,1586.92,unsafe
2466,2024-01-01T06:50:50,0.246269,0.205021,0.074941,33.73,76.39,CO,407.88,unsafe
2467,2024-01-01T06:51:00,0.295269,0.006525,0.093168,24.26,69.24,Hydrogen,410.5,safe
2468,2024-01-01T06:51:10,0.060684,0.325225,0.006526,27.16,74.73,LPG,2218.16,unsafe
2469,2024-01-01T06:51:20,1.641729,1.332932,0.815929,35.83,83.35,CleanAir,0.0,safe
2470,2024-01-01T06:51:30,0.442866,0.248914,0.095471,16.48,69.14,LPG,1098.23,unsafe
2471,2024-01-01T06:51:40,1.663926,1.312697,0.828489,14.07,33.39,CleanAir,0.0,safe
2472,2024-01-01T06:51:50,0.763458,0.039104,0.16556,32.67,53.44,Propane,2468.18,unsafe
2473,2024-01-01T06:52:00,0.072832,0.282102,0.14954,21.09,65.43,Propane,2256.73,unsafe
2474,2024-01-01T06:52:10,0.02228,0.328555,0.099051,32.6,84.69,CO,1245.92,unsafe
2475,2024-01-01T06:52:20,0.299881,0.01977,0.006461,14.04,44.35,CO,998.46,unsafe
2476,2024-01-01T06:52:30,1.617707,1.272456,0.795661,16.57,77.15,CleanAir,0.0,safe
2477,2024-01-01T06:52:40,1.634654,1.284108,0.797862,18.14,70.23,CleanAir,0.0,safe
2478,2024-01-01T06:52:50,0.614893,0.03247,0.035081,31.58,83.02,Hydrogen,3961.74,safe
2479,2024-01-01T06:53:00,0.342505,0.396431,0.009677,16.6,41.69,CO,1781.04,unsafe
2480,2024-01-01T06:53:10,1.631347,1.281024,0.830157,34.28,69.21,CleanAir,0.0,safe
2481,2024-01-01T06:53:20,0.507899,0.28512,0.102421,39.47,88.88,LPG,1426.21,unsafe
2482,2024-01-01T06:53:30,0.312568,0.177156,0.006503,23.73,67.76,Alcohol,888.54,safe
2483,2024-01-01T06:53:40,0.318375,0.009705,0.121576,14.51,44.07,Alcohol,839.44,safe
2484,2024-01-01T06:53:50,1.65616,1.323843,0.822695,31.9,61.43,CleanAir,0.0,safe
2485,2024-01-01T06:54:00,1.6904,1.356076,0.867772,39.97,40.6,CleanAir,0.0,safe
2486,2024-01-01T06:54:10,1.609056,1.297878,0.806222,12.75,67.07,CleanAir,0.0,safe
2487,2024-01-01T06:54:20,1.674448,1.360164,0.875343,34.92,40.57,CleanAir,0.0,safe
2488,2024-01-01T06:54:30,1.670063,1.304684,0.822744,32.3,85.12,CleanAir,0.0,safe
2489,2024-01-01T06:54:40,0.250235,0.123532,0.060796,10.54,43.45,Smoke,126.59,unsafe
2490,2024-01-01T06:54:50,1.661099,1.329727,0.846987,23.01,54.16,CleanAir,0.0,safe
2491,2024-01-01T06:55:00,1.733433,1.354941,0.865369,33.76,30.16,CleanAir,0.0,safe
2492,2024-01-01T06:55:10,0.687722,0.714824,0.016342,26.84,48.28,Methane,9395.0,unsafe
2493,2024-01-01T06:55:20,0.536454,0.295961,0.009637,12.62,64.97,LPG,1896.03,unsafe
2494,2024-01-01T06:55:30,0.354631,0.048259,0.013013,27.49,50.56,CO,1874.37,unsafe
2495,2024-01-01T06:55:40,0.20519,0.142655,0.003276,20.45,61.19,CO,190.14,unsafe
2496,2024-01-01T06:55:50,1.670489,1.324971,0.850052,30.13,59.99,CleanAir,0.0,safe
2497,2024-01-01T06:56:00,0.533181,0.24648,0.015869,12.05,50.03,Hydrogen,2264.28,safe
2498,2024-01-01T06:56:10,0.091471,0.036072,0.1344,22.68,70.32,LPG,3912.54,unsafe
2499,2024-01-01T06:56:20,0.718682,0.72617,0.038519,24.94,59.74,Methane,10276.42,unsafe
2500,2024-01-01T06:56:30,0.881196,0.340264,0.179552,16.44,85.18,Propane,4574.9,unsafe
2501,2024-01-01T06:56:40,0.339413,0.405305,0.10869,10.63,44.23,CO,1855.15,unsafe
2502,2024-01-01T06:56:50,0.604408,0.23228,0.147633,10.3,46.48,Smoke,857.31,unsafe
2503,2024-01-01T06:57:00,1.678803,1.283912,0.822147,34.6,87.39,CleanAir,0.0,safe
2504,2024-01-01T06:57:10,1.706629,1.33109,0.861563,32.56,49.77,CleanAir,0.0,safe
2505,2024-01-01T06:57:20,0.263424,0.149978,0.003229,32.55,50.8,Alcohol,343.12,safe
2506,2024-01-01T06:57:30,0.923222,0.355494,0.032155,32.67,46.18,Propane,3815.16,unsafe
2507,2024-01-01T06:57:40,0.022313,0.17626,0.127951,25.89,65.6,Alcohol,911.6,safe
2508,2024-01-01T06:57:50,1.652352,1.286256,0.827532,22.65,63.46,CleanAir,0.0,safe
2509,2024-01-01T06:58:00,1.073884,0.378654,0.028907,23.11,82.38,Smoke,4369.17,unsafe
2510,2024-01-01T06:58:10,1.652468,1.31055,0.822262,16.78,46.59,CleanAir,0.0,safe
2511,2024-01-01T06:58:20,0.0229,0.190982,0.104427,10.07,39.47,Smoke,417.91,unsafe
2512,2024-01-01T06:58:30,1.682938,1.363734,0.860109,38.07,53.59,CleanAir,0.0,safe
2513,2024-01-01T06:58:40,1.664491,1.288388,0.818126,24.11,74.47,CleanAir,0.0,safe
2514,2024-01-01T06:58:50,0.012936,0.200376,0.072105,18.62,62.04,CO,401.11,unsafe
2515,2024-01-01T06:59:00,0.032339,0.212891,0.128573,36.37,82.24,Smoke,613.24,unsafe
2516,2024-01-01T06:59:10,1.692321,1.335772,0.837649,16.23,34.2,CleanAir,0.0,safe
2517,2024-01-01T06:59:20,1.681406,1.353779,0.850074,25.13,42.93,CleanAir,0.0,safe
2518,2024-01-01T06:59:30,0.244481,0.204209,0.069747,12.48,61.06,CO,441.65,unsafe
2519,2024-01-01T06:59:40,1.651788,1.2998,0.816088,33.47,81.19,CleanAir,0.0,safe
2520,2024-01-01T06:59:50,0.781257,0.308621,0.163856,37.07,58.37,Propane,2455.88,unsafe
2521,2024-01-01T07:00:00,1.618433,1.265888,0.792127,17.5,89.84,CleanAir,0.0,safe
2522,2024-01-01T07:00:10,0.067538,0.359683,0.013035,31.39,39.74,LPG,2376.57,unsafe
2523,2024-01-01T07:00:20,1.750924,1.355067,0.868929,32.1,32.08,CleanAir,0.0,safe
2524,2024-01-01T07:00:30,0.474559,0.016286,0.097103,16.69,80.43,LPG,1334.1,unsafe
2525,2024-01-01T07:00:40,1.659963,1.309312,0.825056,12.09,53.49,CleanAir,0.0,safe
2526,2024-01-01T07:00:50,1.647556,1.298953,0.806035,26.02,76.17,CleanAir,0.0,safe
2527,2024-01-01T07:01:00,0.889828,0.045342,0.188516,31.13,70.51,Propane,4263.58,unsafe
2528,2024-01-01T07:01:10,0.869963,0.903798,0.187048,33.52,32.95,Methane,18847.42,unsafe
2529,2024-01-01T07:01:20,0.012723,0.006479,0.093919,13.02,88.87,Alcohol,554.48,safe
2530,2024-01-01T07:01:30,0.022663,0.220812,0.006493,18.81,31.0,LPG,666.58,safe
2531,2024-01-01T07:01:40,0.602469,0.332816,0.118354,16.92,35.76,LPG,2093.88,unsafe
2532,2024-01-01T07:01:50,1.614501,1.266877,0.784165,11.62,79.47,CleanAir,0.0,safe
2533,2024-01-01T07:02:00,0.779726,0.798909,0.032045,32.83,53.13,Methane,13338.01,unsafe
2534,2024-01-01T07:02:10,1.633827,1.308668,0.808705,27.96,71.79,CleanAir,0.0,safe
2535,2024-01-01T07:02:20,1.656594,1.297685,0.826658,23.31,54.86,CleanAir,0.0,safe
2536,2024-01-01T07:02:30,1.630622,1.305613,0.815756,13.16,38.66,CleanAir,0.0,safe
2537,2024-01-01T07:02:40,0.029177,0.022693,0.012897,36.43,45.72,Alcohol,1727.75,unsafe
2538,2024-01-01T07:02:50,0.302554,0.009743,0.107174,36.19,63.22,Alcohol,582.81,safe
2539,2024-01-01T07:03:00,0.734055,0.031918,0.155485,39.76,63.51,Propane,2093.69,unsafe
2540,2024-01-01T07:03:10,1.648143,1.322723,0.826036,20.76,52.37,CleanAir,0.0,safe
2541,2024-01-01T07:03:20,0.308199,0.022543,0.095714,23.49,66.1,CO,1199.45,unsafe
2542,2024-01-01T07:03:30,1.624634,1.290633,0.787478,19.51,84.42,CleanAir,0.0,safe
2543,2024-01-01T07:03:40,1.671415,1.325426,0.827529,21.46,53.71,CleanAir,0.0,safe
2544,2024-01-01T07:03:50,1.657144,1.328706,0.823911,16.75,45.03,CleanAir,0.0,safe
2545,2024-01-01T07:04:00,1.653874,1.308846,0.805898,29.03,78.58,CleanAir,0.0,safe
2546,2024-01-01T07:04:10,1.614066,1.302039,0.812737,29.15,77.47,CleanAir,0.0,safe
2547,2024-01-01T07:04:20,0.654248,0.367295,0.009675,22.4,79.76,LPG,3337.79,unsafe
2548,2024-01-01T07:04:30,0.60937,0.03197,0.016317,33.04,84.46,Hydrogen,3711.23,safe
2549,2024-01-01T07:04:40,0.701787,0.718024,0.015764,14.38,70.58,Methane,11645.97,unsafe
2550,2024-01-01T07:04:50,1.652115,1.322828,0.826793,38.35,68.55,CleanAir,0.0,safe
2551,2024-01-01T07:05:00,1.641571,1.310629,0.810928,31.17,75.21,CleanAir,0.0,safe
2552,2024-01-01T07:05:10,1.613003,1.278191,0.800292,15.1,69.15,CleanAir,0.0,safe
2553,2024-01-01T07:05:20,0.612067,0.296852,0.211751,36.07,37.51,Hydrogen,3092.08,safe
2554,2024-01-01T07:05:30,1.67042,1.331192,0.833563,28.88,47.21,CleanAir,0.0,safe
2555,2024-01-01T07:05:40,1.618137,1.27967,0.808633,23.64,82.12,CleanAir,0.0,safe
2556,2024-01-01T07:05:50,1.640504,1.33215,0.816561,20.2,49.07,CleanAir,0.0,safe
2557,2024-01-01T07:06:00,1.637062,1.288181,0.825263,23.07,67.6,CleanAir,0.0,safe
2558,2024-01-01T07:06:10,0.421301,0.181912,0.099002,31.42,84.46,Smoke,387.7,unsafe
2559,2024-01-01T07:06:20,1.648128,1.310743,0.820325,32.99,78.26,CleanAir,0.0,safe
2560,2024-01-01T07:06:30,1.62378,1.306514,0.800012,32.13,83.97,CleanAir,0.0,safe
2561,2024-01-01T07:06:40,1.676983,1.305695,0.828688,21.02,50.59,CleanAir,0.0,safe
2562,2024-01-01T07:06:50,0.614468,0.24481,0.155808,28.27,43.03,Smoke,838.3,unsafe
2563,2024-01-01T07:07:00,0.462834,0.225913,0.148882,24.38,46.47,Hydrogen,1403.58,safe
2564,2024-01-01T07:07:10,0.147396,0.160893,0.164404,25.35,79.93,Methane,19545.2,unsafe
2565,2024-01-01T07:07:20,1.674608,1.349377,0.843996,14.77,35.9,CleanAir,0.0,safe
2566,2024-01-01T07:07:30,1.6661,1.33692,0.847243,22.81,37.26,CleanAir,0.0,safe
2567,2024-01-01T07:07:40,1.637532,1.337846,0.833116,31.35,51.4,CleanAir,0.0,safe
2568,2024-01-01T07:07:50,0.285455,0.144061,0.003253,39.31,34.05,Smoke,138.37,unsafe
2569,2024-01-01T07:08:00,0.930375,0.351592,0.035456,10.01,55.64,Propane,4929.66,unsafe
2570,2024-01-01T07:08:10,1.613912,1.25358,0.77302,15.5,81.48,CleanAir,0.0,safe
2571,2024-01-01T07:08:20,0.325687,0.178271,0.123466,15.35,51.07,Alcohol,901.62,safe
2572,2024-01-01T07:08:30,0.551646,0.265131,0.186752,27.4,40.37,Hydrogen,2360.5,safe
2573,2024-01-01T07:08:40,0.945308,0.365673,0.025285,12.04,35.0,Propane,4804.83,unsafe
2574,2024-01-01T07:08:50,1.596175,1.28961,0.80101,24.35,78.96,CleanAir,0.0,safe
2575,2024-01-01T07:09:00,0.099475,0.399573,0.137147,11.67,31.73,LPG,3691.85,unsafe
2576,2024-01-01T07:09:10,0.689793,0.03894,0.009741,19.91,41.15,LPG,3622.31,unsafe
2577,2024-01-01T07:09:20,1.646042,1.326925,0.805255,39.41,82.19,CleanAir,0.0,safe
2578,2024-01-01T07:09:30,0.099905,0.039221,0.01589,25.2,39.33,Hydrogen,3017.9,safe
2579,2024-01-01T07:09:40,0.664261,0.050687,0.012865,18.44,59.08,LPG,3111.22,unsafe
2580,2024-01-01T07:09:50,1.682127,1.335126,0.832134,26.13,45.63,CleanAir,0.0,safe
2581,2024-01-01T07:10:00,1.603192,1.260321,0.781311,10.1,67.37,CleanAir,0.0,safe
2582,2024-01-01T07:10:10,1.624709,1.300737,0.809246,30.58,70.82,CleanAir,0.0,safe
2583,2024-01-01T07:10:20,0.355503,0.190325,0.142157,16.73,67.82,Alcohol,1396.4,unsafe
2584,2024-01-01T07:10:30,0.153417,0.382756,0.130163,27.88,52.75,LPG,3163.54,unsafe
2585,2024-01-01T07:10:40,1.652189,1.328776,0.832202,33.83,57.47,CleanAir,0.0,safe
2586,2024-01-01T07:10:50,1.658937,1.327886,0.833501,29.81,52.61,CleanAir,0.0,safe
2587,2024-01-01T07:11:00,0.199825,0.117203,0.05492,27.06,49.15,Alcohol,139.46,safe
2588,2024-01-01T07:11:10,1.655496,1.325169,0.819935,34.93,71.11,CleanAir,0.0,safe
2589,2024-01-01T07:11:20,0.766996,0.426891,0.145783,24.74,54.56,LPG,4759.03,unsafe
2590,2024-01-01T07:11:30,0.646744,0.361717,0.121874,19.35,83.06,LPG,3269.75,unsafe
2591,2024-01-01T07:11:40,0.608936,0.096743,0.128558,13.29,43.37,Methane,6410.25,unsafe
2592,2024-01-01T07:11:50,1.64262,1.322449,0.807185,12.04,47.3,CleanAir,0.0,safe
2593,2024-01-01T07:12:00,1.665506,1.313,0.798821,10.34,38.88,CleanAir,0.0,safe
2594,2024-01-01T07:12:10,0.609322,0.242008,0.009733,29.4,43.15,Smoke,791.33,unsafe
2595,2024-01-01T07:12:20,1.649487,1.292054,0.799362,24.12,76.79,CleanAir,0.0,safe
2596,2024-01-01T07:12:30,0.523382,0.214203,0.124152,10.23,85.78,Smoke,739.73,unsafe
2597,2024-01-01T07:12:40,0.127472,0.025748,0.17384,28.35,40.85,Propane,2963.21,unsafe
2598,2024-01-01T07:12:50,0.114059,0.287015,0.206874,26.8,71.91,Hydrogen,3718.14,safe
2599,2024-01-01T07:13:00,1.713677,1.388635,0.853587,38.63,40.36,CleanAir,0.0,safe
2600,2024-01-01T07:13:10,1.645722,1.300835,0.791476,18.78,62.71,CleanAir,0.0,safe
2601,2024-01-01T07:13:20,0.573889,0.239738,0.125104,32.01,35.05,Propane,974.45,safe
2602,2024-01-01T07:13:30,0.593187,0.032491,0.197477,25.68,74.76,Hydrogen,3376.46,safe
2603,2024-01-01T07:13:40,1.680704,1.323099,0.824979,26.09,39.05,CleanAir,0.0,safe
2604,2024-01-01T07:13:50,0.025519,0.199209,0.123066,14.04,77.97,Hydrogen,1086.11,safe
2605,2024-01-01T07:14:00,0.019483,0.009525,0.006585,38.35,77.81,Alcohol,604.28,safe
2606,2024-01-01T07:14:10,1.655075,1.286032,0.789214,30.42,81.25,CleanAir,0.0,safe
2607,2024-01-01T07:14:20,0.044117,0.244399,0.006426,12.23,41.8,Smoke,883.58,unsafe
2608,2024-01-01T07:14:30,0.803033,0.035467,0.160777,16.44,57.12,Propane,3088.41,unsafe
2609,2024-01-01T07:14:40,1.624493,1.298714,0.786493,26.34,81.43,CleanAir,0.0,safe
2610,2024-01-01T07:14:50,1.636167,1.312796,0.819569,25.61,70.23,CleanAir,0.0,safe
2611,2024-01-01T07:15:00,0.767412,0.129663,0.155032,18.21,38.72,Methane,13018.79,unsafe
2612,2024-01-01T07:15:10,1.609439,1.261814,0.768362,14.33,85.54,CleanAir,0.0,safe
2613,2024-01-01T07:15:20,1.674125,1.36319,0.818523,32.65,40.61,CleanAir,0.0,safe
2614,2024-01-01T07:15:30,0.550983,0.308494,0.106377,25.44,57.51,LPG,1696.81,unsafe
2615,2024-01-01T07:15:40,0.552466,0.260692,0.180551,12.0,64.9,Hydrogen,2712.1,safe
2616,2024-01-01T07:15:50,0.528533,0.254952,0.171627,12.54,37.46,Hydrogen,2161.77,safe
2617,2024-01-01T07:16:00,1.618581,1.287244,0.784366,16.72,75.65,CleanAir,0.0,safe
2618,2024-01-01T07:16:10,0.617753,0.022657,0.12999,20.58,59.56,Propane,1454.97,unsafe
2619,2024-01-01T07:16:20,0.127957,0.279499,0.153804,22.79,58.75,Methane,14449.88,unsafe
2620,2024-01-01T07:16:30,1.642927,1.304697,0.779636,12.43,70.38,CleanAir,0.0,safe
2621,2024-01-01T07:16:40,1.606374,1.276977,0.770313,21.22,87.82,CleanAir,0.0,safe
2622,2024-01-01T07:16:50,1.658572,1.326338,0.786271,15.01,57.68,CleanAir,0.0,safe
2623,2024-01-01T07:17:00,1.645428,1.316506,0.801407,14.17,50.24,CleanAir,0.0,safe
2624,2024-01-01T07:17:10,0.603541,0.243367,0.123371,11.31,67.04,Propane,1451.65,unsafe
2625,2024-01-01T07:17:20,1.648371,1.331412,0.798612,15.75,46.58,CleanAir,0.0,safe
2626,2024-01-01T07:17:30,1.709228,1.341501,0.818145,31.03,60.92,CleanAir,0.0,safe
2627,2024-01-01T07:17:40,0.229501,0.223804,0.164628,21.53,47.86,Methane,18517.66,unsafe
2628,2024-01-01T07:17:50,1.664918,1.337608,0.821588,26.67,38.9,CleanAir,0.0,safe
2629,2024-01-01T07:18:00,0.032451,0.19494,0.009665,32.37,73.74,Alcohol,1361.6,unsafe
2630,2024-01-01T07:18:10,0.531037,0.213955,0.107132,15.49,87.13,Propane,1073.31,unsafe
2631,2024-01-01T07:18:20,0.584298,0.331731,0.115376,34.49,30.9,LPG,1673.67,unsafe
2632,2024-01-01T07:18:30,0.76059,0.309306,0.009518,35.41,40.73,Propane,2055.02,unsafe
2633,2024-01-01T07:18:40,0.02894,0.012976,0.009805,10.37,78.28,Hydrogen,1444.13,safe
2634,2024-01-01T07:18:50,0.332399,0.167241,0.099223,13.03,88.8,Hydrogen,687.74,safe
2635,2024-01-01T07:19:00,1.574476,1.244946,0.747907,10.9,83.74,CleanAir,0.0,safe
2636,2024-01-01T07:19:10,0.729673,0.038601,0.134956,34.25,69.81,LPG,3836.0,unsafe
2637,2024-01-01T07:19:20,0.624981,0.603801,0.124495,18.84,50.78,Methane,6282.38,unsafe
2638,2024-01-01T07:19:30,1.655034,1.309549,0.791498,32.62,83.04,CleanAir,0.0,safe
2639,2024-01-01T07:19:40,0.212807,0.116049,0.049187,16.24,32.47,Smoke,85.93,unsafe
2640,2024-01-01T07:19:50,0.302483,0.019242,0.086294,31.93,61.78,CO,842.65,unsafe
2641,2024-01-01T07:20:00,0.029027,0.195815,0.120247,38.82,75.62,Hydrogen,856.63,safe
2642,2024-01-01T07:20:10,0.724641,0.391044,0.130083,32.28,88.17,LPG,3972.23,unsafe
2643,2024-01-01T07:20:20,1.632087,1.305855,0.807829,33.8,86.24,CleanAir,0.0,safe
2644,2024-01-01T07:20:30,0.506729,0.246093,0.161631,17.44,77.76,Hydrogen,2240.17,safe
2645,2024-01-01T07:20:40,0.040945,0.022393,0.111043,21.59,31.84,LPG,1529.32,unsafe
2646,2024-01-01T07:20:50,1.644533,1.302778,0.783845,30.53,88.98,CleanAir,0.0,safe
2647,2024-01-01T07:21:00,0.270877,0.009446,0.003189,39.44,60.98,CO,457.91,unsafe
2648,2024-01-01T07:21:10,1.692815,1.372376,0.849991,36.16,44.35,CleanAir,0.0,safe
2649,2024-01-01T07:21:20,0.577646,0.551287,0.118556,21.45,82.65,Methane,5525.01,unsafe
2650,2024-01-01T07:21:30,0.299356,0.304019,0.090783,16.24,65.76,CO,1056.76,unsafe
2651,2024-01-01T07:21:40,0.6881,0.325498,0.022268,39.06,62.13,Hydrogen,4726.7,safe
2652,2024-01-01T07:21:50,0.732844,0.298972,0.151451,21.49,50.08,Propane,2219.07,unsafe
2653,2024-01-01T07:22:00,0.029126,0.029082,0.012965,34.12,65.36,CO,1718.77,unsafe
2654,2024-01-01T07:22:10,1.728861,1.382516,0.862547,38.54,34.02,CleanAir,0.0,safe
2655,2024-01-01T07:22:20,0.549067,0.223684,0.133838,20.5,32.06,Smoke,618.05,unsafe
2656,2024-01-01T07:22:30,0.285216,0.003254,0.06485,10.68,48.91,Smoke,162.93,unsafe
2657,2024-01-01T07:22:40,1.677433,1.354272,0.83708,31.59,41.36,CleanAir,0.0,safe
2658,2024-01-01T07:22:50,1.640769,1.295668,0.793171,14.53,62.01,CleanAir,0.0,safe
2659,2024-01-01T07:23:00,0.236354,0.737806,0.146157,25.04,65.17,Methane,10919.7,unsafe
2660,2024-01-01T07:23:10,0.445082,0.221233,0.009627,24.55,84.09,Hydrogen,1399.29,safe
2661,2024-01-01T07:23:20,1.667135,1.373026,0.837636,35.05,60.75,CleanAir,0.0,safe
2662,2024-01-01T07:23:30,1.694636,1.38555,0.867961,35.21,34.93,CleanAir,0.0,safe
2663,2024-01-01T07:23:40,0.266132,0.223946,0.003217,35.32,80.22,CO,501.64,unsafe
2664,2024-01-01T07:23:50,1.661664,1.32248,0.848194,21.41,34.56,CleanAir,0.0,safe
2665,2024-01-01T07:24:00,1.627953,1.286656,0.785642,13.94,71.53,CleanAir,0.0,safe
2666,2024-01-01T07:24:10,1.683852,1.364122,0.85357,28.92,32.3,CleanAir,0.0,safe
2667,2024-01-01T07:24:20,1.709341,1.372923,0.867307,36.28,36.91,CleanAir,0.0,safe
2668,2024-01-01T07:24:30,1.648776,1.334777,0.828938,30.93,60.56,CleanAir,0.0,safe
2669,2024-01-01T07:24:40,0.518808,0.016308,0.113324,31.7,41.81,Propane,743.83,safe
2670,2024-01-01T07:24:50,1.678301,1.315485,0.811064,26.01,58.22,CleanAir,0.0,safe
2671,2024-01-01T07:25:00,0.592138,0.272265,0.191085,38.77,56.04,Hydrogen,2454.48,safe
2672,2024-01-01T07:25:10,0.028882,0.206806,0.154472,36.11,49.49,Alcohol,1360.7,unsafe
2673,2024-01-01T07:25:20,1.645172,1.348344,0.814915,37.36,81.66,CleanAir,0.0,safe
2674,2024-01-01T07:25:30,0.64163,0.629597,0.127847,22.49,73.5,Methane,7374.32,unsafe
2675,2024-01-01T07:25:40,0.009706,0.137945,0.003292,28.01,54.59,Alcohol,266.14,safe
2676,2024-01-01T07:25:50,1.644012,1.27962,0.794611,20.55,77.64,CleanAir,0.0,safe
2677,2024-01-01T07:26:00,0.600576,0.230964,0.140578,16.88,66.73,Smoke,838.4,unsafe
2678,2024-01-01T07:26:10,1.64237,1.288398,0.79802,26.9,82.01,CleanAir,0.0,safe
2679,2024-01-01T07:26:20,1.657897,1.287748,0.809914,17.05,71.98,CleanAir,0.0,safe
2680,2024-01-01T07:26:30,0.363801,0.197445,0.016152,29.21,75.78,Alcohol,1464.78,unsafe
2681,2024-01-01T07:26:40,0.04501,0.41988,0.009674,34.67,74.28,CO,1988.58,unsafe
2682,2024-01-01T07:26:50,0.317796,0.006448,0.003231,14.64,78.28,Smoke,222.04,unsafe
2683,2024-01-01T07:27:00,1.676716,1.388671,0.858725,33.39,31.82,CleanAir,0.0,safe
2684,2024-01-01T07:27:10,0.028348,0.214041,0.080315,32.74,81.85,LPG,658.45,safe
2685,2024-01-01T07:27:20,0.016077,0.266601,0.08732,36.24,38.08,CO,601.28,unsafe
2686,2024-01-01T07:27:30,1.640571,1.316535,0.810261,11.55,53.67,CleanAir,0.0,safe
2687,2024-01-01T07:27:40,1.645546,1.323473,0.79433,11.25,56.25,CleanAir,0.0,safe
2688,2024-01-01T07:27:50,0.766738,0.136552,0.019678,21.85,53.67,Methane,13917.62,unsafe
2689,2024-01-01T07:28:00,0.750255,0.119051,0.150548,13.94,86.38,Methane,17509.12,unsafe
2690,2024-01-01T07:28:10,1.643298,1.297879,0.822158,10.66,39.33,CleanAir,0.0,safe
2691,2024-01-01T07:28:20,0.623842,0.292141,0.029315,16.86,69.67,Hydrogen,4264.25,safe
2692,2024-01-01T07:28:30,1.688953,1.409569,0.865124,36.54,30.69,CleanAir,0.0,safe
2693,2024-01-01T07:28:40,0.596374,0.029292,0.016083,15.75,47.19,Hydrogen,3116.02,safe
2694,2024-01-01T07:28:50,0.343772,0.188754,0.133565,31.51,49.37,Alcohol,970.54,safe
2695,2024-01-01T07:29:00,0.441983,0.196224,0.107979,35.67,69.81,Smoke,403.12,unsafe
2696,2024-01-01T07:29:10,1.681934,1.326265,0.828222,13.94,47.54,CleanAir,0.0,safe
2697,2024-01-01T07:29:20,0.016102,0.260226,0.082683,24.09,40.86,CO,629.73,unsafe
2698,2024-01-01T07:29:30,1.645948,1.318887,0.815714,10.21,43.79,CleanAir,0.0,safe
2699,2024-01-01T07:29:40,0.019,0.009806,0.003183,13.01,40.06,LPG,594.99,safe
2700,2024-01-01T07:29:50,0.028945,0.17226,0.118024,25.89,83.32,Alcohol,856.35,safe
2701,2024-01-01T07:30:00,1.592308,1.300174,0.794338,11.5,66.47,CleanAir,0.0,safe
2702,2024-01-01T07:30:10,1.679354,1.317539,0.799015,34.14,83.46,CleanAir,0.0,safe
2703,2024-01-01T07:30:20,0.041623,0.022893,0.166251,33.23,33.45,Hydrogen,1603.72,safe
2704,2024-01-01T07:30:30,0.831967,0.201457,0.166869,22.37,63.06,Methane,19365.47,unsafe
2705,2024-01-01T07:30:40,0.223553,0.119457,0.0,35.5,76.59,Smoke,98.98,unsafe
2706,2024-01-01T07:30:50,0.116137,0.077161,0.0,25.82,72.35,Smoke,28.73,safe
2707,2024-01-01T07:31:00,1.624085,1.2984,0.785787,15.91,61.96,CleanAir,0.0,safe
2708,2024-01-01T07:31:10,1.696372,1.343133,0.860228,29.39,43.45,CleanAir,0.0,safe
2709,2024-01-01T07:31:20,1.634769,1.282295,0.787786,28.65,89.25,CleanAir,0.0,safe
2710,2024-01-01T07:31:30,0.63458,0.026015,0.12428,39.37,81.85,LPG,2592.27,unsafe
2711,2024-01-01T07:31:40,0.91658,0.363156,0.019284,25.29,69.71,Propane,4764.29,unsafe
2712,2024-01-01T07:31:50,0.881202,0.350968,0.181239,17.46,59.92,Propane,4109.65,unsafe
2713,2024-01-01T07:32:00,0.515053,0.016268,0.168275,11.25,46.64,Hydrogen,2120.52,safe
2714,2024-01-01T07:32:10,0.092437,0.683214,0.141713,22.94,49.31,Methane,8603.56,unsafe
2715,2024-01-01T07:32:20,0.516459,0.019322,0.00646,37.79,48.04,LPG,1254.25,unsafe
2716,2024-01-01T07:32:30,1.602026,1.275973,0.788555,10.17,72.95,CleanAir,0.0,safe
2717,2024-01-01T07:32:40,0.520941,0.252777,0.172891,19.32,85.99,Hydrogen,2650.61,safe
2718,2024-01-01T07:32:50,1.62888,1.327853,0.82998,33.75,66.92,CleanAir,0.0,safe
2719,2024-01-01T07:33:00,1.685808,1.367567,0.864731,38.58,37.31,CleanAir,0.0,safe
2720,2024-01-01T07:33:10,1.626633,1.293067,0.799298,15.99,63.61,CleanAir,0.0,safe
2721,2024-01-01T07:33:20,1.637333,1.295338,0.793987,15.27,60.75,CleanAir,0.0,safe
2722,2024-01-01T07:33:30,1.681439,1.330922,0.845173,17.52,31.7,CleanAir,0.0,safe
2723,2024-01-01T07:33:40,0.71695,0.736987,0.016056,23.25,67.44,Methane,11207.57,unsafe
2724,2024-01-01T07:33:50,0.270714,0.151232,0.003279,17.14,39.43,Alcohol,396.7,safe
2725,2024-01-01T07:34:00,1.620234,1.312963,0.809113,31.86,76.29,CleanAir,0.0,safe
2726,2024-01-01T07:34:10,0.033175,0.214056,0.12627,19.66,45.9,Smoke,584.08,unsafe
2727,2024-01-01T07:34:20,0.272938,0.012997,0.003283,36.36,36.32,CO,445.43,unsafe
2728,2024-01-01T07:34:30,1.632596,1.281641,0.795917,25.68,83.74,CleanAir,0.0,safe
2729,2024-01-01T07:34:40,0.032566,0.192827,0.145512,13.04,81.98,Alcohol,1562.45,unsafe
2730,2024-01-01T07:34:50,1.627376,1.317026,0.800104,10.65,41.78,CleanAir,0.0,safe
2731,2024-01-01T07:35:00,0.534503,0.25564,0.175081,12.42,55.28,Hydrogen,2475.93,safe
2732,2024-01-01T07:35:10,1.608163,1.267711,0.78423,11.27,71.67,CleanAir,0.0,safe
2733,2024-01-01T07:35:20,1.639234,1.301756,0.802165,24.11,76.05,CleanAir,0.0,safe
2734,2024-01-01T07:35:30,1.696881,1.360273,0.868714,38.11,31.05,CleanAir,0.0,safe
2735,2024-01-01T07:35:40,1.598127,1.293147,0.797156,15.12,64.41,CleanAir,0.0,safe
2736,2024-01-01T07:35:50,1.632243,1.344497,0.797341,28.99,83.61,CleanAir,0.0,safe
2737,2024-01-01T07:36:00,1.625146,1.311115,0.80549,21.97,62.48,CleanAir,0.0,safe
2738,2024-01-01T07:36:10,0.012808,0.151608,0.08828,31.39,60.6,Alcohol,399.91,safe
2739,2024-01-01T07:36:20,1.589969,1.279585,0.787421,10.43,71.34,CleanAir,0.0,safe
2740,2024-01-01T07:36:30,1.696092,1.395261,0.862335,37.95,33.96,CleanAir,0.0,safe
2741,2024-01-01T07:36:40,1.651467,1.329631,0.837993,26.68,41.32,CleanAir,0.0,safe
2742,2024-01-01T07:36:50,0.84519,0.34335,0.019382,29.99,42.0,Propane,3188.94,unsafe
2743,2024-01-01T07:37:00,0.251965,0.209343,0.070894,21.82,37.18,CO,382.58,unsafe
2744,2024-01-01T07:37:10,1.635952,1.299395,0.784276,21.14,85.34,CleanAir,0.0,safe
2745,2024-01-01T07:37:20,1.596186,1.313744,0.78546,15.16,75.26,CleanAir,0.0,safe
2746,2024-01-01T07:37:30,0.349414,0.394648,0.006458,21.85,30.28,CO,1493.59,unsafe
2747,2024-01-01T07:37:40,1.65247,1.350226,0.800998,33.06,75.15,CleanAir,0.0,safe
2748,2024-01-01T07:37:50,0.477138,0.202599,0.006556,30.21,78.31,Propane,738.1,safe
2749,2024-01-01T07:38:00,0.729813,0.045614,0.016024,31.2,77.16,LPG,3973.58,unsafe
2750,2024-01-01T07:38:10,1.704241,1.371777,0.869629,39.32,37.09,CleanAir,0.0,safe
2751,2024-01-01T07:38:20,0.218094,0.119211,0.052143,25.1,54.73,Smoke,92.27,unsafe
2752,2024-01-01T07:38:30,1.669359,1.342238,0.835592,37.03,62.18,CleanAir,0.0,safe
2753,2024-01-01T07:38:40,1.656861,1.328833,0.800071,23.69,71.36,CleanAir,0.0,safe
2754,2024-01-01T07:38:50,0.12792,0.873326,0.161562,12.08,57.42,Methane,19928.68,unsafe
2755,2024-01-01T07:39:00,1.574678,1.261505,0.775167,16.59,89.68,CleanAir,0.0,safe
2756,2024-01-01T07:39:10,1.669166,1.326634,0.807473,16.84,58.61,CleanAir,0.0,safe
2757,2024-01-01T07:39:20,0.368419,0.013077,0.116355,32.09,73.9,Hydrogen,755.0,safe
2758,2024-01-01T07:39:30,1.662514,1.322539,0.81764,30.25,64.31,CleanAir,0.0,safe
2759,2024-01-01T07:39:40,1.636312,1.296962,0.810058,10.63,49.11,CleanAir,0.0,safe
2760,2024-01-01T07:39:50,0.08167,0.061151,0.142173,38.41,38.5,LPG,3405.57,unsafe
2761,2024-01-01T07:40:00,0.186789,0.102847,0.041727,22.57,71.96,Smoke,70.49,unsafe
2762,2024-01-01T07:40:10,0.653236,0.366402,0.124972,21.51,38.95,LPG,2621.02,unsafe
2763,2024-01-01T07:40:20,0.191365,0.662166,0.138615,32.13,61.5,Methane,8140.21,unsafe
2764,2024-01-01T07:40:30,0.673129,0.260312,0.009711,37.04,64.37,Smoke,1046.73,unsafe
2765,2024-01-01T07:40:40,0.567633,0.32281,0.009565,34.27,72.07,LPG,1917.67,unsafe
2766,2024-01-01T07:40:50,0.645963,0.025608,0.009645,26.07,64.28,Propane,1585.35,unsafe
2767,2024-01-01T07:41:00,0.219074,0.163024,0.058105,22.83,69.76,CO,246.79,unsafe
2768,2024-01-01T07:41:10,1.661447,1.337315,0.825128,28.82,54.11,CleanAir,0.0,safe
2769,2024-01-01T07:41:20,0.182013,0.003262,0.0,23.03,85.29,CO,123.67,unsafe
2770,2024-01-01T07:41:30,1.659338,1.324393,0.810385,27.34,59.54,CleanAir,0.0,safe
2771,2024-01-01T07:41:40,0.035529,0.329225,0.009627,33.65,36.85,CO,1046.0,unsafe
2772,2024-01-01T07:41:50,0.403334,0.17557,0.003187,21.93,65.45,Smoke,332.88,unsafe
2773,2024-01-01T07:42:00,1.698056,1.353688,0.866016,35.04,38.27,CleanAir,0.0,safe
2774,2024-01-01T07:42:10,0.035223,0.025673,0.006278,31.77,71.29,LPG,1400.06,unsafe
2775,2024-01-01T07:42:20,1.697629,1.377026,0.859232,35.19,30.23,CleanAir,0.0,safe
2776,2024-01-01T07:42:30,0.012861,0.153564,0.090347,16.88,42.74,Alcohol,447.34,safe
2777,2024-01-01T07:42:40,0.526537,0.013031,0.128724,10.22,71.42,Smoke,705.36,unsafe
2778,2024-01-01T07:42:50,1.71832,1.335052,0.803075,34.93,61.31,CleanAir,0.0,safe
2779,2024-01-01T07:43:00,0.415253,0.174971,0.097577,16.19,84.87,Smoke,408.56,unsafe
2780,2024-01-01T07:43:10,0.370564,0.009733,0.080007,18.32,31.5,LPG,538.69,safe
2781,2024-01-01T07:43:20,0.8688,0.332356,0.025476,39.48,83.55,Propane,3470.96,unsafe
2782,2024-01-01T07:43:30,1.657287,1.31766,0.822416,16.15,39.61,CleanAir,0.0,safe
2783,2024-01-01T07:43:40,0.304466,0.006415,0.086574,21.56,53.18,Hydrogen,371.21,safe
2784,2024-01-01T07:43:50,0.669942,0.374197,0.016101,25.98,47.93,LPG,2881.85,unsafe
2785,2024-01-01T07:44:00,1.723529,1.359151,0.837097,31.92,46.27,CleanAir,0.0,safe
2786,2024-01-01T07:44:10,0.012908,0.00651,0.0655,12.92,48.42,CO,301.26,unsafe
2787,2024-01-01T07:44:20,1.636305,1.320286,0.794828,36.95,89.0,CleanAir,0.0,safe
2788,2024-01-01T07:44:30,0.55786,0.269193,0.180555,38.07,55.05,Hydrogen,2189.29,safe
2789,2024-01-01T07:44:40,1.631247,1.307676,0.815586,30.27,65.38,CleanAir,0.0,safe
2790,2024-01-01T07:44:50,1.689634,1.37017,0.84482,28.79,31.56,CleanAir,0.0,safe
2791,2024-01-01T07:45:00,0.034663,0.284125,0.006423,39.58,88.3,LPG,1328.58,unsafe
2792,2024-01-01T07:45:10,1.691668,1.387024,0.864723,39.71,36.79,CleanAir,0.0,safe
2793,2024-01-01T07:45:20,1.64297,1.334564,0.805088,35.92,79.17,CleanAir,0.0,safe
2794,2024-01-01T07:45:30,0.644907,0.107095,0.13066,18.79,81.88,Methane,8773.7,unsafe
2795,2024-01-01T07:45:40,1.617587,1.305157,0.786228,19.98,71.83,CleanAir,0.0,safe
2796,2024-01-01T07:45:50,1.716844,1.381069,0.857253,34.29,44.22,CleanAir,0.0,safe
2797,2024-01-01T07:46:00,0.911309,0.061033,0.016181,13.9,72.33,Propane,4875.9,unsafe
2798,2024-01-01T07:46:10,0.872042,0.338526,0.179006,14.44,43.59,Propane,3643.28,unsafe
2799,2024-01-01T07:46:20,0.453094,0.227798,0.143393,31.96,31.86,Hydrogen,1093.55,safe
2800,2024-01-01T07:46:30,1.633906,1.307724,0.805974,17.52,65.5,CleanAir,0.0,safe
2801,2024-01-01T07:46:40,0.854096,0.038417,0.172309,29.5,60.78,Propane,3248.16,unsafe
2802,2024-01-01T07:46:50,0.47943,0.229865,0.152392,36.85,76.83,Hydrogen,1533.49,safe
2803,2024-01-01T07:47:00,0.055797,0.01927,0.100584,21.26,64.77,LPG,1390.95,unsafe
2804,2024-01-01T07:47:10,1.656369,1.319948,0.806584,37.61,82.44,CleanAir,0.0,safe
2805,2024-01-01T07:47:20,1.653484,1.340639,0.802131,10.16,38.92,CleanAir,0.0,safe
2806,2024-01-01T07:47:30,0.571439,0.035179,0.00951,22.96,67.61,LPG,2061.74,unsafe
2807,2024-01-01T07:47:40,1.712521,1.357303,0.847664,29.23,36.44,CleanAir,0.0,safe
2808,2024-01-01T07:47:50,0.307287,0.047916,0.200099,35.98,60.34,Propane,4817.68,unsafe
2809,2024-01-01T07:48:00,1.653137,1.306593,0.801473,10.68,46.99,CleanAir,0.0,safe
2810,2024-01-01T07:48:10,1.720373,1.361382,0.847884,36.01,54.45,CleanAir,0.0,safe
2811,2024-01-01T07:48:20,1.670683,1.315069,0.830193,38.48,66.48,CleanAir,0.0,safe
2812,2024-01-01T07:48:30,1.679054,1.308492,0.811446,34.05,86.62,CleanAir,0.0,safe
2813,2024-01-01T07:48:40,1.620111,1.270634,0.768147,11.29,83.93,CleanAir,0.0,safe
2814,2024-01-01T07:48:50,0.319189,0.166552,0.003219,36.87,51.0,Hydrogen,400.28,safe
2815,2024-01-01T07:49:00,1.721652,1.363049,0.844785,37.51,46.9,CleanAir,0.0,safe
2816,2024-01-01T07:49:10,0.031847,0.016174,0.016098,25.32,84.57,Alcohol,1507.48,unsafe
2817,2024-01-01T07:49:20,1.654048,1.324174,0.806559,16.09,52.12,CleanAir,0.0,safe
2818,2024-01-01T07:49:30,0.626475,0.34748,0.114837,19.16,88.94,LPG,2851.77,unsafe
2819,2024-01-01T07:49:40,1.667067,1.344273,0.824092,18.41,44.37,CleanAir,0.0,safe
2820,2024-01-01T07:49:50,0.67221,0.372191,0.016311,10.75,87.67,LPG,3750.48,unsafe
2821,2024-01-01T07:50:00,1.683269,1.291196,0.807209,13.75,44.15,CleanAir,0.0,safe
2822,2024-01-01T07:50:10,0.760531,0.768784,0.152999,29.42,59.38,Methane,12354.6,unsafe
2823,2024-01-01T07:50:20,0.685777,0.689837,0.019057,31.3,87.45,Methane,9705.3,unsafe
2824,2024-01-01T07:50:30,1.695817,1.344019,0.842034,36.2,46.69,CleanAir,0.0,safe
2825,2024-01-01T07:50:40,0.18706,0.108859,0.048767,39.43,88.01,Alcohol,108.82,safe
2826,2024-01-01T07:50:50,0.639663,0.641011,0.129805,13.02,61.11,Methane,7731.22,unsafe
2827,2024-01-01T07:51:00,0.389292,0.210522,0.160143,10.81,42.99,Alcohol,1768.03,unsafe
2828,2024-01-01T07:51:10,0.389552,0.013038,0.1556,27.13,63.55,Alcohol,1581.9,unsafe
2829,2024-01-01T07:51:20,1.66144,1.338132,0.827364,19.53,43.05,CleanAir,0.0,safe
2830,2024-01-01T07:51:30,0.533494,0.215578,0.125244,29.25,54.31,Smoke,595.2,unsafe
2831,2024-01-01T07:51:40,0.312303,0.343092,0.094612,10.25,72.19,CO,1432.83,unsafe
2832,2024-01-01T07:51:50,0.129132,0.814926,0.15843,31.83,45.57,Methane,12883.89,unsafe
2833,2024-01-01T07:52:00,0.073931,0.038664,0.228923,24.31,31.91,Hydrogen,4093.21,safe
2834,2024-01-01T07:52:10,0.045183,0.262381,0.006535,31.74,48.1,Propane,1236.82,unsafe
2835,2024-01-01T07:52:20,1.616659,1.293394,0.781527,11.62,79.36,CleanAir,0.0,safe
2836,2024-01-01T07:52:30,1.703921,1.369875,0.828964,27.18,35.96,CleanAir,0.0,safe
2837,2024-01-01T07:52:40,0.808478,0.032075,0.1651,24.19,32.28,Propane,2604.92,unsafe
2838,2024-01-01T07:52:50,1.661702,1.350999,0.824696,26.18,44.97,CleanAir,0.0,safe
2839,2024-01-01T07:53:00,1.64047,1.282579,0.780506,15.53,72.03,CleanAir,0.0,safe
2840,2024-01-01T07:53:10,0.322257,0.012897,0.006439,20.68,48.22,Alcohol,838.51,safe
2841,2024-01-01T07:53:20,0.390872,0.215402,0.009758,33.99,55.76,Alcohol,1598.93,unsafe
2842,2024-01-01T07:53:30,1.676457,1.35702,0.841622,31.92,54.45,CleanAir,0.0,safe
2843,2024-01-01T07:53:40,1.630609,1.308886,0.802968,21.93,77.11,CleanAir,0.0,safe
2844,2024-01-01T07:53:50,1.689621,1.352938,0.819556,26.43,63.06,CleanAir,0.0,safe
2845,2024-01-01T07:54:00,0.651496,0.091558,0.127479,12.94,68.06,Methane,8370.9,unsafe
2846,2024-01-01T07:54:10,0.545167,0.22674,0.111741,15.5,75.2,Propane,1140.65,unsafe
2847,2024-01-01T07:54:20,1.687578,1.322434,0.795365,13.68,49.46,CleanAir,0.0,safe
2848,2024-01-01T07:54:30,1.679498,1.384634,0.830849,27.61,37.82,CleanAir,0.0,safe
2849,2024-01-01T07:54:40,0.638054,0.642473,0.019082,29.25,81.43,Methane,7183.08,unsafe
2850,2024-01-01T07:54:50,1.672737,1.325733,0.811872,12.56,34.3,CleanAir,0.0,safe
2851,2024-01-01T07:55:00,0.241925,0.006478,0.07424,33.18,82.22,Alcohol,304.95,safe
2852,2024-01-01T07:55:10,0.779129,0.032551,0.158577,32.68,84.31,Propane,2629.0,unsafe
2853,2024-01-01T07:55:20,0.560936,0.022569,0.107313,32.22,85.76,LPG,1882.5,unsafe
2854,2024-01-01T07:55:30,0.29119,0.158109,0.101459,14.06,87.28,Alcohol,666.83,safe
2855,2024-01-01T07:55:40,0.108644,0.282788,0.198235,17.42,56.13,Hydrogen,3275.25,safe
2856,2024-01-01T07:55:50,0.102332,0.045491,0.116149,14.65,66.88,LPG,2761.02,unsafe
2857,2024-01-01T07:56:00,0.453219,0.19211,0.006582,18.08,67.56,Smoke,457.33,unsafe
2858,2024-01-01T07:56:10,1.643324,1.32589,0.774741,22.15,85.65,CleanAir,0.0,safe
2859,2024-01-01T07:56:20,0.019489,0.189951,0.097099,34.09,50.69,Smoke,333.12,unsafe
2860,2024-01-01T07:56:30,0.094172,0.349343,0.174431,22.67,51.8,Propane,3532.39,unsafe
2861,2024-01-01T07:56:40,0.697508,0.048381,0.126689,29.51,88.17,LPG,3703.88,unsafe
2862,2024-01-01T07:56:50,1.644877,1.355428,0.80916,37.96,79.32,CleanAir,0.0,safe
2863,2024-01-01T07:57:00,1.670198,1.34255,0.811183,37.68,75.0,CleanAir,0.0,safe
2864,2024-01-01T07:57:10,1.664736,1.360039,0.817582,29.2,65.27,CleanAir,0.0,safe
2865,2024-01-01T07:57:20,0.025832,0.247161,0.089692,32.49,56.49,LPG,831.17,safe
2866,2024-01-01T07:57:30,0.693716,0.032188,0.134386,19.16,31.63,LPG,3135.26,unsafe
2867,2024-01-01T07:57:40,0.527566,0.298829,0.103628,37.23,64.52,LPG,1382.37,unsafe
2868,2024-01-01T07:57:50,1.685802,1.347611,0.826435,25.03,49.62,CleanAir,0.0,safe
2869,2024-01-01T07:58:00,0.195596,0.119138,0.047639,17.04,34.54,CO,110.3,unsafe
2870,2024-01-01T07:58:10,0.223854,0.003185,0.064201,27.76,67.64,Alcohol,215.48,safe
2871,2024-01-01T07:58:20,0.812129,0.85389,0.155167,13.21,68.12,Methane,19169.69,unsafe
2872,2024-01-01T07:58:30,1.637333,1.279642,0.76081,13.12,79.59,CleanAir,0.0,safe
2873,2024-01-01T07:58:40,1.624845,1.309596,0.757891,11.04,72.56,CleanAir,0.0,safe
2874,2024-01-01T07:58:50,1.645105,1.334063,0.792074,20.02,60.71,CleanAir,0.0,safe
2875,2024-01-01T07:59:00,0.04493,0.250764,0.122598,36.58,59.05,Propane,1117.44,unsafe
2876,2024-01-01T07:59:10,1.640303,1.33952,0.815178,14.59,43.65,CleanAir,0.0,safe
2877,2024-01-01T07:59:20,0.573132,0.028935,0.016019,36.86,75.19,Hydrogen,2677.84,safe
2878,2024-01-01T07:59:30,0.337125,0.37425,0.103773,23.85,53.14,CO,1447.55,unsafe
2879,2024-01-01T07:59:40,0.235323,0.199216,0.064481,25.41,87.99,CO,386.89,unsafe
2880,2024-01-01T07:59:50,1.720616,1.382707,0.834105,26.77,41.17,CleanAir,0.0,safe
2881,2024-01-01T08:00:00,0.341613,0.399956,0.106193,12.18,57.47,CO,1843.7,unsafe
2882,2024-01-01T08:00:10,0.699108,0.321414,0.23011,30.14,69.39,Hydrogen,4936.94,safe
2883,2024-01-01T08:00:20,0.287209,0.266145,0.078838,25.58,58.6,CO,674.81,unsafe
2884,2024-01-01T08:00:30,0.550319,0.318283,0.110327,36.48,39.58,LPG,1415.29,unsafe
2885,2024-01-01T08:00:40,1.612916,1.30506,0.763179,18.77,80.16,CleanAir,0.0,safe
2886,2024-01-01T08:00:50,0.026115,0.206102,0.009701,30.62,44.37,Alcohol,1181.44,unsafe
2887,2024-01-01T08:01:00,1.623255,1.284108,0.746031,13.78,87.55,CleanAir,0.0,safe
2888,2024-01-01T08:01:10,1.684267,1.305477,0.784586,13.83,64.51,CleanAir,0.0,safe
2889,2024-01-01T08:01:20,0.132335,0.366822,0.177622,32.53,64.64,Propane,4097.84,unsafe
2890,2024-01-01T08:01:30,0.026001,0.178839,0.082493,11.0,33.84,Propane,392.84,safe
2891,2024-01-01T08:01:40,0.667103,0.267215,0.15757,30.39,35.8,Smoke,888.81,unsafe
2892,2024-01-01T08:01:50,0.389009,0.216443,0.158446,33.24,64.52,Alcohol,1575.18,unsafe
2893,2024-01-01T08:02:00,1.696069,1.387908,0.836883,38.23,46.6,CleanAir,0.0,safe
2894,2024-01-01T08:02:10,1.675078,1.341926,0.8124,13.26,43.0,CleanAir,0.0,safe
2895,2024-01-01T08:02:20,0.504033,0.2207,0.105854,37.44,46.53,Propane,692.85,safe
2896,2024-01-01T08:02:30,0.528671,0.252266,0.169396,11.05,71.84,Hydrogen,2423.69,safe
2897,2024-01-01T08:02:40,1.707916,1.374892,0.830557,25.4,41.5,CleanAir,0.0,safe
2898,2024-01-01T08:02:50,1.663184,1.369615,0.833092,31.04,42.91,CleanAir,0.0,safe
2899,2024-01-01T08:03:00,1.656927,1.345479,0.807276,14.23,55.71,CleanAir,0.0,safe
2900,2024-01-01T08:03:10,0.781706,0.84945,0.028876,12.98,77.62,Methane,18232.58,unsafe
2901,2024-01-01T08:03:20,0.402203,0.22166,0.164326,39.17,85.16,Alcohol,1888.24,unsafe
2902,2024-01-01T08:03:30,1.682596,1.347323,0.830414,15.01,35.4,CleanAir,0.0,safe
2903,2024-01-01T08:03:40,0.236976,0.124633,0.054811,28.33,64.54,Smoke,108.47,unsafe
2904,2024-01-01T08:03:50,0.792277,0.836588,0.157016,16.22,39.9,Methane,15222.75,unsafe
2905,2024-01-01T08:04:00,0.068037,0.277614,0.009514,38.52,34.57,Smoke,912.1,unsafe
2906,2024-01-01T08:04:10,0.798244,0.05194,0.150832,35.92,32.22,LPG,4559.27,unsafe
2907,2024-01-01T08:04:20,0.108982,0.426514,0.132712,22.15,70.92,LPG,4307.99,unsafe
2908,2024-01-01T08:04:30,0.580565,0.328785,0.107919,30.08,62.04,LPG,1803.91,unsafe
2909,2024-01-01T08:04:40,0.507236,0.012856,0.117679,37.49,80.78,Smoke,539.19,unsafe
2910,2024-01-01T08:04:50,1.620347,1.314193,0.787945,12.63,57.06,CleanAir,0.0,safe
2911,2024-01-01T08:05:00,1.688836,1.355562,0.821907,36.54,60.73,CleanAir,0.0,safe
2912,2024-01-01T08:05:10,1.631233,1.325148,0.799384,32.12,86.55,CleanAir,0.0,safe
2913,2024-01-01T08:05:20,0.083163,0.300579,0.146216,15.42,75.2,Propane,2602.04,unsafe
2914,2024-01-01T08:05:30,1.653847,1.331831,0.791539,10.2,41.28,CleanAir,0.0,safe
2915,2024-01-01T08:05:40,0.92083,0.374602,0.182449,25.8,80.66,Propane,4805.7,unsafe
2916,2024-01-01T08:05:50,0.689475,0.054468,0.1267,37.29,52.38,LPG,2936.91,unsafe
2917,2024-01-01T08:06:00,0.273093,0.159908,0.087236,37.6,67.98,Alcohol,403.57,safe
2918,2024-01-01T08:06:10,0.349238,0.012939,0.125688,37.36,40.23,Alcohol,857.22,safe
2919,2024-01-01T08:06:20,0.189516,0.303716,0.211197,23.46,86.38,Hydrogen,4984.2,safe
2920,2024-01-01T08:06:30,1.650923,1.323983,0.816698,24.92,54.47,CleanAir,0.0,safe
2921,2024-01-01T08:06:40,0.414603,0.225122,0.009799,31.64,38.6,Alcohol,1650.74,unsafe
2922,2024-01-01T08:06:50,1.676168,1.350236,0.817041,20.44,40.27,CleanAir,0.0,safe
2923,2024-01-01T08:07:00,1.658332,1.317181,0.790049,12.15,50.98,CleanAir,0.0,safe
2924,2024-01-01T08:07:10,0.780781,0.824239,0.048531,13.89,77.01,Methane,17210.65,unsafe
2925,2024-01-01T08:07:20,1.643636,1.294945,0.777623,16.5,63.22,CleanAir,0.0,safe
2926,2024-01-01T08:07:30,0.846787,0.491175,0.149406,34.33,42.28,LPG,5215.64,unsafe
2927,2024-01-01T08:07:40,0.614232,0.266853,0.124973,32.5,46.65,Propane,1205.84,unsafe
2928,2024-01-01T08:07:50,0.084099,0.025358,0.162025,23.32,34.46,Propane,2555.01,unsafe
2929,2024-01-01T08:08:00,1.648484,1.338135,0.774386,15.12,57.69,CleanAir,0.0,safe
2930,2024-01-01T08:08:10,0.188511,0.112444,0.041202,29.17,58.23,Smoke,66.8,unsafe
2931,2024-01-01T08:08:20,0.016281,0.265482,0.080215,21.23,34.59,CO,576.68,unsafe
2932,2024-01-01T08:08:30,1.624545,1.314524,0.780459,22.43,72.79,CleanAir,0.0,safe
2933,2024-01-01T08:08:40,1.662108,1.314116,0.766705,12.15,67.24,CleanAir,0.0,safe
2934,2024-01-01T08:08:50,1.637708,1.341834,0.780421,17.49,67.95,CleanAir,0.0,safe
2935,2024-01-01T08:09:00,0.045618,0.266201,0.00973,24.65,32.55,Smoke,881.57,unsafe
2936,2024-01-01T08:09:10,0.565131,0.035438,0.181325,15.87,62.31,Hydrogen,2895.02,safe
2937,2024-01-01T08:09:20,1.668645,1.354106,0.810787,18.23,45.18,CleanAir,0.0,safe
2938,2024-01-01T08:09:30,1.654652,1.342079,0.783869,17.6,55.37,CleanAir,0.0,safe
2939,2024-01-01T08:09:40,0.358786,0.415394,0.109086,31.81,66.7,CO,1877.96,unsafe
2940,2024-01-01T08:09:50,1.646242,1.342519,0.812276,30.83,79.22,CleanAir,0.0,safe
2941,2024-01-01T08:10:00,1.691709,1.369253,0.811893,26.47,41.6,CleanAir,0.0,safe
2942,2024-01-01T08:10:10,0.251567,0.157041,0.15153,23.37,72.78,Methane,17623.1,unsafe
2943,2024-01-01T08:10:20,0.169909,0.365406,0.015969,36.44,89.93,Propane,4412.93,unsafe
2944,2024-01-01T08:10:30,0.667626,0.272979,0.162448,32.66,33.13,Smoke,910.17,unsafe
2945,2024-01-01T08:10:40,0.49107,0.251596,0.016135,28.51,42.24,Hydrogen,1535.37,safe
2946,2024-01-01T08:10:50,1.678106,1.402171,0.855437,34.0,36.08,CleanAir,0.0,safe
2947,2024-01-01T08:11:00,0.035677,0.224699,0.006451,25.02,74.07,Smoke,665.87,unsafe
2948,2024-01-01T08:11:10,0.451349,0.009632,0.104284,25.83,41.46,Smoke,379.55,unsafe
2949,2024-01-01T08:11:20,0.779119,0.22547,0.019319,12.74,82.02,Methane,18267.29,unsafe
2950,2024-01-01T08:11:30,0.013161,0.156772,0.070545,39.62,56.53,Smoke,165.76,unsafe
2951,2024-01-01T08:11:40,0.07578,0.041919,0.227393,38.33,42.68,Hydrogen,4114.78,safe
2952,2024-01-01T08:11:50,1.679803,1.342638,0.794592,32.22,64.13,CleanAir,0.0,safe
2953,2024-01-01T08:12:00,1.659473,1.338734,0.812597,22.34,58.73,CleanAir,0.0,safe
2954,2024-01-01T08:12:10,1.612294,1.272126,0.763929,12.39,80.54,CleanAir,0.0,safe
2955,2024-01-01T08:12:20,0.656921,0.039263,0.019567,33.05,81.54,Hydrogen,4388.06,safe
2956,2024-01-01T08:12:30,0.026374,0.016075,0.123738,32.46,88.51,Hydrogen,998.5,safe
2957,2024-01-01T08:12:40,1.704193,1.385804,0.817028,16.82,31.32,CleanAir,0.0,safe
2958,2024-01-01T08:12:50,1.62653,1.337531,0.793527,10.79,55.42,CleanAir,0.0,safe
2959,2024-01-01T08:13:00,0.487888,0.212285,0.107799,35.59,53.64,Smoke,435.47,unsafe
2960,2024-01-01T08:13:10,1.676238,1.358321,0.817488,20.75,33.44,CleanAir,0.0,safe
2961,2024-01-01T08:13:20,0.063581,0.035515,0.0129,14.24,42.33,LPG,2705.66,unsafe
2962,2024-01-01T08:13:30,1.696903,1.395182,0.840823,32.15,35.38,CleanAir,0.0,safe
2963,2024-01-01T08:13:40,0.927408,0.064239,0.183066,28.35,73.42,Propane,4580.2,unsafe
2964,2024-01-01T08:13:50,0.669333,0.661677,0.132027,29.06,66.43,Methane,7768.66,unsafe
2965,2024-01-01T08:14:00,1.635593,1.300599,0.77306,13.96,75.16,CleanAir,0.0,safe
2966,2024-01-01T08:14:10,1.645329,1.349262,0.818233,29.08,60.39,CleanAir,0.0,safe
2967,2024-01-01T08:14:20,1.673928,1.344953,0.797347,11.93,43.78,CleanAir,0.0,safe
2968,2024-01-01T08:14:30,0.363558,0.009646,0.078795,37.89,82.73,LPG,564.9,safe
2969,2024-01-01T08:14:40,0.022201,0.359157,0.096425,29.7,70.73,CO,1286.43,unsafe
2970,2024-01-01T08:14:50,0.555512,0.267451,0.176197,13.08,56.02,Hydrogen,2631.18,safe
2971,2024-01-01T08:15:00,0.390111,0.210762,0.009564,25.92,66.58,Alcohol,1625.15,unsafe
2972,2024-01-01T08:15:10,0.794211,0.845549,0.154364,26.24,67.13,Methane,16324.9,unsafe
2973,2024-01-01T08:15:20,0.025189,0.410987,0.105192,22.03,47.62,CO,1701.67,unsafe
2974,2024-01-01T08:15:30,0.456968,0.198774,0.006453,20.32,69.61,Smoke,451.44,unsafe
2975,2024-01-01T08:15:40,0.316159,0.02298,0.091841,23.98,35.49,CO,925.37,unsafe
2976,2024-01-01T08:15:50,1.69542,1.41636,0.841415,33.99,44.73,CleanAir,0.0,safe
2977,2024-01-01T08:16:00,1.726207,1.398169,0.841608,38.64,47.11,CleanAir,0.0,safe
2978,2024-01-01T08:16:10,0.354465,0.432304,0.111052,38.82,88.39,CO,1969.15,unsafe
2979,2024-01-01T08:16:20,0.574877,0.228793,0.009644,14.82,87.84,Smoke,836.94,unsafe
2980,2024-01-01T08:16:30,0.639037,0.035539,0.205569,37.5,80.39,Hydrogen,3902.92,safe
2981,2024-01-01T08:16:40,0.39401,0.221768,0.155783,38.42,51.99,Alcohol,1472.67,unsafe
2982,2024-01-01T08:16:50,1.655149,1.346068,0.792323,16.02,51.79,CleanAir,0.0,safe
2983,2024-01-01T08:17:00,0.33843,0.409091,0.009717,23.6,69.67,CO,1754.4,unsafe
2984,2024-01-01T08:17:10,0.304638,0.324322,0.089518,13.04,47.85,CO,1064.45,unsafe
2985,2024-01-01T08:17:20,1.690821,1.393427,0.829155,31.23,37.88,CleanAir,0.0,safe
2986,2024-01-01T08:17:30,0.396859,0.212273,0.006525,35.43,66.67,Hydrogen,879.61,safe
2987,2024-01-01T08:17:40,0.752337,0.036027,0.151766,35.87,36.08,Propane,1992.42,unsafe
2988,2024-01-01T08:17:50,0.688212,0.41263,0.125408,32.3,68.57,LPG,3268.5,unsafe
2989,2024-01-01T08:18:00,0.620117,0.111998,0.127028,10.81,64.57,Methane,7689.02,unsafe
2990,2024-01-01T08:18:10,0.849908,0.375117,0.042229,23.97,58.1,Methane,19929.5,unsafe
2991,2024-01-01T08:18:20,0.311269,0.351668,0.089943,17.72,80.67,CO,1313.27,unsafe
2992,2024-01-01T08:18:30,1.655108,1.358809,0.793765,39.2,84.62,CleanAir,0.0,safe
2993,2024-01-01T08:18:40,0.658589,0.701086,0.129927,21.87,89.53,Methane,9313.43,unsafe
2994,2024-01-01T08:18:50,0.840456,0.942285,0.169671,26.2,45.36,Methane,19847.65,unsafe
2995,2024-01-01T08:19:00,1.648277,1.381497,0.807883,16.82,40.85,CleanAir,0.0,safe
2996,2024-01-01T08:19:10,1.635882,1.354501,0.796029,10.54,52.63,CleanAir,0.0,safe
2997,2024-01-01T08:19:20,1.672771,1.350822,0.786741,15.53,61.83,CleanAir,0.0,safe
2998,2024-01-01T08:19:30,1.613625,1.325794,0.749427,13.81,87.84,CleanAir,0.0,safe
2999,2024-01-01T08:19:40,0.067573,0.028979,0.144652,29.27,55.14,Propane,2062.7,unsafe
3000,2024-01-01T08:19:50,0.258314,0.248038,0.072,14.19,68.37,CO,566.67,unsafe
3001,2024-01-01T08:20:00,1.620585,1.315059,0.739249,14.69,83.34,CleanAir,0.0,safe
3002,2024-01-01T08:20:10,0.292335,0.019169,0.084166,28.55,72.49,CO,894.7,unsafe
3003,2024-01-01T08:20:20,1.661255,1.410975,0.79197,24.27,41.72,CleanAir,0.0,safe
3004,2024-01-01T08:20:30,0.032189,0.200473,0.127009,38.45,51.7,Alcohol,881.77,safe
3005,2024-01-01T08:20:40,0.022558,0.330263,0.088051,10.29,57.79,CO,1097.13,unsafe
3006,2024-01-01T08:20:50,0.47158,0.214927,0.107964,34.02,61.63,Smoke,449.27,unsafe
3007,2024-01-01T08:21:00,0.307483,0.1663,0.090539,10.53,42.32,Hydrogen,442.15,safe
3008,2024-01-01T08:21:10,1.69655,1.392022,0.833639,34.2,53.34,CleanAir,0.0,safe
3009,2024-01-01T08:21:20,0.74779,0.119493,0.151477,23.84,80.75,Methane,15070.93,unsafe
3010,2024-01-01T08:21:30,0.042127,0.30499,0.10148,27.91,86.81,LPG,1623.33,unsafe
3011,2024-01-01T08:21:40,0.432856,0.019393,0.083174,10.55,89.27,LPG,1072.21,unsafe
3012,2024-01-01T08:21:50,0.645503,0.048381,0.119753,18.94,53.0,LPG,2728.02,unsafe
3013,2024-01-01T08:22:00,0.6306,0.26134,0.152016,34.06,81.49,Smoke,963.11,unsafe
3014,2024-01-01T08:22:10,1.643037,1.335932,0.777831,17.46,68.01,CleanAir,0.0,safe
3015,2024-01-01T08:22:20,0.016154,0.1789,0.003248,38.78,66.18,Propane,362.58,safe
3016,2024-01-01T08:22:30,1.673111,1.346982,0.821262,29.06,64.24,CleanAir,0.0,safe
3017,2024-01-01T08:22:40,0.573492,0.351726,0.006494,17.79,47.89,LPG,2039.2,unsafe
3018,2024-01-01T08:22:50,1.677637,1.372177,0.811972,34.66,66.45,CleanAir,0.0,safe
3019,2024-01-01T08:23:00,0.376925,0.009678,0.076002,18.93,72.97,LPG,663.09,safe
3020,2024-01-01T08:23:10,1.656039,1.384836,0.816521,30.76,54.98,CleanAir,0.0,safe
3021,2024-01-01T08:23:20,0.257512,0.87439,0.155926,20.02,69.67,Methane,18590.41,unsafe
3022,2024-01-01T08:23:30,1.670029,1.385725,0.813484,34.65,48.64,CleanAir,0.0,safe
3023,2024-01-01T08:23:40,0.019198,0.173064,0.102669,14.97,65.1,Alcohol,712.59,safe
3024,2024-01-01T08:23:50,0.802481,0.486366,0.153895,38.63,38.81,LPG,4817.78,unsafe
3025,2024-01-01T08:24:00,1.628984,1.315812,0.752443,14.19,82.23,CleanAir,0.0,safe
3026,2024-01-01T08:24:10,0.276662,0.016052,0.080768,16.99,65.72,CO,750.67,unsafe
3027,2024-01-01T08:24:20,1.63787,1.364879,0.78921,34.7,81.56,CleanAir,0.0,safe
3028,2024-01-01T08:24:30,0.016113,0.009576,0.006394,29.99,62.7,Alcohol,543.14,safe
3029,2024-01-01T08:24:40,0.0294,0.221917,0.00637,34.18,40.9,Hydrogen,909.93,safe
3030,2024-01-01T08:24:50,0.508314,0.016098,0.107286,18.21,40.11,Propane,837.72,safe
3031,2024-01-01T08:25:00,1.650384,1.379313,0.812901,38.49,70.58,CleanAir,0.0,safe
3032,2024-01-01T08:25:10,1.643932,1.349012,0.787676,27.3,68.92,CleanAir,0.0,safe
3033,2024-01-01T08:25:20,1.638213,1.359434,0.786987,26.97,80.3,CleanAir,0.0,safe
3034,2024-01-01T08:25:30,1.634338,1.317697,0.789333,20.3,68.39,CleanAir,0.0,safe
3035,2024-01-01T08:25:40,0.432742,0.23245,0.009788,36.22,34.88,Hydrogen,957.31,safe
3036,2024-01-01T08:25:50,1.678114,1.321223,0.79061,13.5,53.68,CleanAir,0.0,safe
3037,2024-01-01T08:26:00,0.70418,0.292461,0.009822,21.01,70.89,Propane,2191.2,unsafe
3038,2024-01-01T08:26:10,0.851432,0.346657,0.169602,13.39,65.84,Propane,3966.37,unsafe
3039,2024-01-01T08:26:20,0.878663,0.357895,0.170672,17.32,82.49,Propane,4350.94,unsafe
3040,2024-01-01T08:26:30,0.342764,0.396839,0.006437,23.61,33.31,CO,1363.66,unsafe
3041,2024-01-01T08:26:40,1.645291,1.346136,0.804542,19.69,49.43,CleanAir,0.0,safe
3042,2024-01-01T08:26:50,0.306133,0.340244,0.089652,15.02,75.49,CO,1247.71,unsafe
3043,2024-01-01T08:27:00,1.678401,1.379709,0.796233,11.13,42.01,CleanAir,0.0,safe
3044,2024-01-01T08:27:10,0.11965,0.337286,0.156689,23.27,60.85,Propane,2956.47,unsafe
3045,2024-01-01T08:27:20,0.560785,0.243872,0.132391,38.85,76.06,Smoke,694.95,unsafe
3046,2024-01-01T08:27:30,0.006447,0.129462,0.061342,22.76,83.18,Alcohol,204.43,safe
3047,2024-01-01T08:27:40,0.400539,0.186007,0.094207,22.7,73.62,Smoke,355.86,unsafe
3048,2024-01-01T08:27:50,0.053916,0.265064,0.124097,21.14,74.29,Propane,1515.17,unsafe
3049,2024-01-01T08:28:00,0.929203,0.384052,0.184092,19.33,50.99,Propane,4561.94,unsafe
3050,2024-01-01T08:28:10,0.067752,0.035931,0.114703,13.27,76.94,LPG,3198.21,unsafe
3051,2024-01-01T08:28:20,0.919852,0.376788,0.177457,14.46,31.75,Propane,3950.24,unsafe
3052,2024-01-01T08:28:30,0.085806,0.339428,0.162916,16.85,66.97,Propane,3329.45,unsafe
3053,2024-01-01T08:28:40,0.260481,0.151367,0.084082,30.75,79.62,Alcohol,394.57,safe
3054,2024-01-01T08:28:50,1.648108,1.338857,0.780365,12.51,55.93,CleanAir,0.0,safe
3055,2024-01-01T08:29:00,0.727268,0.078233,0.019583,11.71,66.98,LPG,4699.33,unsafe
3056,2024-01-01T08:29:10,0.022416,0.009637,0.099732,29.91,31.25,Hydrogen,447.78,safe
3057,2024-01-01T08:29:20,0.572089,0.029019,0.106235,21.49,85.87,LPG,2181.69,unsafe
3058,2024-01-01T08:29:30,1.652892,1.349149,0.796573,19.75,53.96,CleanAir,0.0,safe
3059,2024-01-01T08:29:40,0.446339,0.202482,0.107513,12.57,81.66,Smoke,513.57,unsafe
3060,2024-01-01T08:29:50,0.13772,0.298927,0.193222,12.96,75.1,Hydrogen,3716.22,safe
3061,2024-01-01T08:30:00,1.643219,1.380342,0.80564,27.75,58.93,CleanAir,0.0,safe
3062,2024-01-01T08:30:10,0.051348,0.318684,0.100799,15.63,80.65,LPG,1868.81,unsafe
3063,2024-01-01T08:30:20,1.607223,1.370537,0.788233,20.0,57.73,CleanAir,0.0,safe
3064,2024-01-01T08:30:30,1.713356,1.4196,0.850664,39.03,33.72,CleanAir,0.0,safe
3065,2024-01-01T08:30:40,1.667621,1.40786,0.823805,26.54,40.01,CleanAir,0.0,safe
3066,2024-01-01T08:30:50,1.677842,1.353503,0.816657,24.72,48.78,CleanAir,0.0,safe
3067,2024-01-01T08:31:00,1.659431,1.370684,0.799071,31.3,65.01,CleanAir,0.0,safe
3068,2024-01-01T08:31:10,1.699481,1.400175,0.830479,33.01,44.59,CleanAir,0.0,safe
3069,2024-01-01T08:31:20,0.620926,0.30864,0.031616,34.91,77.6,Hydrogen,3706.98,safe
3070,2024-01-01T08:31:30,0.759508,0.0554,0.140402,37.77,44.36,LPG,3730.03,unsafe
3071,2024-01-01T08:31:40,1.64649,1.401383,0.816913,38.66,64.29,CleanAir,0.0,safe
3072,2024-01-01T08:31:50,0.558145,0.253897,0.131647,35.09,32.28,Smoke,597.84,unsafe
3073,2024-01-01T08:32:00,0.741888,0.440315,0.138192,28.51,54.44,LPG,3933.4,unsafe
3074,2024-01-01T08:32:10,0.469365,0.213604,0.107003,14.12,38.28,Smoke,457.43,unsafe
3075,2024-01-01T08:32:20,1.61584,1.348984,0.78361,26.1,81.09,CleanAir,0.0,safe
3076,2024-01-01T08:32:30,0.97092,0.411178,0.1993,32.12,34.52,Propane,4478.79,unsafe
3077,2024-01-01T08:32:40,0.201191,0.337012,0.161456,18.59,85.12,Propane,3470.11,unsafe
3078,2024-01-01T08:32:50,0.09293,0.057747,0.235899,17.61,35.83,Hydrogen,4979.82,safe
3079,2024-01-01T08:33:00,1.606044,1.333041,0.792689,14.48,69.28,CleanAir,0.0,safe
3080,2024-01-01T08:33:10,0.013089,0.229385,0.070638,12.4,62.49,CO,484.89,unsafe
3081,2024-01-01T08:33:20,0.746975,0.058977,0.009675,23.64,35.86,LPG,3908.31,unsafe
3082,2024-01-01T08:33:30,0.441749,0.019492,0.136716,31.48,40.21,Hydrogen,1105.17,safe
3083,2024-01-01T08:33:40,0.165546,0.003197,0.039207,29.05,35.6,Smoke,50.06,unsafe
3084,2024-01-01T08:33:50,1.625551,1.312116,0.772669,26.41,87.11,CleanAir,0.0,safe
3085,2024-01-01T08:34:00,0.080107,0.051065,0.13422,15.77,47.33,LPG,3825.79,unsafe
3086,2024-01-01T08:34:10,0.041508,0.218069,0.150956,26.46,51.25,Alcohol,1484.82,unsafe
3087,2024-01-01T08:34:20,1.649618,1.322541,0.784664,21.35,84.26,CleanAir,0.0,safe
3088,2024-01-01T08:34:30,1.589158,1.317973,0.758045,15.13,87.49,CleanAir,0.0,safe
3089,2024-01-01T08:34:40,0.818145,0.051802,0.019231,15.01,64.18,Propane,3527.09,unsafe
3090,2024-01-01T08:34:50,1.645336,1.37484,0.813203,37.94,81.64,CleanAir,0.0,safe
3091,2024-01-01T08:35:00,1.654028,1.348063,0.826508,31.13,58.36,CleanAir,0.0,safe
3092,2024-01-01T08:35:10,0.710558,0.793417,0.141376,15.34,74.19,Methane,13668.66,unsafe
3093,2024-01-01T08:35:20,0.32782,0.025932,0.099764,30.87,56.84,CO,1360.36,unsafe
3094,2024-01-01T08:35:30,0.607157,0.307272,0.201745,21.91,86.43,Hydrogen,4216.79,safe
3095,2024-01-01T08:35:40,0.320075,0.18833,0.006445,18.57,50.93,Alcohol,851.92,safe
3096,2024-01-01T08:35:50,0.743579,0.812931,0.152296,20.11,54.53,Methane,13541.44,unsafe
3097,2024-01-01T08:36:00,1.597509,1.303543,0.765868,11.23,83.98,CleanAir,0.0,safe
3098,2024-01-01T08:36:10,1.60276,1.317914,0.772514,20.72,86.76,CleanAir,0.0,safe
3099,2024-01-01T08:36:20,0.237165,0.196572,0.066595,30.61,38.39,CO,286.48,unsafe
3100,2024-01-01T08:36:30,1.653927,1.400062,0.834908,33.51,48.21,CleanAir,0.0,safe
3101,2024-01-01T08:36:40,1.663694,1.368031,0.8102,29.74,46.02,CleanAir,0.0,safe
3102,2024-01-01T08:36:50,1.632914,1.323005,0.8051,26.98,61.5,CleanAir,0.0,safe
3103,2024-01-01T08:37:00,0.032334,0.019112,0.006433,30.13,40.15,LPG,880.2,safe
3104,2024-01-01T08:37:10,0.546259,0.24122,0.1321,35.95,47.98,Smoke,614.39,unsafe
3105,2024-01-01T08:37:20,0.593718,0.042433,0.029009,24.41,66.24,Hydrogen,3441.45,safe
3106,2024-01-01T08:37:30,0.514691,0.012863,0.121884,38.09,67.07,Smoke,574.48,unsafe
3107,2024-01-01T08:37:40,1.617639,1.309342,0.788738,17.56,68.82,CleanAir,0.0,safe
3108,2024-01-01T08:37:50,1.667422,1.368866,0.80941,12.01,36.25,CleanAir,0.0,safe
3109,2024-01-01T08:38:00,0.501191,0.21997,0.118148,12.69,68.03,Smoke,623.13,unsafe
3110,2024-01-01T08:38:10,1.654446,1.342073,0.785897,29.42,77.46,CleanAir,0.0,safe
3111,2024-01-01T08:38:20,1.610459,1.322334,0.77815,17.56,76.06,CleanAir,0.0,safe
3112,2024-01-01T08:38:30,1.60814,1.323243,0.773776,25.16,82.74,CleanAir,0.0,safe
3113,2024-01-01T08:38:40,0.310401,0.160405,0.07393,35.37,76.86,Propane,276.36,safe
3114,2024-01-01T08:38:50,0.350703,0.215862,0.077708,36.76,72.07,LPG,533.85,safe
3115,2024-01-01T08:39:00,0.599122,0.296098,0.195592,18.53,64.87,Hydrogen,3526.69,safe
3116,2024-01-01T08:39:10,0.554516,0.02265,0.185476,21.72,56.06,Hydrogen,2688.38,safe
3117,2024-01-01T08:39:20,0.045383,0.194586,0.013209,10.81,87.05,Alcohol,1534.04,unsafe
3118,2024-01-01T08:39:30,1.634216,1.388242,0.821989,32.54,67.65,CleanAir,0.0,safe
3119,2024-01-01T08:39:40,0.719338,0.757847,0.025478,36.88,65.05,Methane,10142.08,unsafe
3120,2024-01-01T08:39:50,0.071479,0.30651,0.145599,17.58,71.84,Propane,2459.8,unsafe
3121,2024-01-01T08:40:00,0.638587,0.032603,0.009632,33.41,71.42,LPG,2808.64,unsafe
3122,2024-01-01T08:40:10,0.216241,0.155766,0.003185,19.44,31.76,CO,177.82,unsafe
3123,2024-01-01T08:40:20,0.679942,0.051414,0.016089,26.68,41.29,LPG,2815.65,unsafe
3124,2024-01-01T08:40:30,0.174575,0.098467,0.0,38.22,31.4,CO,60.42,unsafe
3125,2024-01-01T08:40:40,0.022912,0.318658,0.091527,32.45,67.65,CO,959.86,unsafe
3126,2024-01-01T08:40:50,0.10556,0.455567,0.142682,13.11,37.38,LPG,4755.39,unsafe
3127,2024-01-01T08:41:00,0.806728,0.893617,0.166245,32.31,47.91,Methane,17494.24,unsafe
3128,2024-01-01T08:41:10,0.597829,0.616551,0.122035,32.7,53.19,Methane,5252.01,unsafe
3129,2024-01-01T08:41:20,0.016117,0.18738,0.08355,39.57,31.23,Propane,317.4,safe
3130,2024-01-01T08:41:30,0.31284,0.035716,0.092955,32.59,82.67,CO,1310.63,unsafe
3131,2024-01-01T08:41:40,0.148991,0.045632,0.235713,38.44,46.86,Hydrogen,4573.83,safe
3132,2024-01-01T08:41:50,1.673543,1.37821,0.829062,26.13,44.36,CleanAir,0.0,safe
3133,2024-01-01T08:42:00,1.637086,1.339226,0.789124,29.8,73.31,CleanAir,0.0,safe
3134,2024-01-01T08:42:10,0.070982,0.343212,0.235283,35.61,57.6,Hydrogen,4711.43,safe
3135,2024-01-01T08:42:20,1.619336,1.393478,0.792198,13.59,44.96,CleanAir,0.0,safe
3136,2024-01-01T08:42:30,1.662111,1.371737,0.813508,34.05,66.64,CleanAir,0.0,safe
3137,2024-01-01T08:42:40,0.781373,0.332441,0.016041,28.46,59.55,Propane,2670.07,unsafe
3138,2024-01-01T08:42:50,0.635446,0.03226,0.123012,26.28,41.06,LPG,2582.46,unsafe
3139,2024-01-01T08:43:00,1.606376,1.311724,0.751668,17.06,86.96,CleanAir,0.0,safe
3140,2024-01-01T08:43:10,0.616765,0.362789,0.11638,13.43,81.58,LPG,2951.01,unsafe
3141,2024-01-01T08:43:20,0.762375,0.329005,0.019146,39.94,81.47,Propane,2653.03,unsafe
3142,2024-01-01T08:43:30,0.531262,0.31818,0.009773,17.46,55.11,LPG,1644.21,unsafe
3143,2024-01-01T08:43:40,0.600094,0.6473,0.126827,25.0,74.9,Methane,6680.79,unsafe
3144,2024-01-01T08:43:50,1.664053,1.391932,0.828877,39.65,56.64,CleanAir,0.0,safe
3145,2024-01-01T08:44:00,0.022791,0.009669,0.006313,34.92,63.52,Hydrogen,527.85,safe
3146,2024-01-01T08:44:10,1.668457,1.427183,0.843026,35.35,30.62,CleanAir,0.0,safe
3147,2024-01-01T08:44:20,0.668194,0.022246,0.013056,34.99,84.29,Smoke,1154.96,unsafe
3148,2024-01-01T08:44:30,0.0127,0.160842,0.086128,15.7,59.96,Alcohol,463.5,safe
3149,2024-01-01T08:44:40,1.627619,1.35468,0.811831,38.29,77.56,CleanAir,0.0,safe
3150,2024-01-01T08:44:50,0.779539,0.288858,0.163974,39.86,49.26,Methane,13386.89,unsafe
3151,2024-01-01T08:45:00,0.405865,0.239453,0.175832,35.45,30.64,Alcohol,1719.65,unsafe
3152,2024-01-01T08:45:10,1.593023,1.306439,0.758265,13.57,89.04,CleanAir,0.0,safe
3153,2024-01-01T08:45:20,0.333164,0.39053,0.103287,27.26,45.04,CO,1330.23,unsafe
3154,2024-01-01T08:45:30,1.606516,1.336746,0.785825,16.22,69.08,CleanAir,0.0,safe
3155,2024-01-01T08:45:40,1.634646,1.361912,0.80262,29.53,67.14,CleanAir,0.0,safe
3156,2024-01-01T08:45:50,0.73988,0.768947,0.151963,33.33,36.81,Methane,9714.24,unsafe
3157,2024-01-01T08:46:00,1.646059,1.356401,0.819228,23.17,64.62,CleanAir,0.0,safe
3158,2024-01-01T08:46:10,0.198135,0.003232,0.051785,38.23,37.08,Alcohol,110.25,safe
3159,2024-01-01T08:46:20,0.266455,0.271002,0.080157,28.24,86.65,CO,712.54,unsafe
3160,2024-01-01T08:46:30,0.275089,0.006591,0.064943,17.8,36.88,Smoke,144.97,unsafe
3161,2024-01-01T08:46:40,1.642674,1.362491,0.822168,35.88,70.32,CleanAir,0.0,safe
3162,2024-01-01T08:46:50,0.106698,0.048497,0.01923,15.46,36.49,LPG,4600.27,unsafe
3163,2024-01-01T08:47:00,0.334116,0.015991,0.125922,19.3,63.02,Alcohol,1052.57,unsafe
3164,2024-01-01T08:47:10,0.30694,0.347621,0.093117,13.51,60.17,CO,1253.58,unsafe
3165,2024-01-01T08:47:20,0.658251,0.271227,0.009729,20.88,39.15,Smoke,989.98,unsafe
3166,2024-01-01T08:47:30,1.648331,1.38373,0.790289,24.48,65.76,CleanAir,0.0,safe
3167,2024-01-01T08:47:40,1.689046,1.378772,0.83884,31.42,50.17,CleanAir,0.0,safe
3168,2024-01-01T08:47:50,0.58283,0.35093,0.114164,24.32,78.04,LPG,2403.3,unsafe
3169,2024-01-01T08:48:00,1.618927,1.36001,0.800216,28.77,74.23,CleanAir,0.0,safe
3170,2024-01-01T08:48:10,0.029013,0.025875,0.092539,24.93,85.49,CO,1231.71,unsafe
3171,2024-01-01T08:48:20,1.624988,1.381653,0.817232,38.05,74.26,CleanAir,0.0,safe
3172,2024-01-01T08:48:30,0.006515,0.127015,0.0,10.52,34.05,Smoke,94.74,unsafe
3173,2024-01-01T08:48:40,1.637964,1.372521,0.827885,28.1,44.81,CleanAir,0.0,safe
3174,2024-01-01T08:48:50,1.641892,1.382337,0.801442,13.55,39.92,CleanAir,0.0,safe
3175,2024-01-01T08:49:00,0.257121,0.237166,0.073927,27.24,69.74,CO,509.65,unsafe
3176,2024-01-01T08:49:10,0.333249,0.410199,0.107584,14.5,46.15,CO,1688.52,unsafe
3177,2024-01-01T08:49:20,1.662453,1.385538,0.826616,22.89,40.66,CleanAir,0.0,safe
3178,2024-01-01T08:49:30,1.655396,1.387802,0.816468,15.5,34.07,CleanAir,0.0,safe
3179,2024-01-01T08:49:40,1.59874,1.323761,0.781892,18.12,87.68,CleanAir,0.0,safe
3180,2024-01-01T08:49:50,1.603818,1.304628,0.768225,11.29,74.22,CleanAir,0.0,safe
3181,2024-01-01T08:50:00,1.622794,1.367526,0.804924,25.82,67.04,CleanAir,0.0,safe
3182,2024-01-01T08:50:10,0.032172,0.41119,0.013033,25.6,72.36,CO,1830.78,unsafe
3183,2024-01-01T08:50:20,0.60882,0.30602,0.206996,27.86,46.47,Hydrogen,3420.31,safe
3184,2024-01-01T08:50:30,1.650673,1.360986,0.785848,12.65,50.27,CleanAir,0.0,safe
3185,2024-01-01T08:50:40,0.032463,0.225484,0.158316,21.01,40.68,Alcohol,1639.02,unsafe
3186,2024-01-01T08:50:50,1.640412,1.352593,0.822351,36.1,72.4,CleanAir,0.0,safe
3187,2024-01-01T08:51:00,1.653266,1.380623,0.826619,31.04,56.77,CleanAir,0.0,safe
3188,2024-01-01T08:51:10,0.879211,0.042777,0.180664,18.98,30.69,Propane,3585.59,unsafe
3189,2024-01-01T08:51:20,1.610683,1.363309,0.79972,35.31,79.72,CleanAir,0.0,safe
3190,2024-01-01T08:51:30,1.64294,1.404191,0.852548,29.88,35.12,CleanAir,0.0,safe
3191,2024-01-01T08:51:40,1.634881,1.34193,0.803209,25.81,68.19,CleanAir,0.0,safe
3192,2024-01-01T08:51:50,1.600077,1.306034,0.757392,11.21,77.76,CleanAir,0.0,safe
3193,2024-01-01T08:52:00,0.330536,0.166507,0.00319,32.4,87.7,Smoke,254.2,unsafe
3194,2024-01-01T08:52:10,0.512409,0.0225,0.106462,36.52,73.41,LPG,1562.8,unsafe
3195,2024-01-01T08:52:20,0.249,0.152344,0.081849,27.46,49.15,Alcohol,315.52,safe
3196,2024-01-01T08:52:30,0.147478,0.058058,0.016125,25.02,42.77,LPG,3124.54,unsafe
3197,2024-01-01T08:52:40,0.213549,0.174599,0.061773,10.84,68.51,CO,290.61,unsafe
3198,2024-01-01T08:52:50,1.723833,1.389805,0.879738,39.93,43.81,CleanAir,0.0,safe
3199,2024-01-01T08:53:00,0.003257,0.00324,0.025876,23.4,63.69,Smoke,24.16,safe
3200,2024-01-01T08:53:10,0.065809,0.30879,0.151147,17.68,53.63,Propane,2335.06,unsafe
3201,2024-01-01T08:53:20,1.667007,1.398075,0.872846,37.85,31.14,CleanAir,0.0,safe
3202,2024-01-01T08:53:30,0.10376,0.442228,0.143734,12.42,59.21,LPG,4835.56,unsafe
3203,2024-01-01T08:53:40,0.025664,0.009668,0.10879,17.18,82.23,Smoke,492.65,unsafe
3204,2024-01-01T08:53:50,1.615977,1.295539,0.809541,13.34,60.34,CleanAir,0.0,safe
3205,2024-01-01T08:54:00,1.70625,1.343928,0.816691,13.69,51.42,CleanAir,0.0,safe
3206,2024-01-01T08:54:10,0.016084,0.009661,0.003247,24.06,34.43,LPG,317.3,safe
3207,2024-01-01T08:54:20,1.693209,1.358812,0.83185,34.84,52.02,CleanAir,0.0,safe
3208,2024-01-01T08:54:30,0.318961,0.364846,0.099834,39.93,76.86,CO,1245.33,unsafe
3209,2024-01-01T08:54:40,1.637485,1.330342,0.810163,11.56,45.22,CleanAir,0.0,safe
3210,2024-01-01T08:54:50,0.650058,0.016032,0.012805,35.09,51.76,Smoke,970.57,unsafe
3211,2024-01-01T08:55:00,1.664102,1.380231,0.832583,32.69,58.89,CleanAir,0.0,safe
3212,2024-01-01T08:55:10,1.639157,1.352509,0.835889,19.0,40.89,CleanAir,0.0,safe
3213,2024-01-01T08:55:20,1.669762,1.357451,0.846582,20.03,30.89,CleanAir,0.0,safe
3214,2024-01-01T08:55:30,1.675005,1.416786,0.880884,36.28,34.23,CleanAir,0.0,safe
3215,2024-01-01T08:55:40,0.261729,0.012969,0.081056,29.13,40.06,CO,469.64,unsafe
3216,2024-01-01T08:55:50,0.019253,0.177423,0.006424,15.69,67.96,Alcohol,906.18,safe
3217,2024-01-01T08:56:00,1.583465,1.3247,0.791861,20.55,75.17,CleanAir,0.0,safe
3218,2024-01-01T08:56:10,0.495046,0.012925,0.126838,35.26,62.87,Smoke,537.86,unsafe
3219,2024-01-01T08:56:20,0.716894,0.049403,0.147917,20.49,30.28,LPG,3791.61,unsafe
3220,2024-01-01T08:56:30,0.035858,0.223891,0.133102,20.89,89.7,Smoke,723.14,unsafe
3221,2024-01-01T08:56:40,0.616256,0.302401,0.215979,11.98,54.36,Hydrogen,4097.15,safe
3222,2024-01-01T08:56:50,1.690021,1.378869,0.859932,34.01,43.56,CleanAir,0.0,safe
3223,2024-01-01T08:57:00,0.347047,0.202235,0.147583,13.83,50.97,Alcohol,1368.38,unsafe
3224,2024-01-01T08:57:10,1.674137,1.357974,0.854846,37.99,59.96,CleanAir,0.0,safe
3225,2024-01-01T08:57:20,0.445848,0.205938,0.098744,33.78,50.74,Propane,578.69,safe
3226,2024-01-01T08:57:30,0.293812,0.175563,0.006566,33.46,57.52,Alcohol,568.41,safe
3227,2024-01-01T08:57:40,0.346647,0.785139,0.153249,28.75,87.03,Methane,13780.39,unsafe
3228,2024-01-01T08:57:50,0.731763,0.789294,0.032181,32.91,83.2,Methane,12667.69,unsafe
3229,2024-01-01T08:58:00,1.666213,1.383142,0.827217,21.84,39.17,CleanAir,0.0,safe
3230,2024-01-01T08:58:10,0.513802,0.224147,0.006441,21.9,34.93,Smoke,537.93,unsafe
3231,2024-01-01T08:58:20,1.640579,1.361141,0.811499,24.4,66.21,CleanAir,0.0,safe
3232,2024-01-01T08:58:30,1.645869,1.334224,0.819784,36.46,86.84,CleanAir,0.0,safe
3233,2024-01-01T08:58:40,0.816658,0.883951,0.038759,26.52,50.66,Methane,17669.71,unsafe
3234,2024-01-01T08:58:50,0.460401,0.203663,0.112008,15.66,56.3,Smoke,473.04,unsafe
3235,2024-01-01T08:59:00,1.66659,1.319835,0.805107,17.22,58.8,CleanAir,0.0,safe
3236,2024-01-01T08:59:10,0.026329,0.199504,0.119758,12.04,42.13,Hydrogen,820.64,safe
3237,2024-01-01T08:59:20,1.644211,1.318752,0.808988,16.8,68.35,CleanAir,0.0,safe
3238,2024-01-01T08:59:30,0.103467,0.725818,0.150788,39.73,38.99,Methane,8679.7,unsafe
3239,2024-01-01T08:59:40,0.022592,0.202066,0.006501,27.32,38.41,Alcohol,1008.71,unsafe
3240,2024-01-01T08:59:50,1.626677,1.298179,0.78553,19.81,86.24,CleanAir,0.0,safe
3241,2024-01-01T09:00:00,1.701118,1.374274,0.861403,36.72,38.23,CleanAir,0.0,safe
3242,2024-01-01T09:00:10,0.046032,0.256999,0.152674,36.03,40.26,Smoke,768.16,unsafe
3243,2024-01-01T09:00:20,1.635873,1.339411,0.834411,19.08,49.54,CleanAir,0.0,safe
3244,2024-01-01T09:00:30,1.652543,1.296,0.824594,35.16,86.78,CleanAir,0.0,safe
3245,2024-01-01T09:00:40,0.365962,0.006487,0.003212,32.79,53.42,Smoke,254.41,unsafe
3246,2024-01-01T09:00:50,0.368458,0.203076,0.009472,14.59,39.0,Alcohol,1293.56,unsafe
3247,2024-01-01T09:01:00,0.022199,0.190582,0.092942,23.16,74.3,Propane,555.87,safe
3248,2024-01-01T09:01:10,1.608523,1.296684,0.801513,22.61,83.61,CleanAir,0.0,safe
3249,2024-01-01T09:01:20,0.562268,0.238812,0.009827,26.65,64.45,Propane,1113.08,unsafe
3250,2024-01-01T09:01:30,0.611563,0.594695,0.025662,33.99,50.18,Methane,5140.15,unsafe
3251,2024-01-01T09:01:40,0.252542,0.150503,0.003259,26.42,80.39,Alcohol,373.49,safe
3252,2024-01-01T09:01:50,0.393438,0.215478,0.160231,38.18,44.58,Alcohol,1341.23,unsafe
3253,2024-01-01T09:02:00,0.811065,0.869027,0.166665,11.07,48.13,Methane,17566.73,unsafe
3254,2024-01-01T09:02:10,0.612091,0.361532,0.121487,23.58,59.45,LPG,2518.49,unsafe
3255,2024-01-01T09:02:20,0.19989,0.086837,0.146406,13.73,31.53,Methane,8659.75,unsafe
3256,2024-01-01T09:02:30,0.174845,0.218589,0.150086,18.14,47.05,Methane,10357.4,unsafe
3257,2024-01-01T09:02:40,0.376285,0.178036,0.087242,17.75,79.86,Propane,469.2,safe
3258,2024-01-01T09:02:50,1.635584,1.311454,0.806755,23.3,78.92,CleanAir,0.0,safe
3259,2024-01-01T09:03:00,0.038562,0.230583,0.141198,11.27,75.09,Smoke,852.92,unsafe
3260,2024-01-01T09:03:10,1.678981,1.349589,0.820603,16.62,52.62,CleanAir,0.0,safe
3261,2024-01-01T09:03:20,0.401484,0.0098,0.003224,10.12,47.04,Propane,493.04,safe
3262,2024-01-01T09:03:30,0.493132,0.009602,0.121251,31.94,85.95,Smoke,538.21,unsafe
3263,2024-01-01T09:03:40,1.646433,1.34374,0.823431,20.74,58.59,CleanAir,0.0,safe
3264,2024-01-01T09:03:50,0.391507,0.212528,0.00943,20.92,33.0,Alcohol,1414.75,unsafe
3265,2024-01-01T09:04:00,0.626082,0.367805,0.12504,23.66,38.75,LPG,2311.91,unsafe
3266,2024-01-01T09:04:10,1.685632,1.385251,0.870952,32.27,42.06,CleanAir,0.0,safe
3267,2024-01-01T09:04:20,1.681111,1.370916,0.867899,35.39,51.97,CleanAir,0.0,safe
3268,2024-01-01T09:04:30,1.662979,1.329619,0.816064,34.48,82.83,CleanAir,0.0,safe
3269,2024-01-01T09:04:40,1.678819,1.332827,0.833185,34.81,69.98,CleanAir,0.0,safe
3270,2024-01-01T09:04:50,0.876043,0.356821,0.183265,12.16,47.97,Propane,3883.59,unsafe
3271,2024-01-01T09:05:00,1.635647,1.33837,0.822513,33.44,81.31,CleanAir,0.0,safe
3272,2024-01-01T09:05:10,1.641795,1.333276,0.823469,29.79,78.91,CleanAir,0.0,safe
3273,2024-01-01T09:05:20,1.675973,1.411805,0.887698,32.59,34.2,CleanAir,0.0,safe
3274,2024-01-01T09:05:30,1.634894,1.371692,0.825818,22.19,66.14,CleanAir,0.0,safe
3275,2024-01-01T09:05:40,1.684278,1.352304,0.82135,17.63,44.39,CleanAir,0.0,safe
3276,2024-01-01T09:05:50,1.631416,1.328228,0.795899,21.29,75.06,CleanAir,0.0,safe
3277,2024-01-01T09:06:00,1.671594,1.314645,0.8152,29.16,79.35,CleanAir,0.0,safe
3278,2024-01-01T09:06:10,0.337542,0.398927,0.107566,23.32,74.88,CO,1750.83,unsafe
3279,2024-01-01T09:06:20,1.71103,1.385831,0.852932,34.71,46.47,CleanAir,0.0,safe
3280,2024-01-01T09:06:30,0.572224,0.283742,0.192149,32.15,47.26,Hydrogen,2438.61,safe
3281,2024-01-01T09:06:40,1.671479,1.37143,0.845907,14.9,38.45,CleanAir,0.0,safe
3282,2024-01-01T09:06:50,0.151156,0.077031,0.0,34.88,68.83,CO,46.25,safe
3283,2024-01-01T09:07:00,0.280604,0.287683,0.006557,12.45,72.14,CO,903.05,unsafe
3284,2024-01-01T09:07:10,1.616694,1.322105,0.796884,10.65,60.67,CleanAir,0.0,safe
3285,2024-01-01T09:07:20,0.051797,0.018977,0.155574,15.49,77.67,Alcohol,1752.03,unsafe
3286,2024-01-01T09:07:30,0.715089,0.730961,0.022184,36.76,63.71,Methane,9382.54,unsafe
3287,2024-01-01T09:07:40,0.68787,0.699782,0.032147,26.06,34.27,Methane,7752.17,unsafe
3288,2024-01-01T09:07:50,0.531174,0.012864,0.131891,26.18,37.77,Smoke,581.6,unsafe
3289,2024-01-01T09:08:00,1.668522,1.36503,0.847566,28.52,59.39,CleanAir,0.0,safe
3290,2024-01-01T09:08:10,0.361129,0.016175,0.151129,21.01,64.11,Alcohol,1436.32,unsafe
3291,2024-01-01T09:08:20,1.723437,1.352878,0.881215,18.63,30.26,CleanAir,0.0,safe
3292,2024-01-01T09:08:30,0.128582,0.368995,0.191872,27.24,51.42,Propane,3989.85,unsafe
3293,2024-01-01T09:08:40,0.661261,0.262889,0.166077,35.34,54.96,Smoke,922.21,unsafe
3294,2024-01-01T09:08:50,0.380993,0.178454,0.094866,36.53,77.67,Smoke,294.43,unsafe
3295,2024-01-01T09:09:00,0.03218,0.213387,0.160335,29.03,39.43,Alcohol,1316.96,unsafe
3296,2024-01-01T09:09:10,0.151969,0.888695,0.17153,29.19,51.2,Methane,17280.91,unsafe
3297,2024-01-01T09:09:20,1.714803,1.370498,0.857955,39.58,51.88,CleanAir,0.0,safe
3298,2024-01-01T09:09:30,1.628444,1.286174,0.81741,18.64,75.43,CleanAir,0.0,safe
3299,2024-01-01T09:09:40,1.625578,1.316503,0.814958,16.02,64.77,CleanAir,0.0,safe
3300,2024-01-01T09:09:50,1.586291,1.296498,0.787323,12.09,66.2,CleanAir,0.0,safe
3301,2024-01-01T09:10:00,0.773507,0.451412,0.150812,29.66,45.82,LPG,4165.49,unsafe
3302,2024-01-01T09:10:10,0.351494,0.197589,0.137664,28.46,36.58,Alcohol,909.18,safe
3303,2024-01-01T09:10:20,1.699238,1.420024,0.876848,39.45,40.26,CleanAir,0.0,safe
3304,2024-01-01T09:10:30,0.172182,0.003193,0.0,21.14,45.04,Smoke,57.72,unsafe
3305,2024-01-01T09:10:40,1.718098,1.39903,0.899953,38.02,33.27,CleanAir,0.0,safe
3306,2024-01-01T09:10:50,0.543997,0.022256,0.01926,18.59,34.34,Hydrogen,2250.01,safe
3307,2024-01-01T09:11:00,1.647009,1.326873,0.842624,26.57,66.42,CleanAir,0.0,safe
3308,2024-01-01T09:11:10,0.192227,0.127803,0.051163,26.11,80.2,CO,145.7,unsafe
3309,2024-01-01T09:11:20,0.36095,0.20408,0.147892,17.12,41.63,Alcohol,1239.98,unsafe
3310,2024-01-01T09:11:30,0.446807,0.229349,0.152597,32.97,72.36,Hydrogen,1395.49,safe
3311,2024-01-01T09:11:40,0.737618,0.775953,0.161978,29.38,33.38,Methane,10207.77,unsafe
3312,2024-01-01T09:11:50,0.592748,0.295477,0.207821,30.99,48.82,Hydrogen,2879.32,safe
3313,2024-01-01T09:12:00,0.058139,0.256426,0.169766,19.46,85.18,Hydrogen,2246.03,safe
3314,2024-01-01T09:12:10,1.723136,1.401982,0.889657,30.83,33.69,CleanAir,0.0,safe
3315,2024-01-01T09:12:20,0.912095,0.379065,0.197794,25.59,55.21,Propane,4250.71,unsafe
3316,2024-01-01T09:12:30,1.665642,1.388683,0.861282,28.52,44.6,CleanAir,0.0,safe
3317,2024-01-01T09:12:40,0.180154,0.00321,0.0,26.17,58.19,Smoke,62.75,unsafe
3318,2024-01-01T09:12:50,0.006489,0.141748,0.05789,26.27,75.5,CO,187.4,unsafe
3319,2024-01-01T09:13:00,0.899369,0.371484,0.19518,32.09,40.83,Propane,3612.02,unsafe
3320,2024-01-01T09:13:10,1.646248,1.334552,0.826309,15.56,54.11,CleanAir,0.0,safe
3321,2024-01-01T09:13:20,1.629346,1.303115,0.810063,23.37,84.07,CleanAir,0.0,safe
3322,2024-01-01T09:13:30,1.613061,1.350375,0.847515,29.13,61.72,CleanAir,0.0,safe
3323,2024-01-01T09:13:40,0.019181,0.187719,0.100929,28.41,73.55,Smoke,364.3,unsafe
3324,2024-01-01T09:13:50,0.40125,0.223946,0.012842,12.67,31.41,Alcohol,1830.97,unsafe
3325,2024-01-01T09:14:00,0.710942,0.755976,0.151535,10.88,52.97,Methane,11479.62,unsafe
3326,2024-01-01T09:14:10,1.633074,1.311919,0.805822,22.08,84.32,CleanAir,0.0,safe
3327,2024-01-01T09:14:20,0.247145,0.009842,0.003236,11.66,53.03,CO,439.56,unsafe
3328,2024-01-01T09:14:30,0.649947,0.324577,0.232975,38.41,52.04,Hydrogen,3876.17,safe
3329,2024-01-01T09:14:40,0.291624,0.018895,0.094341,21.47,31.87,CO,723.27,unsafe
3330,2024-01-01T09:14:50,1.64021,1.32391,0.834007,13.86,59.2,CleanAir,0.0,safe
3331,2024-01-01T09:15:00,0.146561,0.370653,0.193895,28.97,72.96,Propane,4322.72,unsafe
3332,2024-01-01T09:15:10,1.656453,1.349843,0.839071,10.07,45.56,CleanAir,0.0,safe
3333,2024-01-01T09:15:20,0.636692,0.028541,0.130814,24.67,74.99,LPG,2853.82,unsafe
3334,2024-01-01T09:15:30,0.62019,0.035705,0.222137,18.02,41.8,Hydrogen,3602.06,safe
3335,2024-01-01T09:15:40,0.791695,0.877471,0.175154,13.22,34.74,Methane,16411.99,unsafe
3336,2024-01-01T09:15:50,0.229822,0.832272,0.166504,20.46,61.84,Methane,15790.19,unsafe
3337,2024-01-01T09:16:00,0.418397,0.009746,0.107129,26.69,72.69,Smoke,390.41,unsafe
3338,2024-01-01T09:16:10,0.280151,0.263877,0.087279,38.28,69.02,CO,607.34,unsafe
3339,2024-01-01T09:16:20,1.673045,1.373903,0.866876,35.39,72.5,CleanAir,0.0,safe
3340,2024-01-01T09:16:30,0.797457,0.035169,0.178865,27.91,39.07,Propane,2588.99,unsafe
3341,2024-01-01T09:16:40,0.341221,0.393784,0.113215,14.55,42.34,CO,1593.57,unsafe
3342,2024-01-01T09:16:50,0.68379,0.04269,0.016038,35.29,70.4,LPG,3355.5,unsafe
3343,2024-01-01T09:17:00,0.367856,0.012993,0.086579,15.78,37.58,LPG,581.38,safe
3344,2024-01-01T09:17:10,0.088397,0.14431,0.149636,17.48,76.03,Methane,10932.8,unsafe
3345,2024-01-01T09:17:20,0.35492,0.178686,0.090432,22.77,41.2,Propane,346.92,safe
3346,2024-01-01T09:17:30,0.341185,0.006574,0.084162,15.52,76.11,Propane,386.09,safe
3347,2024-01-01T09:17:40,0.595509,0.140908,0.012856,11.29,66.85,Methane,6958.67,unsafe
3348,2024-01-01T09:17:50,0.019074,0.190206,0.107833,34.1,40.8,Smoke,324.58,unsafe
3349,2024-01-01T09:18:00,1.693856,1.401434,0.912979,35.69,33.57,CleanAir,0.0,safe
3350,2024-01-01T09:18:10,1.656188,1.342744,0.862231,13.75,33.34,CleanAir,0.0,safe
3351,2024-01-01T09:18:20,1.68613,1.361319,0.879438,24.42,51.08,CleanAir,0.0,safe
3352,2024-01-01T09:18:30,0.312433,0.332175,0.006538,30.41,65.84,CO,1110.41,unsafe
3353,2024-01-01T09:18:40,0.081874,0.038435,0.159245,37.59,30.78,LPG,3517.96,unsafe
3354,2024-01-01T09:18:50,0.026282,0.015946,0.096148,36.71,31.0,CO,662.73,unsafe
3355,2024-01-01T09:19:00,0.633587,0.04493,0.23623,38.52,54.12,Hydrogen,3545.3,safe
3356,2024-01-01T09:19:10,0.531639,0.012744,0.144111,35.61,38.93,Smoke,573.41,unsafe
3357,2024-01-01T09:19:20,1.629237,1.371558,0.865895,12.9,33.64,CleanAir,0.0,safe
3358,2024-01-01T09:19:30,1.634176,1.343416,0.852149,32.91,74.22,CleanAir,0.0,safe
3359,2024-01-01T09:19:40,0.950697,0.391269,0.211736,28.93,50.5,Propane,4666.5,unsafe
3360,2024-01-01T09:19:50,0.926378,0.378575,0.203469,11.49,33.82,Propane,4582.36,unsafe
3361,2024-01-01T09:20:00,1.634617,1.347398,0.856149,18.53,56.81,CleanAir,0.0,safe
3362,2024-01-01T09:20:10,1.665391,1.379667,0.875415,38.81,68.08,CleanAir,0.0,safe
3363,2024-01-01T09:20:20,0.3135,0.179136,0.121608,30.64,77.88,Alcohol,781.57,safe
3364,2024-01-01T09:20:30,0.324987,0.394126,0.112863,33.6,78.35,CO,1636.23,unsafe
3365,2024-01-01T09:20:40,1.64367,1.370259,0.848364,35.47,78.75,CleanAir,0.0,safe
3366,2024-01-01T09:20:50,0.774864,0.318967,0.17249,28.02,50.32,Propane,2550.52,unsafe
3367,2024-01-01T09:21:00,1.61258,1.308041,0.820049,23.45,89.87,CleanAir,0.0,safe
3368,2024-01-01T09:21:10,1.598818,1.31989,0.81482,12.31,78.34,CleanAir,0.0,safe
3369,2024-01-01T09:21:20,0.336321,0.006445,0.003256,11.64,80.61,Smoke,276.27,unsafe
3370,2024-01-01T09:21:30,0.886229,0.365081,0.199459,38.61,34.66,Propane,3281.03,unsafe
3371,2024-01-01T09:21:40,0.631457,0.261647,0.009622,30.08,39.14,Smoke,841.01,unsafe
3372,2024-01-01T09:21:50,1.69603,1.378085,0.869402,39.16,59.35,CleanAir,0.0,safe
3373,2024-01-01T09:22:00,0.329493,0.012926,0.080662,27.64,70.43,LPG,482.34,safe
3374,2024-01-01T09:22:10,0.642581,0.263735,0.13896,11.31,88.35,Propane,1863.83,unsafe
3375,2024-01-01T09:22:20,0.060976,0.276482,0.199978,17.18,77.99,Hydrogen,3130.08,safe
3376,2024-01-01T09:22:30,0.642871,0.656083,0.141793,34.48,71.58,Methane,7014.18,unsafe
3377,2024-01-01T09:22:40,1.622687,1.341633,0.854523,19.25,69.73,CleanAir,0.0,safe
3378,2024-01-01T09:22:50,0.587745,0.032543,0.019259,32.51,47.2,Hydrogen,2859.65,safe
3379,2024-01-01T09:23:00,0.022909,0.340804,0.101831,11.85,88.64,CO,1371.83,unsafe
3380,2024-01-01T09:23:10,0.613006,0.354388,0.128128,17.29,58.97,LPG,2540.33,unsafe
3381,2024-01-01T09:23:20,1.622338,1.347071,0.8479,31.63,78.71,CleanAir,0.0,safe
3382,2024-01-01T09:23:30,0.071219,0.594839,0.132214,14.69,83.13,Methane,6382.68,unsafe
3383,2024-01-01T09:23:40,1.674979,1.393567,0.897416,39.5,57.75,CleanAir,0.0,safe
3384,2024-01-01T09:23:50,1.611771,1.317034,0.842854,25.35,79.56,CleanAir,0.0,safe
3385,2024-01-01T09:24:00,1.662022,1.371222,0.862659,21.06,44.2,CleanAir,0.0,safe
3386,2024-01-01T09:24:10,0.087204,0.437025,0.155564,39.79,78.74,LPG,4317.89,unsafe
3387,2024-01-01T09:24:20,0.162389,0.380098,0.016445,14.6,32.61,Propane,4632.45,unsafe
3388,2024-01-01T09:24:30,0.246555,0.009814,0.076445,20.09,45.56,CO,382.83,unsafe
3389,2024-01-01T09:24:40,1.677873,1.362055,0.879939,34.72,60.03,CleanAir,0.0,safe
3390,2024-01-01T09:24:50,1.623197,1.340538,0.850627,34.3,88.47,CleanAir,0.0,safe
3391,2024-01-01T09:25:00,1.628739,1.352626,0.859397,28.53,72.61,CleanAir,0.0,safe
3392,2024-01-01T09:25:10,0.614977,0.362851,0.132509,29.01,32.57,LPG,2131.29,unsafe
3393,2024-01-01T09:25:20,1.661483,1.340137,0.857644,11.54,41.7,CleanAir,0.0,safe
3394,2024-01-01T09:25:30,0.032403,0.029148,0.108233,34.86,66.96,CO,1242.81,unsafe
3395,2024-01-01T09:25:40,0.787402,0.457618,0.022574,30.42,39.29,LPG,4641.5,unsafe
3396,2024-01-01T09:25:50,0.302528,0.161212,0.080104,36.95,51.14,Smoke,174.25,unsafe
3397,2024-01-01T09:26:00,0.383474,0.183264,0.097116,27.58,30.25,Propane,376.43,safe
3398,2024-01-01T09:26:10,0.359289,0.431346,0.119842,36.31,63.4,CO,1795.91,unsafe
3399,2024-01-01T09:26:20,1.654047,1.335623,0.853899,17.28,60.66,CleanAir,0.0,safe
3400,2024-01-01T09:26:30,0.040902,0.302293,0.112753,22.03,79.66,LPG,1706.74,unsafe
3401,2024-01-01T09:26:40,0.022725,0.207607,0.136067,38.62,52.0,Hydrogen,779.99,safe
3402,2024-01-01T09:26:50,1.640138,1.350246,0.833756,31.54,88.67,CleanAir,0.0,safe
3403,2024-01-01T09:27:00,1.69287,1.351165,0.874574,13.95,31.72,CleanAir,0.0,safe
3404,2024-01-01T09:27:10,0.261188,0.003179,0.067324,27.33,86.25,Smoke,150.09,unsafe
3405,2024-01-01T09:27:20,1.668505,1.341101,0.885562,29.28,47.9,CleanAir,0.0,safe
3406,2024-01-01T09:27:30,1.64123,1.339753,0.864827,35.66,78.15,CleanAir,0.0,safe
3407,2024-01-01T09:27:40,0.028653,0.23504,0.003205,37.51,67.43,LPG,696.93,safe
3408,2024-01-01T09:27:50,1.651821,1.362192,0.892331,37.87,58.86,CleanAir,0.0,safe
3409,2024-01-01T09:28:00,0.669241,0.326752,0.244465,31.29,76.81,Hydrogen,4875.32,safe
3410,2024-01-01T09:28:10,1.643953,1.395277,0.908788,24.12,31.58,CleanAir,0.0,safe
3411,2024-01-01T09:28:20,1.663204,1.380116,0.888127,19.73,39.26,CleanAir,0.0,safe
3412,2024-01-01T09:28:30,1.625139,1.326425,0.860256,13.96,58.67,CleanAir,0.0,safe
3413,2024-01-01T09:28:40,0.386679,0.022456,0.176446,17.22,43.76,Alcohol,1667.33,unsafe
3414,2024-01-01T09:28:50,1.632583,1.345668,0.855319,20.94,73.72,CleanAir,0.0,safe
3415,2024-01-01T09:29:00,0.30377,0.160471,0.079421,26.29,51.27,Smoke,183.85,unsafe
3416,2024-01-01T09:29:10,0.818986,0.140376,0.060283,27.97,49.17,Methane,17536.77,unsafe
3417,2024-01-01T09:29:20,0.313355,0.179899,0.122389,28.02,44.0,Alcohol,660.32,safe
3418,2024-01-01T09:29:30,1.658552,1.348035,0.840988,14.1,60.4,CleanAir,0.0,safe
3419,2024-01-01T09:29:40,1.621035,1.33792,0.832857,20.7,80.48,CleanAir,0.0,safe
3420,2024-01-01T09:29:50,1.666396,1.352095,0.872958,37.76,74.49,CleanAir,0.0,safe
3421,2024-01-01T09:30:00,0.297949,0.82627,0.16144,10.75,75.56,Methane,16095.27,unsafe
3422,2024-01-01T09:30:10,0.160261,0.903023,0.048272,31.29,60.79,Methane,18900.21,unsafe
3423,2024-01-01T09:30:20,1.665235,1.322285,0.843529,25.46,84.16,CleanAir,0.0,safe
3424,2024-01-01T09:30:30,0.328869,0.374344,0.109746,12.39,65.96,CO,1592.94,unsafe
3425,2024-01-01T09:30:40,0.281925,0.012967,0.090345,21.07,40.9,CO,586.47,unsafe
3426,2024-01-01T09:30:50,0.786408,0.314024,0.170084,17.27,87.61,Propane,3104.17,unsafe
3427,2024-01-01T09:31:00,0.039064,0.246193,0.093502,35.38,75.59,LPG,800.13,safe
3428,2024-01-01T09:31:10,1.646073,1.33548,0.859465,37.77,83.75,CleanAir,0.0,safe
3429,2024-01-01T09:31:20,0.558919,0.270328,0.200034,17.91,88.99,Hydrogen,3056.06,safe
3430,2024-01-01T09:31:30,0.753721,0.802183,0.159357,15.41,85.36,Methane,15988.56,unsafe
3431,2024-01-01T09:31:40,0.314003,0.006453,0.077616,22.37,86.39,Smoke,212.69,unsafe
3432,2024-01-01T09:31:50,1.604503,1.288812,0.81717,12.8,88.27,CleanAir,0.0,safe
3433,2024-01-01T09:32:00,0.006396,0.123358,0.061146,34.08,75.24,Alcohol,146.42,safe
3434,2024-01-01T09:32:10,1.633478,1.309781,0.816924,21.86,85.03,CleanAir,0.0,safe
3435,2024-01-01T09:32:20,0.797754,0.831642,0.168846,14.59,80.77,Methane,18312.28,unsafe
3436,2024-01-01T09:32:30,0.73667,0.035837,0.163307,24.53,50.28,Propane,2125.58,unsafe
3437,2024-01-01T09:32:40,0.015958,0.261807,0.003236,37.22,40.11,CO,502.2,unsafe
3438,2024-01-01T09:32:50,1.642994,1.350697,0.859668,12.99,36.35,CleanAir,0.0,safe
3439,2024-01-01T09:33:00,1.668809,1.37105,0.877111,14.17,34.79,CleanAir,0.0,safe
3440,2024-01-01T09:33:10,1.630624,1.330871,0.82799,10.83,63.04,CleanAir,0.0,safe
3441,2024-01-01T09:33:20,0.879729,0.362776,0.196094,18.43,50.25,Propane,3969.24,unsafe
3442,2024-01-01T09:33:30,0.186143,0.116493,0.051937,11.67,58.45,CO,114.92,unsafe
3443,2024-01-01T09:33:40,1.614906,1.308474,0.829836,10.64,52.53,CleanAir,0.0,safe
3444,2024-01-01T09:33:50,1.684473,1.411698,0.898863,38.36,51.15,CleanAir,0.0,safe
3445,2024-01-01T09:34:00,0.408428,0.222688,0.181847,36.67,75.49,Alcohol,1959.37,unsafe
3446,2024-01-01T09:34:10,0.16421,0.098539,0.042463,32.06,47.67,Smoke,48.01,safe
3447,2024-01-01T09:34:20,1.642804,1.304973,0.851461,35.95,82.91,CleanAir,0.0,safe
3448,2024-01-01T09:34:30,0.003185,0.080809,0.0,35.11,33.1,CO,44.66,safe
3449,2024-01-01T09:34:40,1.630052,1.280592,0.81009,11.73,82.38,CleanAir,0.0,safe
3450,2024-01-01T09:34:50,0.122917,0.863911,0.177544,26.54,57.67,Methane,16914.1,unsafe
3451,2024-01-01T09:35:00,0.741775,0.100897,0.019602,35.52,45.88,Methane,10145.28,unsafe
3452,2024-01-01T09:35:10,1.646923,1.310948,0.838306,11.78,61.64,CleanAir,0.0,safe
3453,2024-01-01T09:35:20,0.032055,0.202176,0.130428,27.05,84.5,Hydrogen,999.08,safe
3454,2024-01-01T09:35:30,1.711177,1.383143,0.891202,37.54,45.84,CleanAir,0.0,safe
3455,2024-01-01T09:35:40,0.351319,0.419363,0.115153,12.42,46.36,CO,1826.41,unsafe
3456,2024-01-01T09:35:50,1.638979,1.338309,0.846059,28.11,85.81,CleanAir,0.0,safe
3457,2024-01-01T09:36:00,1.631929,1.304526,0.840751,17.75,74.49,CleanAir,0.0,safe
3458,2024-01-01T09:36:10,1.682885,1.364811,0.884434,39.58,62.68,CleanAir,0.0,safe
3459,2024-01-01T09:36:20,0.694126,0.391093,0.01296,31.83,56.25,LPG,3047.44,unsafe
3460,2024-01-01T09:36:30,0.294919,0.160889,0.006486,12.65,55.0,Hydrogen,410.09,safe
3461,2024-01-01T09:36:40,1.689517,1.369891,0.893168,36.78,48.49,CleanAir,0.0,safe
3462,2024-01-01T09:36:50,0.860143,0.912273,0.025946,35.62,58.29,Methane,19203.28,unsafe
3463,2024-01-01T09:37:00,0.464442,0.02226,0.103785,26.52,48.4,LPG,1015.18,unsafe
3464,2024-01-01T09:37:10,1.702453,1.342768,0.890272,38.24,73.75,CleanAir,0.0,safe
3465,2024-01-01T09:37:20,0.347045,0.188857,0.139455,28.64,64.37,Alcohol,998.0,safe
3466,2024-01-01T09:37:30,0.191912,0.767088,0.031949,37.88,67.36,Methane,11218.48,unsafe
3467,2024-01-01T09:37:40,1.688329,1.394744,0.874992,13.5,30.58,CleanAir,0.0,safe
3468,2024-01-01T09:37:50,1.713516,1.375556,0.907635,31.26,40.77,CleanAir,0.0,safe
3469,2024-01-01T09:38:00,1.665003,1.370606,0.886646,31.17,49.33,CleanAir,0.0,safe
3470,2024-01-01T09:38:10,0.730176,0.419154,0.145603,29.11,56.14,LPG,3723.25,unsafe
3471,2024-01-01T09:38:20,0.57995,0.032416,0.202137,39.97,37.3,Hydrogen,2151.08,safe
3472,2024-01-01T09:38:30,0.749859,0.430145,0.149775,10.53,60.28,LPG,4578.31,unsafe
3473,2024-01-01T09:38:40,1.6636,1.352079,0.871544,32.07,84.3,CleanAir,0.0,safe
3474,2024-01-01T09:38:50,1.663151,1.349453,0.874333,37.66,76.09,CleanAir,0.0,safe
3475,2024-01-01T09:39:00,0.242071,0.136442,0.065068,38.38,41.82,Smoke,106.76,unsafe
3476,2024-01-01T09:39:10,0.028889,0.025706,0.116656,27.39,54.07,CO,1452.03,unsafe
3477,2024-01-01T09:39:20,1.674141,1.354608,0.875711,33.73,59.49,CleanAir,0.0,safe
3478,2024-01-01T09:39:30,1.685343,1.350253,0.840027,37.42,77.47,CleanAir,0.0,safe
3479,2024-01-01T09:39:40,0.009715,0.13754,0.067396,18.65,37.37,Smoke,136.4,unsafe
3480,2024-01-01T09:39:50,1.656613,1.333062,0.861607,22.81,48.43,CleanAir,0.0,safe
3481,2024-01-01T09:40:00,0.193504,0.003203,0.057135,35.99,67.04,CO,129.7,unsafe
3482,2024-01-01T09:40:10,1.630525,1.341734,0.86221,10.83,32.4,CleanAir,0.0,safe
3483,2024-01-01T09:40:20,0.029352,0.016055,0.179289,15.28,64.71,Alcohol,1976.76,unsafe
3484,2024-01-01T09:40:30,0.177438,0.337297,0.025678,35.84,45.75,Propane,2636.21,unsafe
3485,2024-01-01T09:40:40,1.617592,1.309696,0.81116,15.3,72.65,CleanAir,0.0,safe
3486,2024-01-01T09:40:50,0.115285,0.338141,0.183414,24.21,85.46,Propane,3783.53,unsafe
3487,2024-01-01T09:41:00,1.710353,1.388095,0.889036,30.91,40.5,CleanAir,0.0,safe
3488,2024-01-01T09:41:10,0.160848,0.766794,0.019091,23.51,47.23,Methane,11155.41,unsafe
3489,2024-01-01T09:41:20,1.65012,1.284631,0.832068,13.13,83.68,CleanAir,0.0,safe
3490,2024-01-01T09:41:30,0.100065,0.362785,0.019513,23.76,44.85,Propane,3941.02,unsafe
3491,2024-01-01T09:41:40,0.51716,0.260161,0.18027,33.92,47.86,Hydrogen,1725.03,safe
3492,2024-01-01T09:41:50,0.552048,0.231298,0.144593,30.03,87.24,Smoke,731.13,unsafe
3493,2024-01-01T09:42:00,0.579365,0.552949,0.125536,10.9,88.62,Methane,5826.99,unsafe
3494,2024-01-01T09:42:10,0.26645,0.009828,0.079524,24.88,48.01,CO,430.38,unsafe
3495,2024-01-01T09:42:20,1.658671,1.341705,0.875986,11.36,30.71,CleanAir,0.0,safe
3496,2024-01-01T09:42:30,0.233994,0.128965,0.061104,36.59,62.65,Smoke,103.88,unsafe
3497,2024-01-01T09:42:40,1.649833,1.351617,0.84687,14.07,51.07,CleanAir,0.0,safe
3498,2024-01-01T09:42:50,1.655771,1.348012,0.853796,21.46,62.66,CleanAir,0.0,safe
3499,2024-01-01T09:43:00,0.634954,0.359993,0.12928,19.98,45.43,LPG,2392.23,unsafe
3500,2024-01-01T09:43:10,0.881628,0.045052,0.188875,12.07,75.1,Propane,4252.23,unsafe
3501,2024-01-01T09:43:20,0.491794,0.012646,0.115989,24.25,33.85,Propane,683.45,safe
3502,2024-01-01T09:43:30,0.660564,0.032326,0.140044,34.51,76.37,LPG,3030.99,unsafe
3503,2024-01-01T09:43:40,1.642681,1.323902,0.835087,31.19,87.87,CleanAir,0.0,safe
3504,2024-01-01T09:43:50,0.045106,0.297409,0.111231,32.72,60.68,LPG,1377.41,unsafe
3505,2024-01-01T09:44:00,0.278021,0.27719,0.00646,30.39,77.42,CO,753.65,unsafe
3506,2024-01-01T09:44:10,0.003209,0.11001,0.0,16.98,51.38,CO,97.66,unsafe
3507,2024-01-01T09:44:20,1.640811,1.330712,0.853401,20.08,54.08,CleanAir,0.0,safe
3508,2024-01-01T09:44:30,1.634909,1.314841,0.834837,19.51,72.33,CleanAir,0.0,safe
3509,2024-01-01T09:44:40,1.694237,1.396662,0.896084,31.97,34.09,CleanAir,0.0,safe
3510,2024-01-01T09:44:50,1.673273,1.354823,0.865468,25.97,59.78,CleanAir,0.0,safe
3511,2024-01-01T09:45:00,0.274904,0.009684,0.099041,25.22,80.34,Alcohol,500.95,safe
3512,2024-01-01T09:45:10,1.658291,1.361722,0.865639,27.45,54.35,CleanAir,0.0,safe
3513,2024-01-01T09:45:20,1.660822,1.345559,0.839784,19.72,52.07,CleanAir,0.0,safe
3514,2024-01-01T09:45:30,1.632698,1.325023,0.824522,21.63,80.63,CleanAir,0.0,safe
3515,2024-01-01T09:45:40,1.635365,1.291445,0.822639,17.14,86.08,CleanAir,0.0,safe
3516,2024-01-01T09:45:50,1.706908,1.367926,0.903496,29.43,37.25,CleanAir,0.0,safe
3517,2024-01-01T09:46:00,0.533531,0.229879,0.006372,19.31,61.81,Smoke,661.57,unsafe
3518,2024-01-01T09:46:10,0.087149,0.383982,0.139891,15.67,49.2,LPG,3194.44,unsafe
3519,2024-01-01T09:46:20,0.387222,0.210954,0.019076,15.18,57.79,Alcohol,1714.75,unsafe
3520,2024-01-01T09:46:30,1.695308,1.354135,0.888516,31.1,50.94,CleanAir,0.0,safe
3521,2024-01-01T09:46:40,0.530795,0.255069,0.180281,39.79,79.18,Hydrogen,2061.23,safe
3522,2024-01-01T09:46:50,0.57392,0.019737,0.00971,38.54,70.59,Propane,1098.74,unsafe
3523,2024-01-01T09:47:00,0.012939,0.162634,0.083407,21.34,78.09,Smoke,253.41,unsafe
3524,2024-01-01T09:47:10,1.638922,1.35546,0.852925,30.12,69.2,CleanAir,0.0,safe
3525,2024-01-01T09:47:20,0.041847,0.304415,0.108416,13.58,89.86,LPG,1919.91,unsafe
3526,2024-01-01T09:47:30,0.655248,0.311539,0.236419,17.21,64.64,Hydrogen,4615.6,safe
3527,2024-01-01T09:47:40,0.02265,0.016443,0.147694,23.44,66.19,Alcohol,1136.87,unsafe
3528,2024-01-01T09:47:50,0.522668,0.259476,0.185724,30.79,45.93,Hydrogen,1888.0,safe
3529,2024-01-01T09:48:00,0.284162,0.277471,0.089806,26.07,70.15,CO,731.6,unsafe
3530,2024-01-01T09:48:10,0.779355,0.447304,0.157919,32.2,34.03,LPG,3989.8,unsafe
3531,2024-01-01T09:48:20,0.179503,0.755574,0.157628,19.44,41.71,Methane,10325.69,unsafe
3532,2024-01-01T09:48:30,1.689426,1.384862,0.891732,27.02,36.11,CleanAir,0.0,safe
3533,2024-01-01T09:48:40,1.66275,1.334793,0.853093,14.85,56.53,CleanAir,0.0,safe
3534,2024-01-01T09:48:50,0.276877,0.202448,0.015987,24.28,89.22,Methane,10343.42,unsafe
3535,2024-01-01T09:49:00,1.655316,1.352816,0.861592,14.83,30.08,CleanAir,0.0,safe
3536,2024-01-01T09:49:10,1.629444,1.322128,0.828482,27.54,88.13,CleanAir,0.0,safe
3537,2024-01-01T09:49:20,1.656932,1.352199,0.864793,33.55,74.03,CleanAir,0.0,safe
3538,2024-01-01T09:49:30,0.456504,0.231488,0.153714,29.51,69.27,Hydrogen,1408.27,safe
3539,2024-01-01T09:49:40,0.032252,0.388388,0.006489,26.28,84.62,CO,1731.11,unsafe
3540,2024-01-01T09:49:50,0.361122,0.202394,0.150972,25.69,44.72,Alcohol,1170.89,unsafe
3541,2024-01-01T09:50:00,1.707501,1.400086,0.881477,34.1,35.78,CleanAir,0.0,safe
3542,2024-01-01T09:50:10,0.795232,0.473818,0.164106,32.32,31.79,LPG,4469.22,unsafe
3543,2024-01-01T09:50:20,0.060251,0.373459,0.132203,31.82,50.25,LPG,2388.54,unsafe
3544,2024-01-01T09:50:30,0.262365,0.151542,0.003135,17.07,67.63,Hydrogen,323.52,safe
3545,2024-01-01T09:50:40,1.679135,1.378784,0.864083,35.49,65.72,CleanAir,0.0,safe
3546,2024-01-01T09:50:50,0.032397,0.282148,0.108094,31.7,64.79,LPG,1207.49,unsafe
3547,2024-01-01T09:51:00,0.489916,0.251377,0.165531,32.54,73.1,Hydrogen,1714.86,safe
3548,2024-01-01T09:51:10,0.055195,0.335753,0.11974,35.88,70.88,LPG,1967.08,unsafe
3549,2024-01-01T09:51:20,1.688363,1.371239,0.857564,35.92,70.23,CleanAir,0.0,safe
3550,2024-01-01T09:51:30,0.635591,0.367483,0.127249,14.19,58.39,LPG,2698.34,unsafe
3551,2024-01-01T09:51:40,0.586782,0.032041,0.029435,27.04,52.74,Hydrogen,2973.98,safe
3552,2024-01-01T09:51:50,1.691392,1.403066,0.880063,36.71,47.92,CleanAir,0.0,safe
3553,2024-01-01T09:52:00,0.293431,0.170701,0.111721,13.35,49.27,Alcohol,603.59,safe
3554,2024-01-01T09:52:10,1.675502,1.372718,0.868954,16.06,39.79,CleanAir,0.0,safe
3555,2024-01-01T09:52:20,1.661713,1.308504,0.801823,21.75,81.89,CleanAir,0.0,safe
3556,2024-01-01T09:52:30,1.711134,1.349277,0.865334,28.15,62.42,CleanAir,0.0,safe
3557,2024-01-01T09:52:40,0.754169,0.426499,0.013029,22.97,37.54,LPG,3714.89,unsafe
3558,2024-01-01T09:52:50,1.652169,1.36702,0.854305,39.71,84.46,CleanAir,0.0,safe
3559,2024-01-01T09:53:00,0.286128,0.148487,0.003251,26.76,39.67,Smoke,147.04,unsafe
3560,2024-01-01T09:53:10,0.319136,0.041675,0.226152,35.02,33.55,Propane,4859.4,unsafe
3561,2024-01-01T09:53:20,0.029291,0.377785,0.112235,36.96,42.34,CO,1221.51,unsafe
3562,2024-01-01T09:53:30,1.719075,1.380506,0.872591,24.51,36.24,CleanAir,0.0,safe
3563,2024-01-01T09:53:40,1.617711,1.357477,0.839602,35.92,89.39,CleanAir,0.0,safe
3564,2024-01-01T09:53:50,0.029312,0.22461,0.125794,18.18,37.17,Smoke,542.82,unsafe
3565,2024-01-01T09:54:00,1.700701,1.378495,0.905737,37.54,33.9,CleanAir,0.0,safe
3566,2024-01-01T09:54:10,0.351921,0.012744,0.145045,18.69,33.83,Alcohol,1069.32,unsafe
3567,2024-01-01T09:54:20,0.006461,0.109504,0.048653,19.88,66.46,Alcohol,102.74,safe
3568,2024-01-01T09:54:30,1.678209,1.382849,0.874775,23.66,31.52,CleanAir,0.0,safe
3569,2024-01-01T09:54:40,1.693373,1.409275,0.885753,38.82,46.72,CleanAir,0.0,safe
3570,2024-01-01T09:54:50,0.43236,0.226527,0.144675,34.11,42.8,Hydrogen,976.6,safe
3571,2024-01-01T09:55:00,1.660964,1.334916,0.828956,34.68,81.75,CleanAir,0.0,safe
3572,2024-01-01T09:55:10,0.35141,0.016136,0.013009,15.83,61.89,Alcohol,1360.46,unsafe
3573,2024-01-01T09:55:20,0.380057,0.840801,0.03551,34.3,57.85,Methane,14254.7,unsafe
3574,2024-01-01T09:55:30,1.627866,1.30658,0.80401,17.62,87.99,CleanAir,0.0,safe
3575,2024-01-01T09:55:40,0.605377,0.61122,0.133035,17.44,66.82,Methane,6080.44,unsafe
3576,2024-01-01T09:55:50,1.602724,1.295634,0.811637,15.61,82.14,CleanAir,0.0,safe
3577,2024-01-01T09:56:00,0.936071,0.049081,0.205917,10.81,48.14,Propane,4875.82,unsafe
3578,2024-01-01T09:56:10,1.669808,1.369751,0.872398,19.11,35.73,CleanAir,0.0,safe
3579,2024-01-01T09:56:20,0.67031,0.694195,0.14596,15.04,39.02,Methane,8067.86,unsafe
3580,2024-01-01T09:56:30,0.588997,0.584178,0.122675,10.57,79.04,Methane,6133.77,unsafe
3581,2024-01-01T09:56:40,0.507005,0.289666,0.106416,12.14,62.67,LPG,1480.05,unsafe
3582,2024-01-01T09:56:50,0.837015,0.221609,0.044837,31.51,34.98,Methane,16230.44,unsafe
3583,2024-01-01T09:57:00,0.537307,0.30854,0.009781,34.97,50.79,LPG,1432.66,unsafe
3584,2024-01-01T09:57:10,1.651059,1.340589,0.836309,33.24,87.59,CleanAir,0.0,safe
3585,2024-01-01T09:57:20,0.590816,0.337583,0.118011,13.03,59.64,LPG,2199.88,unsafe
3586,2024-01-01T09:57:30,1.655933,1.339944,0.856349,38.42,86.76,CleanAir,0.0,safe
3587,2024-01-01T09:57:40,1.68267,1.373293,0.877122,30.68,49.93,CleanAir,0.0,safe
3588,2024-01-01T09:57:50,1.657186,1.327508,0.831898,25.2,82.43,CleanAir,0.0,safe
3589,2024-01-01T09:58:00,1.640652,1.359292,0.842202,13.58,49.51,CleanAir,0.0,safe
3590,2024-01-01T09:58:10,0.038585,0.246449,0.009581,12.55,49.11,Smoke,809.88,unsafe
3591,2024-01-01T09:58:20,1.67301,1.335622,0.863453,15.42,50.25,CleanAir,0.0,safe
3592,2024-01-01T09:58:30,1.628818,1.283482,0.813569,11.61,84.06,CleanAir,0.0,safe
3593,2024-01-01T09:58:40,1.665364,1.361227,0.850843,29.18,70.48,CleanAir,0.0,safe
3594,2024-01-01T09:58:50,1.671828,1.36957,0.862438,34.57,73.97,CleanAir,0.0,safe
3595,2024-01-01T09:59:00,0.489224,0.204843,0.123168,10.75,70.39,Smoke,556.02,unsafe
3596,2024-01-01T09:59:10,1.672902,1.316189,0.857816,15.48,66.63,CleanAir,0.0,safe
3597,2024-01-01T09:59:20,0.029299,0.219697,0.174263,29.4,55.74,Alcohol,1596.11,unsafe
3598,2024-01-01T09:59:30,0.060907,0.026052,0.122149,22.3,81.5,LPG,2419.91,unsafe
3599,2024-01-01T09:59:40,1.704103,1.316867,0.872109,19.67,51.24,CleanAir,0.0,safe
3600,2024-01-01T09:59:50,1.653666,1.37804,0.876631,36.84,69.76,CleanAir,0.0,safe
3601,2024-01-01T10:00:00,0.015984,0.165077,0.103623,28.84,45.39,Alcohol,445.31,safe
3602,2024-01-01T10:00:10,1.723693,1.382565,0.903728,30.76,34.2,CleanAir,0.0,safe
3603,2024-01-01T10:00:20,1.702309,1.350706,0.875251,17.48,50.69,CleanAir,0.0,safe
3604,2024-01-01T10:00:30,1.654416,1.288457,0.824238,25.34,84.94,CleanAir,0.0,safe
3605,2024-01-01T10:00:40,1.65271,1.336177,0.842894,29.2,81.09,CleanAir,0.0,safe
3606,2024-01-01T10:00:50,0.068478,0.253628,0.176382,37.63,35.83,Hydrogen,1428.94,safe
3607,2024-01-01T10:01:00,1.654267,1.321828,0.857891,13.45,56.01,CleanAir,0.0,safe
3608,2024-01-01T10:01:10,0.778534,0.241225,0.164858,38.5,46.79,Methane,10943.89,unsafe
3609,2024-01-01T10:01:20,1.659801,1.369701,0.852996,13.85,48.96,CleanAir,0.0,safe
3610,2024-01-01T10:01:30,0.089461,0.038531,0.188899,14.65,56.69,Propane,3582.71,unsafe
3611,2024-01-01T10:01:40,0.319131,0.006546,0.00321,12.11,88.25,Smoke,234.41,unsafe
3612,2024-01-01T10:01:50,0.637608,0.262548,0.140779,20.86,84.33,Propane,1703.14,unsafe
3613,2024-01-01T10:02:00,0.302748,0.313042,0.096011,27.77,78.66,CO,968.58,unsafe
3614,2024-01-01T10:02:10,0.65077,0.04797,0.137351,32.36,65.34,LPG,2698.83,unsafe
3615,2024-01-01T10:02:20,1.659904,1.31063,0.836932,18.11,64.16,CleanAir,0.0,safe
3616,2024-01-01T10:02:30,0.658752,0.093977,0.016222,11.38,75.65,Methane,8690.22,unsafe
3617,2024-01-01T10:02:40,1.628969,1.327026,0.852989,14.68,55.74,CleanAir,0.0,safe
3618,2024-01-01T10:02:50,0.795732,0.196936,0.165547,12.34,67.74,Methane,16695.69,unsafe
3619,2024-01-01T10:03:00,0.3309,0.364065,0.105917,28.99,83.98,CO,1375.69,unsafe
3620,2024-01-01T10:03:10,1.701952,1.359112,0.86553,18.17,42.14,CleanAir,0.0,safe
3621,2024-01-01T10:03:20,1.737588,1.349694,0.882679,24.47,37.93,CleanAir,0.0,safe
3622,2024-01-01T10:03:30,0.781312,0.810385,0.16383,30.46,86.62,Methane,14600.83,unsafe
3623,2024-01-01T10:03:40,0.606974,0.281069,0.025777,16.41,88.58,Hydrogen,3922.92,safe
3624,2024-01-01T10:03:50,0.033019,0.215136,0.006459,24.85,79.08,Smoke,585.81,unsafe
3625,2024-01-01T10:04:00,0.276875,0.155498,0.093094,28.75,49.16,Alcohol,369.42,safe
3626,2024-01-01T10:04:10,1.663282,1.289874,0.827667,15.56,86.01,CleanAir,0.0,safe
3627,2024-01-01T10:04:20,0.40056,0.211983,0.170897,32.2,59.71,Alcohol,1530.04,unsafe
3628,2024-01-01T10:04:30,0.999068,0.035482,0.221918,32.18,41.9,Propane,4747.57,unsafe
3629,2024-01-01T10:04:40,1.02421,0.402713,0.22367,39.93,35.3,Propane,4693.28,unsafe
3630,2024-01-01T10:04:50,0.653597,0.092818,0.143753,12.99,36.14,Methane,6445.12,unsafe
3631,2024-01-01T10:05:00,0.365321,0.19149,0.123319,39.36,71.56,Hydrogen,663.03,safe
3632,2024-01-01T10:05:10,1.661829,1.333408,0.831545,37.56,88.11,CleanAir,0.0,safe
3633,2024-01-01T10:05:20,0.658404,0.016074,0.169301,12.15,38.09,Smoke,970.14,unsafe
3634,2024-01-01T10:05:30,0.421262,0.006379,0.003293,16.72,85.49,Smoke,399.75,unsafe
3635,2024-01-01T10:05:40,0.459975,0.199646,0.115092,35.45,31.57,Smoke,353.56,unsafe
3636,2024-01-01T10:05:50,0.314202,0.152139,0.07725,18.63,38.5,Smoke,178.09,unsafe
3637,2024-01-01T10:06:00,1.720318,1.354857,0.904604,33.79,39.84,CleanAir,0.0,safe
3638,2024-01-01T10:06:10,0.221702,0.789769,0.169716,12.42,34.53,Methane,13626.56,unsafe
3639,2024-01-01T10:06:20,1.711321,1.353071,0.901809,32.1,42.35,CleanAir,0.0,safe
3640,2024-01-01T10:06:30,1.635321,1.261345,0.825474,13.84,81.94,CleanAir,0.0,safe
3641,2024-01-01T10:06:40,0.299356,0.298455,0.093719,13.16,58.97,CO,923.36,unsafe
3642,2024-01-01T10:06:50,1.652096,1.312268,0.852889,33.14,87.99,CleanAir,0.0,safe
3643,2024-01-01T10:07:00,1.642034,1.308846,0.826027,16.59,70.78,CleanAir,0.0,safe
3644,2024-01-01T10:07:10,1.714091,1.400234,0.907032,29.45,39.25,CleanAir,0.0,safe
3645,2024-01-01T10:07:20,0.367124,0.42738,0.012895,27.85,58.35,CO,1939.24,unsafe
3646,2024-01-01T10:07:30,1.638099,1.285085,0.809662,10.58,88.33,CleanAir,0.0,safe
3647,2024-01-01T10:07:40,1.666987,1.311795,0.837572,15.63,63.36,CleanAir,0.0,safe
3648,2024-01-01T10:07:50,0.376725,0.441184,0.128529,37.37,48.81,CO,1865.15,unsafe
3649,2024-01-01T10:08:00,0.269004,0.367709,0.202128,13.33,34.33,Propane,4196.52,unsafe
3650,2024-01-01T10:08:10,0.571705,0.025694,0.197109,39.6,62.74,Hydrogen,2317.62,safe
3651,2024-01-01T10:08:20,0.694372,0.691267,0.016124,36.45,76.5,Methane,8383.35,unsafe
3652,2024-01-01T10:08:30,0.887728,0.34301,0.196052,13.98,53.29,Propane,3820.03,unsafe
3653,2024-01-01T10:08:40,0.379029,0.012745,0.012838,12.47,31.49,Alcohol,1297.87,unsafe
3654,2024-01-01T10:08:50,1.700183,1.355937,0.875548,30.62,60.22,CleanAir,0.0,safe
3655,2024-01-01T10:09:00,0.349978,0.009768,0.08069,27.62,72.32,LPG,483.67,safe
3656,2024-01-01T10:09:10,1.639477,1.2895,0.840325,15.63,77.48,CleanAir,0.0,safe
3657,2024-01-01T10:09:20,0.326061,0.025818,0.105382,24.3,41.38,CO,1006.42,unsafe
3658,2024-01-01T10:09:30,1.721947,1.367094,0.89986,33.0,38.84,CleanAir,0.0,safe
3659,2024-01-01T10:09:40,0.336775,0.367696,0.009598,16.27,76.84,CO,1658.06,unsafe
3660,2024-01-01T10:09:50,0.65087,0.34843,0.129121,20.07,65.81,LPG,2616.53,unsafe
3661,2024-01-01T10:10:00,0.0386,0.249192,0.163577,34.96,45.7,Smoke,739.41,unsafe
3662,2024-01-01T10:10:10,0.605351,0.019513,0.137305,10.19,82.96,Propane,1552.92,unsafe
3663,2024-01-01T10:10:20,0.035651,0.421857,0.009537,17.84,39.67,CO,1882.04,unsafe
3664,2024-01-01T10:10:30,0.448995,0.189521,0.006427,23.88,75.57,Smoke,416.55,unsafe
3665,2024-01-01T10:10:40,0.482483,0.206451,0.123545,28.65,38.59,Smoke,431.08,unsafe
3666,2024-01-01T10:10:50,1.700016,1.342995,0.855483,22.48,62.97,CleanAir,0.0,safe
3667,2024-01-01T10:11:00,0.092704,0.738448,0.156664,16.34,61.46,Methane,11107.3,unsafe
3668,2024-01-01T10:11:10,0.77249,0.025779,0.169599,19.38,37.33,Propane,2284.58,unsafe
3669,2024-01-01T10:11:20,0.016045,0.176142,0.075314,24.97,41.34,LPG,308.23,safe
3670,2024-01-01T10:11:30,0.616737,0.025709,0.012851,34.54,42.37,LPG,1962.48,unsafe
3671,2024-01-01T10:11:40,1.667798,1.299769,0.840462,22.53,74.68,CleanAir,0.0,safe
3672,2024-01-01T10:11:50,1.63628,1.289346,0.827948,20.42,81.02,CleanAir,0.0,safe
3673,2024-01-01T10:12:00,1.671464,1.318771,0.862914,32.97,74.2,CleanAir,0.0,safe
3674,2024-01-01T10:12:10,0.360604,0.187599,0.006424,27.9,79.61,Hydrogen,680.8,safe
3675,2024-01-01T10:12:20,1.687569,1.350879,0.866878,29.53,74.85,CleanAir,0.0,safe
3676,2024-01-01T10:12:30,0.671224,0.651546,0.025768,22.93,72.59,Methane,7955.85,unsafe
3677,2024-01-01T10:12:40,0.638391,0.29278,0.224838,22.34,61.16,Hydrogen,3717.03,safe
3678,2024-01-01T10:12:50,0.632244,0.306433,0.232106,29.73,34.56,Hydrogen,3111.61,safe
3679,2024-01-01T10:13:00,1.712757,1.350642,0.898772,34.26,45.5,CleanAir,0.0,safe
3680,2024-01-01T10:13:10,1.716728,1.342725,0.884774,25.56,47.11,CleanAir,0.0,safe
3681,2024-01-01T10:13:20,1.723249,1.362057,0.901648,35.85,49.75,CleanAir,0.0,safe
3682,2024-01-01T10:13:30,1.695705,1.383309,0.900544,21.96,30.31,CleanAir,0.0,safe
3683,2024-01-01T10:13:40,0.763109,0.122203,0.168305,29.22,43.09,Methane,11306.16,unsafe
3684,2024-01-01T10:13:50,1.651178,1.295577,0.840133,28.19,84.91,CleanAir,0.0,safe
3685,2024-01-01T10:14:00,1.679213,1.314229,0.894602,25.7,65.84,CleanAir,0.0,safe
3686,2024-01-01T10:14:10,0.635794,0.350961,0.016218,13.84,51.05,LPG,2573.34,unsafe
3687,2024-01-01T10:14:20,0.47321,0.203863,0.118249,25.35,40.91,Smoke,410.54,unsafe
3688,2024-01-01T10:14:30,0.551024,0.299156,0.006493,11.27,59.67,LPG,1796.33,unsafe
3689,2024-01-01T10:14:40,1.666397,1.370934,0.880911,17.31,31.05,CleanAir,0.0,safe
3690,2024-01-01T10:14:50,0.031758,0.229416,0.006452,30.07,31.34,Smoke,535.31,unsafe
3691,2024-01-01T10:15:00,0.445965,0.225564,0.013092,27.97,46.53,Hydrogen,1098.16,safe
3692,2024-01-01T10:15:10,0.847879,0.893216,0.188357,39.37,64.38,Methane,18371.34,unsafe
3693,2024-01-01T10:15:20,0.629044,0.294846,0.221775,28.5,61.53,Hydrogen,3498.77,safe
3694,2024-01-01T10:15:30,0.610174,0.287333,0.210415,32.89,49.36,Hydrogen,2695.03,safe
3695,2024-01-01T10:15:40,0.588583,0.013083,0.152212,38.61,62.96,Smoke,698.29,unsafe
3696,2024-01-01T10:15:50,0.059362,0.264235,0.016186,11.29,46.42,Hydrogen,2501.29,safe
3697,2024-01-01T10:16:00,1.663755,1.321774,0.864644,19.64,54.88,CleanAir,0.0,safe
3698,2024-01-01T10:16:10,0.32624,0.149515,0.003228,27.79,73.34,Smoke,204.58,unsafe
3699,2024-01-01T10:16:20,0.012993,0.153059,0.090054,34.53,55.4,Alcohol,342.02,safe
3700,2024-01-01T10:16:30,0.723187,0.741479,0.153068,10.51,52.04,Methane,11310.6,unsafe
3701,2024-01-01T10:16:40,0.812156,0.05457,0.022507,32.21,32.45,LPG,4441.83,unsafe
3702,2024-01-01T10:16:50,0.789573,0.445937,0.162073,28.41,61.28,LPG,4941.15,unsafe
3703,2024-01-01T10:17:00,0.776262,0.310603,0.168896,14.91,43.17,Propane,2510.75,unsafe
3704,2024-01-01T10:17:10,0.708084,0.03206,0.155298,30.15,74.16,Propane,1996.28,unsafe
3705,2024-01-01T10:17:20,1.602253,1.314788,0.843908,23.19,77.69,CleanAir,0.0,safe
3706,2024-01-01T10:17:30,1.712981,1.364361,0.895384,24.41,41.21,CleanAir,0.0,safe
3707,2024-01-01T10:17:40,0.345218,0.189025,0.006513,32.69,59.77,Alcohol,928.33,safe
3708,2024-01-01T10:17:50,1.671562,1.286449,0.838417,21.81,72.85,CleanAir,0.0,safe
3709,2024-01-01T10:18:00,1.62329,1.278861,0.826186,13.98,78.61,CleanAir,0.0,safe
3710,2024-01-01T10:18:10,1.659544,1.272915,0.830931,12.99,76.49,CleanAir,0.0,safe
3711,2024-01-01T10:18:20,0.528061,0.012599,0.118719,15.88,75.3,Propane,987.81,safe
3712,2024-01-01T10:18:30,1.704041,1.347894,0.893009,20.96,34.7,CleanAir,0.0,safe
3713,2024-01-01T10:18:40,1.699025,1.347392,0.867849,12.96,43.67,CleanAir,0.0,safe
3714,2024-01-01T10:18:50,0.013016,0.199925,0.074833,25.51,70.43,CO,374.48,unsafe
3715,2024-01-01T10:19:00,0.391384,0.176086,0.00317,30.35,30.65,Smoke,253.47,unsafe
3716,2024-01-01T10:19:10,0.347675,0.383334,0.006347,22.65,77.79,CO,1722.66,unsafe
3717,2024-01-01T10:19:20,1.659895,1.329857,0.852199,32.48,60.29,CleanAir,0.0,safe
3718,2024-01-01T10:19:30,1.682444,1.342715,0.873599,33.44,58.46,CleanAir,0.0,safe
3719,2024-01-01T10:19:40,0.604125,0.344365,0.126043,31.56,58.62,LPG,2057.56,unsafe
3720,2024-01-01T10:19:50,1.63578,1.297564,0.815012,19.07,88.88,CleanAir,0.0,safe
3721,2024-01-01T10:20:00,0.523187,0.022886,0.111356,12.64,52.41,LPG,1444.7,unsafe
3722,2024-01-01T10:20:10,0.041771,0.264885,0.189607,34.73,45.68,Hydrogen,1896.29,safe
3723,2024-01-01T10:20:20,0.646986,0.263349,0.141507,23.99,76.75,Propane,1615.44,unsafe
3724,2024-01-01T10:20:30,0.041812,0.235841,0.149209,17.13,65.8,Smoke,803.97,unsafe
3725,2024-01-01T10:20:40,0.428212,0.009726,0.006437,28.52,77.2,Smoke,370.12,unsafe
3726,2024-01-01T10:20:50,1.652269,1.306042,0.852775,13.14,54.83,CleanAir,0.0,safe
3727,2024-01-01T10:21:00,0.683523,0.319269,0.022991,34.18,45.13,Hydrogen,4135.27,safe
3728,2024-01-01T10:21:10,1.629444,1.312697,0.844412,15.18,65.86,CleanAir,0.0,safe
3729,2024-01-01T10:21:20,1.685323,1.374066,0.887391,29.44,47.43,CleanAir,0.0,safe
3730,2024-01-01T10:21:30,1.673158,1.376661,0.866635,21.44,50.06,CleanAir,0.0,safe
3731,2024-01-01T10:21:40,1.724373,1.37012,0.888425,32.41,50.91,CleanAir,0.0,safe
3732,2024-01-01T10:21:50,1.662193,1.311044,0.854574,16.6,64.0,CleanAir,0.0,safe
3733,2024-01-01T10:22:00,1.628603,1.248819,0.812655,12.58,81.87,CleanAir,0.0,safe
3734,2024-01-01T10:22:10,1.654877,1.338661,0.852563,18.86,61.5,CleanAir,0.0,safe
3735,2024-01-01T10:22:20,1.639598,1.316017,0.840401,21.7,78.27,CleanAir,0.0,safe
3736,2024-01-01T10:22:30,0.042263,0.363725,0.009677,13.0,79.83,CO,1591.9,unsafe
3737,2024-01-01T10:22:40,1.724391,1.397939,0.908796,33.89,30.77,CleanAir,0.0,safe
3738,2024-01-01T10:22:50,1.674573,1.344027,0.865812,25.36,60.47,CleanAir,0.0,safe
3739,2024-01-01T10:23:00,0.586899,0.013113,0.155222,38.33,66.32,Smoke,732.39,unsafe
3740,2024-01-01T10:23:10,1.71136,1.353506,0.895674,29.12,46.05,CleanAir,0.0,safe
3741,2024-01-01T10:23:20,0.01928,0.181098,0.130447,38.79,84.24,Alcohol,811.43,safe
3742,2024-01-01T10:23:30,1.696464,1.389197,0.901638,35.37,42.23,CleanAir,0.0,safe
3743,2024-01-01T10:23:40,0.103108,0.074433,0.028936,34.73,43.62,Smoke,19.88,safe
3744,2024-01-01T10:23:50,0.902103,0.356599,0.194073,21.1,86.48,Propane,4631.72,unsafe
3745,2024-01-01T10:24:00,1.643837,1.270003,0.827765,14.67,77.24,CleanAir,0.0,safe
3746,2024-01-01T10:24:10,1.660105,1.36298,0.85707,33.72,67.4,CleanAir,0.0,safe
3747,2024-01-01T10:24:20,0.203522,0.044922,0.156185,38.37,61.57,LPG,4216.24,unsafe
3748,2024-01-01T10:24:30,1.725113,1.379004,0.890127,36.58,50.28,CleanAir,0.0,safe
3749,2024-01-01T10:24:40,0.234729,0.193213,0.07125,18.27,82.5,CO,393.38,unsafe
3750,2024-01-01T10:24:50,1.676497,1.352675,0.855508,17.12,43.4,CleanAir,0.0,safe
3751,2024-01-01T10:25:00,0.042137,0.202331,0.009552,12.98,44.39,Hydrogen,897.49,safe
3752,2024-01-01T10:25:10,1.665763,1.348584,0.880245,34.33,73.59,CleanAir,0.0,safe
3753,2024-01-01T10:25:20,1.675346,1.339177,0.868558,22.03,50.43,CleanAir,0.0,safe
3754,2024-01-01T10:25:30,1.72567,1.402988,0.915591,37.36,36.98,CleanAir,0.0,safe
3755,2024-01-01T10:25:40,0.123566,0.339845,0.173308,20.41,62.37,Methane,18483.43,unsafe
3756,2024-01-01T10:25:50,1.655876,1.324689,0.8435,25.72,81.06,CleanAir,0.0,safe
3757,2024-01-01T10:26:00,0.37479,0.019446,0.159296,37.17,51.69,Alcohol,1220.61,unsafe
3758,2024-01-01T10:26:10,1.697723,1.374216,0.893254,33.29,40.01,CleanAir,0.0,safe
3759,2024-01-01T10:26:20,0.628277,0.367524,0.013065,39.97,60.08,LPG,2335.85,unsafe
3760,2024-01-01T10:26:30,1.63489,1.322609,0.822469,22.51,87.84,CleanAir,0.0,safe
3761,2024-01-01T10:26:40,0.45961,0.201503,0.116676,13.96,46.48,Smoke,447.71,unsafe
3762,2024-01-01T10:26:50,1.637992,1.312406,0.855906,16.78,63.77,CleanAir,0.0,safe
3763,2024-01-01T10:27:00,0.721353,0.753229,0.160985,24.12,63.79,Methane,11238.47,unsafe
3764,2024-01-01T10:27:10,0.025679,0.206433,0.166003,23.56,66.19,Alcohol,1542.83,unsafe
3765,2024-01-01T10:27:20,0.545192,0.308848,0.114318,39.75,46.57,LPG,1322.12,unsafe
3766,2024-01-01T10:27:30,0.591855,0.233836,0.153521,24.09,87.56,Smoke,869.81,unsafe
3767,2024-01-01T10:27:40,1.579608,1.299891,0.812497,13.77,88.45,CleanAir,0.0,safe
3768,2024-01-01T10:27:50,0.058264,0.295106,0.019184,10.47,49.46,Hydrogen,3728.18,safe
3769,2024-01-01T10:28:00,0.599448,0.246745,0.009569,19.64,50.11,Smoke,826.16,unsafe
3770,2024-01-01T10:28:10,0.59521,0.022391,0.133787,20.4,68.31,Propane,1330.81,unsafe
3771,2024-01-01T10:28:20,0.532179,0.257708,0.183902,25.16,71.59,Hydrogen,2326.86,safe
3772,2024-01-01T10:28:30,1.691716,1.37898,0.865851,38.53,69.53,CleanAir,0.0,safe
3773,2024-01-01T10:28:40,1.713324,1.344752,0.868517,39.14,61.39,CleanAir,0.0,safe
3774,2024-01-01T10:28:50,1.632186,1.306891,0.831661,23.08,77.74,CleanAir,0.0,safe
3775,2024-01-01T10:29:00,0.654144,0.05199,0.028958,29.67,56.62,Hydrogen,4300.18,safe
3776,2024-01-01T10:29:10,0.581138,0.032357,0.119756,13.74,58.75,LPG,2186.61,unsafe
3777,2024-01-01T10:29:20,1.660013,1.335825,0.859628,22.57,55.33,CleanAir,0.0,safe
3778,2024-01-01T10:29:30,0.025779,0.208719,0.016098,17.73,60.32,Alcohol,1679.94,unsafe
3779,2024-01-01T10:29:40,0.678228,0.395709,0.13679,18.33,45.15,LPG,3183.24,unsafe
3780,2024-01-01T10:29:50,0.759474,0.822587,0.16107,21.69,87.35,Methane,16367.21,unsafe
3781,2024-01-01T10:30:00,0.692283,0.399316,0.140329,23.35,42.25,LPG,3170.77,unsafe
3782,2024-01-01T10:30:10,0.094599,0.357782,0.190777,31.49,74.96,Propane,3961.7,unsafe
3783,2024-01-01T10:30:20,1.641524,1.353455,0.859175,14.3,43.45,CleanAir,0.0,safe
3784,2024-01-01T10:30:30,1.653464,1.355477,0.843619,17.13,53.82,CleanAir,0.0,safe
3785,2024-01-01T10:30:40,1.648953,1.345427,0.850532,39.2,72.53,CleanAir,0.0,safe
3786,2024-01-01T10:30:50,0.663204,0.391482,0.134675,36.88,64.05,LPG,2964.23,unsafe
3787,2024-01-01T10:31:00,1.61642,1.327611,0.825141,27.29,80.89,CleanAir,0.0,safe
3788,2024-01-01T10:31:10,0.664466,0.272965,0.016056,10.44,67.55,Propane,1872.59,unsafe
3789,2024-01-01T10:31:20,0.032164,0.025995,0.106921,10.35,38.89,CO,1368.42,unsafe
3790,2024-01-01T10:31:30,0.554912,0.228956,0.144664,18.52,80.67,Smoke,769.07,unsafe
3791,2024-01-01T10:31:40,0.639426,0.377613,0.131556,22.3,59.59,LPG,2917.37,unsafe
3792,2024-01-01T10:31:50,1.668169,1.356197,0.878635,32.98,43.89,CleanAir,0.0,safe
3793,2024-01-01T10:32:00,0.619045,0.624822,0.138514,30.07,62.26,Methane,6265.93,unsafe
3794,2024-01-01T10:32:10,0.662049,0.108755,0.143448,19.24,40.94,Methane,7737.42,unsafe
3795,2024-01-01T10:32:20,1.608012,1.328092,0.81048,13.81,72.33,CleanAir,0.0,safe
3796,2024-01-01T10:32:30,0.035451,0.281579,0.104181,26.61,38.31,LPG,1088.48,unsafe
3797,2024-01-01T10:32:40,0.310753,0.374968,0.107668,15.61,77.05,CO,1573.43,unsafe
3798,2024-01-01T10:32:50,0.016248,0.183479,0.106358,34.83,59.61,Hydrogen,494.46,safe
3799,2024-01-01T10:33:00,0.626348,0.31641,0.231496,27.96,55.61,Hydrogen,3846.05,safe
3800,2024-01-01T10:33:10,0.363174,0.202412,0.166996,16.72,65.1,Alcohol,1628.23,unsafe
3801,2024-01-01T10:33:20,0.58564,0.263695,0.136521,30.33,42.04,Propane,1171.33,unsafe
3802,2024-01-01T10:33:30,0.320694,0.392313,0.006497,10.53,81.8,CO,1867.48,unsafe
3803,2024-01-01T10:33:40,0.597376,0.587846,0.01935,24.02,57.2,Methane,5721.81,unsafe
3804,2024-01-01T10:33:50,1.619652,1.308906,0.822086,13.13,63.49,CleanAir,0.0,safe
3805,2024-01-01T10:34:00,0.055132,0.343493,0.121686,27.2,85.45,LPG,2350.04,unsafe
3806,2024-01-01T10:34:10,0.692912,0.727395,0.152977,37.6,48.22,Methane,8297.37,unsafe
3807,2024-01-01T10:34:20,0.042383,0.245641,0.168491,26.78,57.62,Hydrogen,1618.98,safe
3808,2024-01-01T10:34:30,0.534874,0.025867,0.187969,25.32,41.18,Hydrogen,2087.97,safe
3809,2024-01-01T10:34:40,0.323791,0.184695,0.009598,20.41,57.5,Alcohol,915.14,safe
3810,2024-01-01T10:34:50,0.042345,0.238926,0.150183,36.57,62.74,Smoke,706.09,unsafe
3811,2024-01-01T10:35:00,1.65046,1.360094,0.882149,21.42,39.64,CleanAir,0.0,safe
3812,2024-01-01T10:35:10,1.641919,1.363125,0.867076,38.06,71.19,CleanAir,0.0,safe
3813,2024-01-01T10:35:20,0.187047,0.148273,0.035401,16.61,53.63,Methane,15268.88,unsafe
3814,2024-01-01T10:35:30,0.658107,0.396255,0.141207,33.29,41.01,LPG,2758.16,unsafe
3815,2024-01-01T10:35:40,1.610973,1.337702,0.848603,35.36,82.88,CleanAir,0.0,safe
3816,2024-01-01T10:35:50,1.649043,1.39994,0.891416,31.58,39.74,CleanAir,0.0,safe
3817,2024-01-01T10:36:00,0.70457,0.226555,0.019496,26.75,78.08,Methane,11513.37,unsafe
3818,2024-01-01T10:36:10,0.308238,0.323244,0.104337,37.38,67.25,CO,989.27,unsafe
3819,2024-01-01T10:36:20,1.675834,1.345289,0.865171,11.22,30.44,CleanAir,0.0,safe
3820,2024-01-01T10:36:30,0.148254,0.626606,0.136751,35.95,85.15,Methane,6425.49,unsafe
3821,2024-01-01T10:36:40,1.626389,1.339486,0.843872,12.05,44.71,CleanAir,0.0,safe
3822,2024-01-01T10:36:50,1.715731,1.405277,0.920691,34.09,33.22,CleanAir,0.0,safe
3823,2024-01-01T10:37:00,0.73876,0.770656,0.162672,31.56,84.22,Methane,13148.89,unsafe
3824,2024-01-01T10:37:10,0.279038,0.016022,0.094224,10.77,44.9,CO,778.64,unsafe
3825,2024-01-01T10:37:20,0.327302,0.173487,0.11066,15.72,89.51,Hydrogen,662.33,safe
3826,2024-01-01T10:37:30,1.640832,1.350475,0.883444,38.34,79.13,CleanAir,0.0,safe
3827,2024-01-01T10:37:40,1.619896,1.344039,0.841691,20.09,56.65,CleanAir,0.0,safe
3828,2024-01-01T10:37:50,0.569495,0.015994,0.127666,19.63,38.38,Propane,1052.46,unsafe
3829,2024-01-01T10:38:00,0.348134,0.398224,0.118844,32.27,32.94,CO,1442.31,unsafe
3830,2024-01-01T10:38:10,1.639064,1.307458,0.84944,30.12,84.74,CleanAir,0.0,safe
3831,2024-01-01T10:38:20,0.195153,0.124467,0.0,29.36,38.71,CO,118.93,unsafe
3832,2024-01-01T10:38:30,1.673175,1.335367,0.842499,16.74,63.78,CleanAir,0.0,safe
3833,2024-01-01T10:38:40,0.69468,0.060347,0.025965,20.52,32.62,Hydrogen,5143.18,safe
3834,2024-01-01T10:38:50,1.659228,1.328487,0.879776,14.43,36.07,CleanAir,0.0,safe
3835,2024-01-01T10:39:00,0.606608,0.016288,0.009516,30.18,61.47,Smoke,815.21,unsafe
3836,2024-01-01T10:39:10,0.875678,0.358629,0.202413,24.32,31.23,Propane,3530.21,unsafe
3837,2024-01-01T10:39:20,0.330237,0.790194,0.1726,39.26,48.04,Methane,11379.93,unsafe
3838,2024-01-01T10:39:30,0.527229,0.313377,0.009691,23.46,80.47,LPG,1831.54,unsafe
3839,2024-01-01T10:39:40,1.661907,1.36882,0.873945,27.83,43.14,CleanAir,0.0,safe
3840,2024-01-01T10:39:50,0.477289,0.016042,0.105928,19.51,41.8,LPG,1131.23,unsafe
3841,2024-01-01T10:40:00,0.638467,0.260708,0.169374,38.36,53.79,Smoke,867.62,unsafe
3842,2024-01-01T10:40:10,1.681715,1.362659,0.869814,16.15,40.38,CleanAir,0.0,safe
3843,2024-01-01T10:40:20,0.009666,0.153074,0.003225,32.3,62.52,Smoke,177.81,unsafe
3844,2024-01-01T10:40:30,0.576506,0.012929,0.151292,28.23,66.46,Smoke,778.76,unsafe
3845,2024-01-01T10:40:40,0.359683,0.18975,0.006443,21.87,64.7,Hydrogen,741.95,safe
3846,2024-01-01T10:40:50,0.254731,0.244661,0.080935,12.84,84.9,CO,642.15,unsafe
3847,2024-01-01T10:41:00,1.68863,1.37677,0.888407,26.23,35.0,CleanAir,0.0,safe
3848,2024-01-01T10:41:10,0.301114,0.022803,0.098206,33.7,63.72,CO,862.74,unsafe
3849,2024-01-01T10:41:20,0.505023,0.287625,0.105164,18.83,89.31,LPG,1569.9,unsafe
3850,2024-01-01T10:41:30,1.605724,1.305742,0.824888,15.66,75.72,CleanAir,0.0,safe
3851,2024-01-01T10:41:40,1.648895,1.354348,0.879046,10.07,33.47,CleanAir,0.0,safe
3852,2024-01-01T10:41:50,1.640334,1.322672,0.838134,21.29,78.11,CleanAir,0.0,safe
3853,2024-01-01T10:42:00,0.208199,0.003245,0.003256,21.1,44.09,Alcohol,164.48,safe
3854,2024-01-01T10:42:10,1.692858,1.380113,0.907901,34.68,43.42,CleanAir,0.0,safe
3855,2024-01-01T10:42:20,0.749806,0.793194,0.032289,31.31,32.38,Methane,10841.83,unsafe
3856,2024-01-01T10:42:30,0.287353,0.270339,0.092956,36.84,37.84,CO,586.91,unsafe
3857,2024-01-01T10:42:40,1.711858,1.365894,0.893938,33.53,49.66,CleanAir,0.0,safe
3858,2024-01-01T10:42:50,0.586072,0.088334,0.131328,20.72,63.47,Methane,5455.45,unsafe
3859,2024-01-01T10:43:00,0.006449,0.124641,0.065192,12.5,50.6,Alcohol,188.31,safe
3860,2024-01-01T10:43:10,1.679842,1.344379,0.834378,39.04,74.76,CleanAir,0.0,safe
3861,2024-01-01T10:43:20,1.623717,1.324928,0.833406,11.97,57.39,CleanAir,0.0,safe
3862,2024-01-01T10:43:30,0.387624,0.225277,0.086302,37.4,81.43,LPG,666.18,safe
3863,2024-01-01T10:43:40,0.436842,0.196234,0.006446,30.6,61.54,Smoke,398.34,unsafe
3864,2024-01-01T10:43:50,1.658209,1.342168,0.850633,34.69,84.39,CleanAir,0.0,safe
3865,2024-01-01T10:44:00,0.336806,0.19619,0.009671,32.53,68.35,Alcohol,1030.55,unsafe
3866,2024-01-01T10:44:10,0.038589,0.308764,0.009604,19.32,62.91,LPG,1617.76,unsafe
3867,2024-01-01T10:44:20,0.175077,0.104162,0.044569,14.06,86.16,Smoke,71.65,unsafe
3868,2024-01-01T10:44:30,1.689781,1.398297,0.925029,37.23,35.28,CleanAir,0.0,safe
3869,2024-01-01T10:44:40,1.738383,1.371082,0.907108,38.4,37.26,CleanAir,0.0,safe
3870,2024-01-01T10:44:50,0.475906,0.022473,0.006478,37.72,53.93,LPG,1093.81,unsafe
3871,2024-01-01T10:45:00,1.663444,1.354217,0.863303,30.8,63.75,CleanAir,0.0,safe
3872,2024-01-01T10:45:10,0.650611,0.665649,0.143558,20.46,37.32,Methane,6741.9,unsafe
3873,2024-01-01T10:45:20,0.80942,0.878352,0.177888,22.54,66.0,Methane,19619.5,unsafe
3874,2024-01-01T10:45:30,0.510062,0.01606,0.009523,21.99,68.21,Propane,939.25,safe
3875,2024-01-01T10:45:40,0.88017,0.032158,0.196365,21.87,56.12,Propane,4056.57,unsafe
3876,2024-01-01T10:45:50,0.006534,0.003262,0.065548,25.79,32.63,Alcohol,155.28,safe
3877,2024-01-01T10:46:00,0.022742,0.009546,0.00653,21.04,83.82,Alcohol,934.91,safe
3878,2024-01-01T10:46:10,0.866921,0.229442,0.196625,38.29,34.15,Methane,19600.02,unsafe
3879,2024-01-01T10:46:20,0.195208,0.003186,0.054422,34.48,49.07,CO,111.93,unsafe
3880,2024-01-01T10:46:30,0.52826,0.02582,0.009633,20.76,70.27,LPG,1658.35,unsafe
3881,2024-01-01T10:46:40,1.642416,1.332027,0.861944,16.25,53.84,CleanAir,0.0,safe
3882,2024-01-01T10:46:50,1.695603,1.380962,0.885098,22.23,34.95,CleanAir,0.0,safe
3883,2024-01-01T10:47:00,0.931388,0.038117,0.203375,12.55,44.24,Propane,4782.39,unsafe
3884,2024-01-01T10:47:10,1.603377,1.298565,0.828393,12.9,72.92,CleanAir,0.0,safe
3885,2024-01-01T10:47:20,0.022391,0.006583,0.10066,19.82,80.75,Smoke,352.49,unsafe
3886,2024-01-01T10:47:30,0.672469,0.399874,0.01616,18.83,47.17,LPG,3334.49,unsafe
3887,2024-01-01T10:47:40,1.666939,1.385841,0.857541,39.4,78.2,CleanAir,0.0,safe
3888,2024-01-01T10:47:50,1.640602,1.393287,0.864425,24.92,50.49,CleanAir,0.0,safe
3889,2024-01-01T10:48:00,1.612794,1.296218,0.818033,20.45,84.48,CleanAir,0.0,safe
3890,2024-01-01T10:48:10,0.616171,0.022372,0.22019,15.41,39.9,Hydrogen,3366.71,safe
3891,2024-01-01T10:48:20,0.270478,0.155976,0.096545,13.34,51.52,Alcohol,465.96,safe
3892,2024-01-01T10:48:30,1.656393,1.329772,0.848272,14.04,49.09,CleanAir,0.0,safe
3893,2024-01-01T10:48:40,0.688956,0.286474,0.009565,28.84,82.04,Propane,1996.77,unsafe
3894,2024-01-01T10:48:50,1.63867,1.33406,0.837599,18.82,76.33,CleanAir,0.0,safe
3895,2024-01-01T10:49:00,0.871921,0.359776,0.195105,39.26,41.53,Propane,3159.49,unsafe
3896,2024-01-01T10:49:10,0.578705,0.242861,0.009878,36.71,54.14,Smoke,696.06,unsafe
3897,2024-01-01T10:49:20,0.351941,0.408436,0.121364,10.67,34.52,CO,1806.86,unsafe
3898,2024-01-01T10:49:30,0.537283,0.221533,0.009549,17.17,67.21,Smoke,666.83,unsafe
3899,2024-01-01T10:49:40,0.022877,0.35908,0.006477,28.83,65.58,CO,1280.79,unsafe
3900,2024-01-01T10:49:50,1.622624,1.315852,0.833567,16.63,76.7,CleanAir,0.0,safe
3901,2024-01-01T10:50:00,0.467488,0.202167,0.117594,22.89,77.32,Smoke,492.3,unsafe
3902,2024-01-01T10:50:10,0.016047,0.168645,0.114516,29.61,89.95,Alcohol,700.86,safe
3903,2024-01-01T10:50:20,0.237566,0.009624,0.003198,11.08,37.73,CO,366.42,unsafe
3904,2024-01-01T10:50:30,0.389988,0.225384,0.182714,37.67,83.42,Alcohol,1995.63,unsafe
3905,2024-01-01T10:50:40,0.068237,0.234037,0.163206,22.96,87.97,Hydrogen,1688.86,safe
3906,2024-01-01T10:50:50,0.389791,0.022417,0.177494,25.65,41.83,Alcohol,1639.1,unsafe
3907,2024-01-01T10:51:00,0.623735,0.626827,0.016386,29.34,33.38,Methane,5328.22,unsafe
3908,2024-01-01T10:51:10,1.669049,1.331595,0.864898,39.47,81.23,CleanAir,0.0,safe
3909,2024-01-01T10:51:20,1.622477,1.328357,0.832685,14.08,73.75,CleanAir,0.0,safe
3910,2024-01-01T10:51:30,0.749478,0.038282,0.165932,10.71,63.38,Propane,2628.26,unsafe
3911,2024-01-01T10:51:40,1.637811,1.337823,0.857114,32.71,64.69,CleanAir,0.0,safe
3912,2024-01-01T10:51:50,0.34334,0.193936,0.145821,24.0,68.56,Alcohol,1241.57,unsafe
3913,2024-01-01T10:52:00,1.682057,1.358226,0.879613,28.2,52.61,CleanAir,0.0,safe
3914,2024-01-01T10:52:10,1.656838,1.322004,0.855235,12.24,47.59,CleanAir,0.0,safe
3915,2024-01-01T10:52:20,0.315388,0.185061,0.076566,29.77,74.18,LPG,398.25,safe
3916,2024-01-01T10:52:30,0.058931,0.232293,0.182729,39.39,49.81,Alcohol,1688.77,unsafe
3917,2024-01-01T10:52:40,1.685546,1.352605,0.868423,22.96,51.42,CleanAir,0.0,safe
3918,2024-01-01T10:52:50,1.594258,1.301402,0.828638,15.6,87.74,CleanAir,0.0,safe
3919,2024-01-01T10:53:00,1.614828,1.337559,0.867068,31.5,78.09,CleanAir,0.0,safe
3920,2024-01-01T10:53:10,1.649324,1.322949,0.833811,23.47,77.81,CleanAir,0.0,safe
3921,2024-01-01T10:53:20,1.632996,1.342839,0.87641,24.82,62.76,CleanAir,0.0,safe
3922,2024-01-01T10:53:30,1.637301,1.341901,0.855178,30.95,75.56,CleanAir,0.0,safe
3923,2024-01-01T10:53:40,0.083066,0.039471,0.123929,29.83,71.2,LPG,2131.27,unsafe
3924,2024-01-01T10:53:50,0.748523,0.038852,0.026115,24.78,78.21,LPG,4770.09,unsafe
3925,2024-01-01T10:54:00,0.352571,0.211045,0.082794,10.04,70.48,LPG,629.58,safe
3926,2024-01-01T10:54:10,0.15355,0.096135,0.038966,28.18,49.24,Smoke,43.0,safe
3927,2024-01-01T10:54:20,1.641865,1.319228,0.845551,22.44,79.63,CleanAir,0.0,safe
3928,2024-01-01T10:54:30,1.589714,1.306078,0.832026,26.68,88.8,CleanAir,0.0,safe
3929,2024-01-01T10:54:40,0.39528,0.213471,0.016409,11.19,49.34,Alcohol,1892.39,unsafe
3930,2024-01-01T10:54:50,0.075063,0.323044,0.247781,20.75,30.4,Hydrogen,4168.55,safe
3931,2024-01-01T10:55:00,0.506547,0.217491,0.131989,39.35,47.79,Smoke,479.2,unsafe
3932,2024-01-01T10:55:10,0.032032,0.016105,0.172779,27.07,71.88,Alcohol,1751.0,unsafe
3933,2024-01-01T10:55:20,0.016128,0.286028,0.006377,39.29,54.53,CO,698.71,unsafe
3934,2024-01-01T10:55:30,0.30341,0.173017,0.111819,17.96,53.1,Alcohol,641.76,safe
3935,2024-01-01T10:55:40,1.651283,1.327162,0.853872,33.43,74.34,CleanAir,0.0,safe
3936,2024-01-01T10:55:50,1.659652,1.354898,0.863285,15.2,43.75,CleanAir,0.0,safe
3937,2024-01-01T10:56:00,0.201086,0.783227,0.162262,22.96,67.1,Methane,13140.33,unsafe
3938,2024-01-01T10:56:10,0.675963,0.696223,0.145169,11.85,60.81,Methane,9622.67,unsafe
3939,2024-01-01T10:56:20,0.328028,0.383851,0.006462,12.5,65.21,CO,1631.09,unsafe
3940,2024-01-01T10:56:30,0.705733,0.408568,0.016066,37.13,80.5,LPG,3589.44,unsafe
3941,2024-01-01T10:56:40,1.653378,1.333053,0.859638,33.17,87.28,CleanAir,0.0,safe
3942,2024-01-01T10:56:50,0.152779,0.403034,0.144258,35.88,51.54,LPG,3043.65,unsafe
3943,2024-01-01T10:57:00,0.785138,0.445868,0.159683,33.91,70.24,LPG,4880.5,unsafe
3944,2024-01-01T10:57:10,1.689722,1.355091,0.878026,33.81,66.3,CleanAir,0.0,safe
3945,2024-01-01T10:57:20,0.276731,0.157807,0.096326,27.2,41.51,Alcohol,393.75,safe
3946,2024-01-01T10:57:30,1.649234,1.330945,0.839916,30.61,82.46,CleanAir,0.0,safe
3947,2024-01-01T10:57:40,0.864085,0.348984,0.016307,25.43,88.24,Propane,4105.62,unsafe
3948,2024-01-01T10:57:50,0.432117,0.25266,0.096688,27.1,88.48,LPG,1036.31,unsafe
3949,2024-01-01T10:58:00,1.618728,1.346667,0.81641,20.2,81.53,CleanAir,0.0,safe
3950,2024-01-01T10:58:10,0.270435,0.009629,0.003187,12.36,50.48,Alcohol,442.26,safe
3951,2024-01-01T10:58:20,0.752716,0.302792,0.16095,22.56,61.44,Propane,2356.11,unsafe
3952,2024-01-01T10:58:30,0.256483,0.784011,0.045846,39.08,83.42,Methane,12089.29,unsafe
3953,2024-01-01T10:58:40,0.352851,0.393382,0.013222,34.93,47.23,CO,1432.56,unsafe
3954,2024-01-01T10:58:50,1.698552,1.398608,0.900206,38.27,42.87,CleanAir,0.0,safe
3955,2024-01-01T10:59:00,1.64512,1.354579,0.845255,13.4,56.83,CleanAir,0.0,safe
3956,2024-01-01T10:59:10,0.151017,0.304936,0.019119,17.22,36.15,Hydrogen,3642.36,safe
3957,2024-01-01T10:59:20,1.686027,1.381536,0.895698,20.35,30.06,CleanAir,0.0,safe
3958,2024-01-01T10:59:30,1.648055,1.3346,0.854801,25.58,62.38,CleanAir,0.0,safe
3959,2024-01-01T10:59:40,0.626079,0.368845,0.130297,25.71,79.73,LPG,2715.3,unsafe
3960,2024-01-01T10:59:50,0.614737,0.628768,0.140566,39.44,82.84,Methane,6168.32,unsafe
3961,2024-01-01T11:00:00,1.667079,1.371872,0.889332,29.59,38.81,CleanAir,0.0,safe
3962,2024-01-01T11:00:10,0.057539,0.028883,0.196991,18.85,76.63,Hydrogen,2756.51,safe
3963,2024-01-01T11:00:20,0.025318,0.29747,0.094658,13.92,78.91,CO,995.6,unsafe
3964,2024-01-01T11:00:30,0.347817,0.029581,0.11846,37.85,69.48,CO,1600.63,unsafe
3965,2024-01-01T11:00:40,0.590967,0.608562,0.135477,25.98,59.7,Methane,5281.44,unsafe
3966,2024-01-01T11:00:50,0.677351,0.327105,0.252669,15.7,35.23,Hydrogen,4496.99,safe
3967,2024-01-01T11:01:00,1.655928,1.356933,0.898881,35.98,67.93,CleanAir,0.0,safe
3968,2024-01-01T11:01:10,0.386846,0.186513,0.097634,36.18,54.99,Propane,385.63,safe
3969,2024-01-01T11:01:20,1.623623,1.338398,0.834376,10.42,62.82,CleanAir,0.0,safe
3970,2024-01-01T11:01:30,0.057768,0.284525,0.218145,14.89,40.51,Hydrogen,2878.67,safe
3971,2024-01-01T11:01:40,0.830701,0.047489,0.180566,17.84,68.36,Propane,3303.64,unsafe
3972,2024-01-01T11:01:50,0.04195,0.012793,0.162968,13.42,65.24,Smoke,900.25,unsafe
3973,2024-01-01T11:02:00,0.538791,0.321751,0.120921,29.14,38.42,LPG,1466.96,unsafe
3974,2024-01-01T11:02:10,1.725771,1.414583,0.921226,35.93,40.16,CleanAir,0.0,safe
3975,2024-01-01T11:02:20,0.154846,0.0,0.042788,29.64,72.98,Smoke,48.83,safe
3976,2024-01-01T11:02:30,1.635669,1.328711,0.844887,19.16,71.6,CleanAir,0.0,safe
3977,2024-01-01T11:02:40,1.649671,1.338268,0.852003,10.8,50.23,CleanAir,0.0,safe
3978,2024-01-01T11:02:50,0.326414,0.183605,0.137187,11.31,78.83,Alcohol,1126.41,unsafe
3979,2024-01-01T11:03:00,0.229539,0.006472,0.07418,33.5,34.06,Alcohol,179.8,safe
3980,2024-01-01T11:03:10,1.666283,1.354725,0.868324,12.76,41.21,CleanAir,0.0,safe
3981,2024-01-01T11:03:20,0.009741,0.177149,0.067645,23.48,74.27,CO,274.65,unsafe
3982,2024-01-01T11:03:30,0.683993,0.043076,0.253889,25.27,49.66,Hydrogen,4653.03,safe
3983,2024-01-01T11:03:40,0.586252,0.337641,0.121506,13.6,68.58,LPG,2337.93,unsafe
3984,2024-01-01T11:03:50,1.652912,1.369655,0.869578,19.12,53.25,CleanAir,0.0,safe
3985,2024-01-01T11:04:00,0.453994,0.195676,0.113049,15.84,67.54,Smoke,443.43,unsafe
3986,2024-01-01T11:04:10,1.735462,1.386124,0.918014,33.08,39.44,CleanAir,0.0,safe
3987,2024-01-01T11:04:20,0.556341,0.236658,0.143701,10.85,30.11,Smoke,635.56,unsafe
3988,2024-01-01T11:04:30,1.665504,1.369296,0.868074,38.11,76.68,CleanAir,0.0,safe
3989,2024-01-01T11:04:40,0.875672,0.057523,0.195523,19.93,57.35,Propane,3888.8,unsafe
3990,2024-01-01T11:04:50,0.022824,0.20371,0.006377,36.12,75.27,Hydrogen,767.61,safe
3991,2024-01-01T11:05:00,1.703048,1.41169,0.914304,39.2,50.88,CleanAir,0.0,safe
3992,2024-01-01T11:05:10,1.686946,1.367933,0.884541,38.68,71.35,CleanAir,0.0,safe
3993,2024-01-01T11:05:20,0.635269,0.377364,0.013074,13.36,37.06,LPG,2608.76,unsafe
3994,2024-01-01T11:05:30,0.067668,0.035306,0.009564,20.07,44.33,LPG,1661.07,unsafe
3995,2024-01-01T11:05:40,0.649804,0.664188,0.016128,30.02,48.36,Methane,6448.21,unsafe
3996,2024-01-01T11:05:50,0.06764,0.246593,0.130379,19.47,48.21,Propane,1060.55,unsafe
3997,2024-01-01T11:06:00,1.670491,1.351911,0.889937,25.67,41.75,CleanAir,0.0,safe
3998,2024-01-01T11:06:10,1.663828,1.34655,0.873391,16.05,53.82,CleanAir,0.0,safe
3999,2024-01-01T11:06:20,0.572266,0.238554,0.14959,28.09,85.99,Smoke,794.97,unsafe
4000,2024-01-01T11:06:30,0.589063,0.032298,0.220065,17.22,55.78,Hydrogen,3271.9,safe
4001,2024-01-01T11:06:40,0.693306,0.417566,0.025613,13.55,82.24,LPG,4302.04,unsafe
4002,2024-01-01T11:06:50,1.703983,1.380706,0.901842,19.15,39.83,CleanAir,0.0,safe
4003,2024-01-01T11:07:00,1.635278,1.339782,0.860554,24.47,67.81,CleanAir,0.0,safe
4004,2024-01-01T11:07:10,1.667391,1.348778,0.847605,29.3,84.59,CleanAir,0.0,safe
4005,2024-01-01T11:07:20,0.642206,0.312192,0.245024,18.45,78.52,Hydrogen,4837.66,safe
4006,2024-01-01T11:07:30,1.697169,1.383829,0.902551,33.93,49.45,CleanAir,0.0,safe
4007,2024-01-01T11:07:40,0.771238,0.8443,0.171173,19.59,78.97,Methane,16983.64,unsafe
4008,2024-01-01T11:07:50,1.711763,1.435546,0.919435,39.15,33.61,CleanAir,0.0,safe
4009,2024-01-01T11:08:00,0.354611,0.427053,0.122045,14.98,33.89,CO,1755.8,unsafe
4010,2024-01-01T11:08:10,0.654963,0.272558,0.177064,23.65,50.29,Smoke,991.1,unsafe
4011,2024-01-01T11:08:20,0.927327,0.38779,0.20838,39.15,84.13,Propane,4633.48,unsafe
4012,2024-01-01T11:08:30,0.022798,0.194684,0.13601,36.15,57.71,Alcohol,845.41,safe
4013,2024-01-01T11:08:40,1.689053,1.408656,0.924647,34.28,34.79,CleanAir,0.0,safe
4014,2024-01-01T11:08:50,0.044821,0.235992,0.151572,38.61,74.2,Hydrogen,1255.07,safe
4015,2024-01-01T11:09:00,0.392517,0.221809,0.185314,18.18,66.0,Alcohol,1958.7,unsafe
4016,2024-01-01T11:09:10,0.517168,0.31413,0.009656,37.52,63.46,LPG,1384.46,unsafe
4017,2024-01-01T11:09:20,0.140883,0.421888,0.019254,22.86,68.74,LPG,3858.75,unsafe
4018,2024-01-01T11:09:30,1.709828,1.375449,0.874194,22.08,39.96,CleanAir,0.0,safe
4019,2024-01-01T11:09:40,0.836316,0.896473,0.185788,39.87,57.86,Methane,16704.81,unsafe
4020,2024-01-01T11:09:50,1.671346,1.374027,0.874136,14.37,44.16,CleanAir,0.0,safe
4021,2024-01-01T11:10:00,0.032272,0.012653,0.135701,10.82,78.58,Smoke,660.89,unsafe
4022,2024-01-01T11:10:10,0.325833,0.190336,0.131394,38.31,65.02,Alcohol,770.93,safe
4023,2024-01-01T11:10:20,1.61569,1.303323,0.827671,22.02,85.61,CleanAir,0.0,safe
4024,2024-01-01T11:10:30,0.556886,0.012649,0.14542,16.89,65.5,Smoke,708.28,unsafe
4025,2024-01-01T11:10:40,1.692464,1.393801,0.904346,31.83,46.22,CleanAir,0.0,safe
4026,2024-01-01T11:10:50,0.588772,0.244573,0.155897,32.71,88.16,Smoke,813.78,unsafe
4027,2024-01-01T11:11:00,0.321866,0.006482,0.080143,30.51,36.94,Smoke,176.38,unsafe
4028,2024-01-01T11:11:10,1.664186,1.337329,0.878381,26.85,61.58,CleanAir,0.0,safe
4029,2024-01-01T11:11:20,1.661127,1.348024,0.867816,32.43,82.1,CleanAir,0.0,safe
4030,2024-01-01T11:11:30,1.664842,1.362462,0.873856,26.14,60.59,CleanAir,0.0,safe
4031,2024-01-01T11:11:40,0.21753,0.456074,0.012911,28.62,67.63,LPG,4804.47,unsafe
4032,2024-01-01T11:11:50,1.634617,1.350269,0.866055,26.29,63.93,CleanAir,0.0,safe
4033,2024-01-01T11:12:00,1.640528,1.297174,0.831096,15.74,82.4,CleanAir,0.0,safe
4034,2024-01-01T11:12:10,0.054506,0.255528,0.170022,21.38,62.19,Smoke,950.32,unsafe
4035,2024-01-01T11:12:20,1.683704,1.390744,0.885451,19.7,46.29,CleanAir,0.0,safe
4036,2024-01-01T11:12:30,0.109793,0.829927,0.171566,18.39,49.57,Methane,14081.6,unsafe
4037,2024-01-01T11:12:40,0.415712,0.009665,0.003235,31.73,80.57,Smoke,364.97,unsafe
4038,2024-01-01T11:12:50,1.653409,1.330824,0.839746,25.56,79.52,CleanAir,0.0,safe
4039,2024-01-01T11:13:00,1.696637,1.397515,0.896971,28.04,31.29,CleanAir,0.0,safe
4040,2024-01-01T11:13:10,0.717593,0.062186,0.016014,18.02,35.17,LPG,3390.68,unsafe
4041,2024-01-01T11:13:20,0.028855,0.012903,0.006427,37.74,38.63,Smoke,460.37,unsafe
4042,2024-01-01T11:13:30,0.299648,0.308636,0.006421,27.45,65.57,CO,877.44,unsafe
4043,2024-01-01T11:13:40,0.013072,0.228267,0.081444,29.38,55.71,CO,418.09,unsafe
4044,2024-01-01T11:13:50,0.120254,0.045189,0.15528,38.95,81.91,LPG,4589.27,unsafe
4045,2024-01-01T11:14:00,1.646281,1.343563,0.858937,26.47,71.69,CleanAir,0.0,safe
4046,2024-01-01T11:14:10,1.625521,1.31214,0.831574,15.41,75.91,CleanAir,0.0,safe
4047,2024-01-01T11:14:20,1.637298,1.317202,0.853086,35.67,88.78,CleanAir,0.0,safe
4048,2024-01-01T11:14:30,0.74527,0.777291,0.035851,25.81,70.55,Methane,11885.78,unsafe
4049,2024-01-01T11:14:40,0.510143,0.257511,0.182805,11.3,37.39,Hydrogen,1861.24,safe
4050,2024-01-01T11:14:50,0.179467,0.617351,0.138388,29.81,70.39,Methane,5634.6,unsafe
4051,2024-01-01T11:15:00,1.71284,1.420019,0.922395,38.06,34.43,CleanAir,0.0,safe
4052,2024-01-01T11:15:10,0.088005,0.060558,0.02251,22.05,83.43,LPG,3776.58,unsafe
4053,2024-01-01T11:15:20,0.541131,0.22574,0.14449,15.53,61.77,Smoke,658.42,unsafe
4054,2024-01-01T11:15:30,1.686739,1.380846,0.898407,39.56,64.47,CleanAir,0.0,safe
4055,2024-01-01T11:15:40,1.712109,1.390121,0.88645,24.51,41.06,CleanAir,0.0,safe
4056,2024-01-01T11:15:50,0.060102,0.02599,0.208967,39.74,81.92,Hydrogen,2679.42,safe
4057,2024-01-01T11:16:00,0.34847,0.185665,0.006435,31.95,56.12,Hydrogen,548.51,safe
4058,2024-01-01T11:16:10,1.672691,1.35815,0.887354,26.02,57.8,CleanAir,0.0,safe
4059,2024-01-01T11:16:20,1.690924,1.3946,0.886428,35.03,67.51,CleanAir,0.0,safe
4060,2024-01-01T11:16:30,0.325819,0.009603,0.128735,11.0,31.65,Alcohol,774.09,safe
4061,2024-01-01T11:16:40,0.609469,0.298387,0.216652,21.44,33.57,Hydrogen,2870.52,safe
4062,2024-01-01T11:16:50,0.391362,0.18891,0.003229,38.04,63.07,Smoke,297.5,unsafe
4063,2024-01-01T11:17:00,1.643225,1.319485,0.827301,17.06,82.11,CleanAir,0.0,safe
4064,2024-01-01T11:17:10,0.332481,0.409554,0.11465,20.78,83.15,CO,1882.66,unsafe
4065,2024-01-01T11:17:20,1.665722,1.373859,0.881606,28.05,55.61,CleanAir,0.0,safe
4066,2024-01-01T11:17:30,1.630624,1.3246,0.861008,20.38,71.63,CleanAir,0.0,safe
4067,2024-01-01T11:17:40,0.135961,0.93506,0.196642,29.21,34.94,Methane,18962.04,unsafe
4068,2024-01-01T11:17:50,0.305397,0.315849,0.100528,10.82,34.0,CO,931.44,unsafe
4069,2024-01-01T11:18:00,0.663759,0.682192,0.152395,14.2,37.04,Methane,7452.52,unsafe
4070,2024-01-01T11:18:10,0.608245,0.012833,0.16404,37.43,49.3,Smoke,770.31,unsafe
4071,2024-01-01T11:18:20,1.587321,1.292964,0.834495,19.28,85.76,CleanAir,0.0,safe
4072,2024-01-01T11:18:30,1.645431,1.374699,0.87068,27.73,66.6,CleanAir,0.0,safe
4073,2024-01-01T11:18:40,0.155183,0.367838,0.204161,17.88,69.96,Propane,4692.67,unsafe
4074,2024-01-01T11:18:50,1.608202,1.33091,0.835828,21.68,84.69,CleanAir,0.0,safe
4075,2024-01-01T11:19:00,1.59818,1.322284,0.836372,19.23,89.04,CleanAir,0.0,safe
4076,2024-01-01T11:19:10,1.664414,1.342037,0.887485,35.42,78.22,CleanAir,0.0,safe
4077,2024-01-01T11:19:20,1.671902,1.394477,0.909086,36.43,45.11,CleanAir,0.0,safe
4078,2024-01-01T11:19:30,0.055052,0.029232,0.139308,26.15,37.41,LPG,2451.34,unsafe
4079,2024-01-01T11:19:40,0.468379,0.279445,0.106374,26.95,40.38,LPG,976.74,safe
4080,2024-01-01T11:19:50,0.254783,0.22611,0.080271,14.79,64.14,CO,497.36,unsafe
4081,2024-01-01T11:20:00,0.032062,0.200458,0.009461,29.07,75.15,Alcohol,1378.23,unsafe
4082,2024-01-01T11:20:10,0.31756,0.022186,0.009551,24.45,81.2,CO,1402.58,unsafe
4083,2024-01-01T11:20:20,1.670626,1.404631,0.902269,30.41,45.45,CleanAir,0.0,safe
4084,2024-01-01T11:20:30,1.6505,1.320611,0.866743,11.42,61.41,CleanAir,0.0,safe
4085,2024-01-01T11:20:40,0.53227,0.266103,0.013126,24.44,50.07,Hydrogen,2060.22,safe
4086,2024-01-01T11:20:50,1.652841,1.361808,0.89301,20.84,39.21,CleanAir,0.0,safe
4087,2024-01-01T11:21:00,0.03587,0.238324,0.150445,21.73,42.81,Smoke,688.04,unsafe
4088,2024-01-01T11:21:10,1.648564,1.348967,0.84296,12.26,55.53,CleanAir,0.0,safe
4089,2024-01-01T11:21:20,0.106953,0.0,0.028627,34.93,49.09,Smoke,20.86,safe
4090,2024-01-01T11:21:30,0.274907,0.019315,0.090461,23.99,78.69,CO,716.61,unsafe
4091,2024-01-01T11:21:40,0.459929,0.018989,0.161116,20.57,84.47,Hydrogen,1586.61,safe
4092,2024-01-01T11:21:50,1.708297,1.394894,0.900663,36.25,44.85,CleanAir,0.0,safe
4093,2024-01-01T11:22:00,0.025433,0.013014,0.145238,18.36,71.58,Alcohol,1114.12,unsafe
4094,2024-01-01T11:22:10,1.670569,1.348378,0.86538,36.66,78.36,CleanAir,0.0,safe
4095,2024-01-01T11:22:20,1.682111,1.393095,0.915122,31.18,36.4,CleanAir,0.0,safe
4096,2024-01-01T11:22:30,0.737124,0.296744,0.163599,23.68,75.63,Propane,2314.79,unsafe
4097,2024-01-01T11:22:40,0.403961,0.054661,0.012872,18.22,40.49,CO,2997.75,unsafe
4098,2024-01-01T11:22:50,0.304786,0.155273,0.080626,36.91,70.06,Smoke,178.59,unsafe
4099,2024-01-01T11:23:00,0.309139,0.303692,0.006477,24.31,32.84,CO,769.04,unsafe
4100,2024-01-01T11:23:10,1.603925,1.321652,0.853146,10.0,68.38,CleanAir,0.0,safe
4101,2024-01-01T11:23:20,1.65598,1.354331,0.869737,20.06,60.89,CleanAir,0.0,safe
4102,2024-01-01T11:23:30,0.555047,0.073869,0.012969,18.59,75.67,Methane,4340.32,unsafe
4103,2024-01-01T11:23:40,0.366427,0.01286,0.009521,12.85,80.22,Hydrogen,929.06,safe
4104,2024-01-01T11:23:50,1.675718,1.366604,0.924294,20.27,32.15,CleanAir,0.0,safe
4105,2024-01-01T11:24:00,1.658583,1.342268,0.873539,14.07,44.22,CleanAir,0.0,safe
4106,2024-01-01T11:24:10,0.71947,0.126926,0.163882,14.91,32.42,Methane,9540.54,unsafe
4107,2024-01-01T11:24:20,0.012891,0.006399,0.103743,33.91,87.36,Alcohol,474.62,safe
4108,2024-01-01T11:24:30,1.649167,1.362802,0.869607,39.14,82.52,CleanAir,0.0,safe
4109,2024-01-01T11:24:40,0.754662,0.806843,0.035004,23.24,76.33,Methane,14710.93,unsafe
4110,2024-01-01T11:24:50,1.63969,1.321066,0.828206,21.93,84.15,CleanAir,0.0,safe
4111,2024-01-01T11:25:00,0.785558,0.219292,0.178173,36.24,85.78,Methane,16534.46,unsafe
4112,2024-01-01T11:25:10,1.662811,1.350324,0.884917,28.07,65.22,CleanAir,0.0,safe
4113,2024-01-01T11:25:20,0.6324,0.627362,0.148488,34.32,33.8,Methane,5021.63,unsafe
4114,2024-01-01T11:25:30,1.631443,1.318828,0.88665,34.79,72.9,CleanAir,0.0,safe
4115,2024-01-01T11:25:40,0.032028,0.022622,0.006444,19.82,51.06,CO,1285.96,unsafe
4116,2024-01-01T11:25:50,0.04262,0.019347,0.171037,39.23,44.64,Smoke,736.07,unsafe
4117,2024-01-01T11:26:00,0.287382,0.281374,0.006411,26.36,44.07,CO,707.89,unsafe
4118,2024-01-01T11:26:10,0.392084,0.227049,0.015963,31.5,52.59,Alcohol,1703.56,unsafe
4119,2024-01-01T11:26:20,0.044692,0.267759,0.012964,20.6,30.51,Propane,1286.24,unsafe
4120,2024-01-01T11:26:30,1.63761,1.323667,0.879706,25.21,74.3,CleanAir,0.0,safe
4121,2024-01-01T11:26:40,0.072023,0.378873,0.142776,23.28,36.14,LPG,2520.4,unsafe
4122,2024-01-01T11:26:50,0.815073,0.168958,0.186838,25.11,58.28,Methane,18726.35,unsafe
4123,2024-01-01T11:27:00,0.460184,0.25404,0.24442,30.52,78.12,Alcohol,3589.21,unsafe
4124,2024-01-01T11:27:10,1.650815,1.34774,0.855005,34.35,80.11,CleanAir,0.0,safe
4125,2024-01-01T11:27:20,1.667303,1.393804,0.891043,34.7,71.55,CleanAir,0.0,safe
4126,2024-01-01T11:27:30,1.652554,1.357939,0.888654,17.33,48.45,CleanAir,0.0,safe
4127,2024-01-01T11:27:40,0.025885,0.34266,0.109142,27.79,58.9,CO,1160.78,unsafe
4128,2024-01-01T11:27:50,0.639387,0.316613,0.019266,35.03,40.74,Hydrogen,3342.17,safe
4129,2024-01-01T11:28:00,0.808293,0.868985,0.177706,27.65,63.75,Methane,17794.32,unsafe
4130,2024-01-01T11:28:10,0.029356,0.019334,0.100357,16.52,63.5,CO,979.44,unsafe
4131,2024-01-01T11:28:20,1.688661,1.376961,0.896687,34.32,51.29,CleanAir,0.0,safe
4132,2024-01-01T11:28:30,0.104507,0.799599,0.176799,37.92,40.05,Methane,11394.06,unsafe
4133,2024-01-01T11:28:40,1.601711,1.327589,0.872323,13.32,60.78,CleanAir,0.0,safe
4134,2024-01-01T11:28:50,1.664085,1.355514,0.878448,12.3,42.32,CleanAir,0.0,safe
4135,2024-01-01T11:29:00,0.490728,0.022929,0.10614,23.13,77.46,LPG,1338.97,unsafe
4136,2024-01-01T11:29:10,1.685951,1.394285,0.915649,29.18,38.81,CleanAir,0.0,safe
4137,2024-01-01T11:29:20,1.640589,1.319001,0.848985,10.78,63.22,CleanAir,0.0,safe
4138,2024-01-01T11:29:30,0.625313,0.0394,0.135151,34.5,71.35,LPG,2420.27,unsafe
4139,2024-01-01T11:29:40,1.640938,1.325238,0.861422,30.53,89.0,CleanAir,0.0,safe
4140,2024-01-01T11:29:50,0.250944,0.061536,0.212177,28.68,32.62,Propane,3885.86,unsafe
4141,2024-01-01T11:30:00,1.672716,1.377377,0.88279,14.62,30.43,CleanAir,0.0,safe
4142,2024-01-01T11:30:10,0.407724,0.238524,0.003238,14.69,30.4,LPG,712.29,safe
4143,2024-01-01T11:30:20,0.302846,0.171267,0.119238,27.86,80.87,Alcohol,683.43,safe
4144,2024-01-01T11:30:30,0.465837,0.233184,0.166812,12.86,56.07,Hydrogen,1518.67,safe
4145,2024-01-01T11:30:40,0.545831,0.22339,0.145069,21.09,74.96,Smoke,705.1,unsafe
4146,2024-01-01T11:30:50,1.681027,1.365139,0.902676,34.41,61.76,CleanAir,0.0,safe
4147,2024-01-01T11:31:00,0.339391,0.012683,0.142132,39.29,76.6,Alcohol,947.66,safe
4148,2024-01-01T11:31:10,1.669138,1.342014,0.872204,38.46,76.57,CleanAir,0.0,safe
4149,2024-01-01T11:31:20,0.314965,0.182533,0.124201,30.82,48.38,Alcohol,655.82,safe
4150,2024-01-01T11:31:30,0.774353,0.457505,0.167902,32.06,46.49,LPG,4430.0,unsafe
4151,2024-01-01T11:31:40,0.032143,0.210144,0.111042,20.05,63.76,Propane,722.71,safe
4152,2024-01-01T11:31:50,0.18853,0.003227,0.05532,25.74,55.43,Alcohol,108.36,safe
4153,2024-01-01T11:32:00,0.817631,0.893527,0.179686,11.63,51.17,Methane,19024.6,unsafe
4154,2024-01-01T11:32:10,1.642226,1.315229,0.863427,27.67,73.23,CleanAir,0.0,safe
4155,2024-01-01T11:32:20,1.653588,1.319835,0.864424,30.67,83.83,CleanAir,0.0,safe
4156,2024-01-01T11:32:30,1.6473,1.345981,0.884922,39.37,86.64,CleanAir,0.0,safe
4157,2024-01-01T11:32:40,1.649359,1.33807,0.862002,21.31,59.83,CleanAir,0.0,safe
4158,2024-01-01T11:32:50,1.671277,1.341078,0.865368,25.44,61.65,CleanAir,0.0,safe
4159,2024-01-01T11:33:00,1.686919,1.356046,0.89646,32.06,53.47,CleanAir,0.0,safe
4160,2024-01-01T11:33:10,1.633808,1.303157,0.852488,17.83,73.82,CleanAir,0.0,safe
4161,2024-01-01T11:33:20,1.632634,1.317155,0.861404,13.42,61.7,CleanAir,0.0,safe
4162,2024-01-01T11:33:30,0.221362,0.121214,0.058336,14.59,44.11,Smoke,97.56,unsafe
4163,2024-01-01T11:33:40,0.840166,0.894582,0.025646,29.34,47.98,Methane,18013.46,unsafe
4164,2024-01-01T11:33:50,0.549091,0.263261,0.203204,11.86,87.4,Hydrogen,3141.59,safe
4165,2024-01-01T11:34:00,0.761768,0.07118,0.019252,30.65,47.45,LPG,4092.07,unsafe
4166,2024-01-01T11:34:10,0.17814,0.187315,0.169415,26.25,57.38,Methane,12902.42,unsafe
4167,2024-01-01T11:34:20,0.100562,0.273693,0.147493,30.54,78.9,Propane,1620.82,unsafe
4168,2024-01-01T11:34:30,1.621635,1.312111,0.865037,24.46,78.17,CleanAir,0.0,safe
4169,2024-01-01T11:34:40,1.675944,1.353705,0.87949,12.73,40.9,CleanAir,0.0,safe
4170,2024-01-01T11:34:50,0.205541,0.120417,0.067971,19.74,83.56,Alcohol,203.91,safe
4171,2024-01-01T11:35:00,0.459062,0.262717,0.103371,26.14,84.96,LPG,1155.0,unsafe
4172,2024-01-01T11:35:10,1.623994,1.305137,0.854751,18.85,81.92,CleanAir,0.0,safe
4173,2024-01-01T11:35:20,0.29883,0.283742,0.096962,39.54,47.94,CO,667.15,unsafe
4174,2024-01-01T11:35:30,1.67352,1.382842,0.898898,29.44,41.25,CleanAir,0.0,safe
4175,2024-01-01T11:35:40,0.112858,0.753272,0.019335,13.72,69.92,Methane,12436.08,unsafe
4176,2024-01-01T11:35:50,1.688893,1.374168,0.909397,27.47,47.08,CleanAir,0.0,safe
4177,2024-01-01T11:36:00,1.699457,1.356465,0.876477,14.81,38.4,CleanAir,0.0,safe
4178,2024-01-01T11:36:10,0.357065,0.191306,0.124627,30.09,70.79,Hydrogen,674.25,safe
4179,2024-01-01T11:36:20,0.10346,0.410882,0.012826,23.2,71.14,LPG,4044.24,unsafe
4180,2024-01-01T11:36:30,0.085475,0.303327,0.165132,22.98,86.87,Propane,2587.18,unsafe
4181,2024-01-01T11:36:40,0.06877,0.02266,0.013006,29.35,68.22,Propane,2181.46,unsafe
4182,2024-01-01T11:36:50,0.370706,0.009766,0.090243,27.56,39.8,LPG,511.55,safe
4183,2024-01-01T11:37:00,1.660799,1.348421,0.867094,18.55,43.31,CleanAir,0.0,safe
4184,2024-01-01T11:37:10,0.690925,0.042194,0.255652,29.53,41.67,Hydrogen,4445.39,safe
4185,2024-01-01T11:37:20,0.63986,0.260818,0.175637,24.01,30.44,Smoke,877.35,unsafe
4186,2024-01-01T11:37:30,0.708066,0.295562,0.012995,15.58,86.04,Propane,2515.49,unsafe
4187,2024-01-01T11:37:40,1.692045,1.376159,0.902606,33.14,48.67,CleanAir,0.0,safe
4188,2024-01-01T11:37:50,0.051834,0.015963,0.177326,20.33,41.12,Smoke,931.18,unsafe
4189,2024-01-01T11:38:00,0.650228,0.382611,0.140997,35.54,77.18,LPG,2982.15,unsafe
4190,2024-01-01T11:38:10,1.592882,1.328541,0.855226,12.99,66.93,CleanAir,0.0,safe
4191,2024-01-01T11:38:20,1.664333,1.373865,0.913354,29.76,37.53,CleanAir,0.0,safe
4192,2024-01-01T11:38:30,0.009615,0.140642,0.003257,29.5,66.93,Propane,213.47,safe
4193,2024-01-01T11:38:40,1.660476,1.353867,0.897278,11.79,36.54,CleanAir,0.0,safe
4194,2024-01-01T11:38:50,1.69452,1.404951,0.92461,39.56,44.88,CleanAir,0.0,safe
4195,2024-01-01T11:39:00,0.777911,0.025524,0.176538,29.82,88.14,Propane,2931.87,unsafe
4196,2024-01-01T11:39:10,1.672817,1.339331,0.902098,26.69,51.6,CleanAir,0.0,safe
4197,2024-01-01T11:39:20,0.01614,0.270042,0.091499,25.47,68.94,CO,706.09,unsafe
4198,2024-01-01T11:39:30,0.218364,0.166752,0.067849,17.44,60.16,CO,258.91,unsafe
4199,2024-01-01T11:39:40,1.621706,1.314689,0.856491,28.74,88.25,CleanAir,0.0,safe
4200,2024-01-01T11:39:50,1.67402,1.373891,0.918137,34.96,50.1,CleanAir,0.0,safe
4201,2024-01-01T11:40:00,1.667367,1.393138,0.88882,29.13,62.75,CleanAir,0.0,safe
4202,2024-01-01T11:40:10,1.684772,1.361864,0.911853,37.69,59.33,CleanAir,0.0,safe
4203,2024-01-01T11:40:20,0.292336,0.298507,0.095671,20.36,77.58,CO,970.97,unsafe
4204,2024-01-01T11:40:30,0.481603,0.012988,0.128027,19.81,49.44,Smoke,509.7,unsafe
4205,2024-01-01T11:40:40,0.301623,0.172418,0.00633,18.58,39.04,Alcohol,586.02,safe
4206,2024-01-01T11:40:50,0.388976,0.211524,0.009588,37.26,67.82,Alcohol,1506.61,unsafe
4207,2024-01-01T11:41:00,0.541721,0.268226,0.019401,25.32,35.22,Hydrogen,2047.17,safe
4208,2024-01-01T11:41:10,1.612402,1.309793,0.856374,10.16,57.23,CleanAir,0.0,safe
4209,2024-01-01T11:41:20,0.422021,0.232707,0.015666,24.71,31.06,Alcohol,1931.54,unsafe
4210,2024-01-01T11:41:30,1.644363,1.319406,0.875504,32.56,82.44,CleanAir,0.0,safe
4211,2024-01-01T11:41:40,0.051607,0.265623,0.016064,24.77,85.86,Hydrogen,2679.12,safe
4212,2024-01-01T11:41:50,0.166039,0.359545,0.194697,15.42,75.69,Propane,4572.35,unsafe
4213,2024-01-01T11:42:00,0.724615,0.166529,0.164796,20.67,57.77,Methane,12468.03,unsafe
4214,2024-01-01T11:42:10,1.646569,1.29889,0.876941,28.36,67.01,CleanAir,0.0,safe
4215,2024-01-01T11:42:20,0.354274,0.194909,0.148182,23.19,50.97,Alcohol,1053.57,unsafe
4216,2024-01-01T11:42:30,0.679662,0.279435,0.009626,17.63,51.8,Propane,1808.97,unsafe
4217,2024-01-01T11:42:40,0.272618,0.242735,0.087285,26.14,56.93,CO,549.19,unsafe
4218,2024-01-01T11:42:50,1.64473,1.348663,0.850728,31.95,89.49,CleanAir,0.0,safe
4219,2024-01-01T11:43:00,0.802629,0.233907,0.181228,25.75,82.52,Methane,18300.83,unsafe
4220,2024-01-01T11:43:10,1.63618,1.324524,0.854896,15.5,56.36,CleanAir,0.0,safe
4221,2024-01-01T11:43:20,1.651506,1.304299,0.854818,27.28,81.53,CleanAir,0.0,safe
4222,2024-01-01T11:43:30,0.315417,0.303047,0.103716,38.2,44.97,CO,803.98,unsafe
4223,2024-01-01T11:43:40,0.336051,0.031643,0.112048,34.73,33.91,CO,1073.92,unsafe
4224,2024-01-01T11:43:50,1.670673,1.367212,0.889613,24.55,43.89,CleanAir,0.0,safe
4225,2024-01-01T11:44:00,1.626179,1.305946,0.84808,20.41,79.92,CleanAir,0.0,safe
4226,2024-01-01T11:44:10,0.255281,0.146779,0.00322,14.46,45.44,LPG,220.76,safe
4227,2024-01-01T11:44:20,1.668564,1.291811,0.836799,12.92,82.46,CleanAir,0.0,safe
4228,2024-01-01T11:44:30,0.025901,0.210984,0.127375,10.75,40.67,Smoke,484.06,unsafe
4229,2024-01-01T11:44:40,0.350341,0.012696,0.145712,38.29,47.27,Alcohol,921.91,safe
4230,2024-01-01T11:44:50,1.694144,1.359153,0.882514,29.62,58.01,CleanAir,0.0,safe
4231,2024-01-01T11:45:00,1.717737,1.376932,0.898802,33.13,42.64,CleanAir,0.0,safe
4232,2024-01-01T11:45:10,0.272114,0.016388,0.086325,20.22,78.57,CO,697.74,unsafe
4233,2024-01-01T11:45:20,1.731899,1.393085,0.895336,30.03,39.24,CleanAir,0.0,safe
4234,2024-01-01T11:45:30,1.60992,1.331399,0.825574,11.05,71.21,CleanAir,0.0,safe
4235,2024-01-01T11:45:40,0.153914,0.061695,0.029518,16.62,65.35,Propane,4569.96,unsafe
4236,2024-01-01T11:45:50,1.641224,1.314439,0.848141,21.99,77.44,CleanAir,0.0,safe
4237,2024-01-01T11:46:00,1.664368,1.38344,0.889748,24.99,48.45,CleanAir,0.0,safe
4238,2024-01-01T11:46:10,0.53784,0.022466,0.117303,25.4,54.6,LPG,1519.4,unsafe
4239,2024-01-01T11:46:20,1.675102,1.359844,0.878834,10.49,31.96,CleanAir,0.0,safe
4240,2024-01-01T11:46:30,1.706707,1.391533,0.896108,34.52,58.45,CleanAir,0.0,safe
4241,2024-01-01T11:46:40,1.646208,1.338694,0.847616,12.5,64.26,CleanAir,0.0,safe
4242,2024-01-01T11:46:50,0.512443,0.289966,0.113986,18.18,34.05,LPG,1226.83,unsafe
4243,2024-01-01T11:47:00,0.365489,0.206199,0.155863,11.78,49.64,Alcohol,1358.63,unsafe
4244,2024-01-01T11:47:10,0.598695,0.245329,0.164357,34.94,76.34,Smoke,813.21,unsafe
4245,2024-01-01T11:47:20,1.65712,1.358744,0.876826,32.16,67.54,CleanAir,0.0,safe
4246,2024-01-01T11:47:30,0.309756,0.342379,0.10246,20.55,78.32,CO,1228.94,unsafe
4247,2024-01-01T11:47:40,1.684765,1.376649,0.865819,18.46,38.24,CleanAir,0.0,safe
4248,2024-01-01T11:47:50,0.680835,0.696582,0.155081,21.4,40.39,Methane,7984.25,unsafe
4249,2024-01-01T11:48:00,1.709395,1.403901,0.923201,35.07,37.62,CleanAir,0.0,safe
4250,2024-01-01T11:48:10,1.685211,1.375655,0.901081,37.95,58.42,CleanAir,0.0,safe
4251,2024-01-01T11:48:20,0.468386,0.202066,0.006417,15.26,83.64,Smoke,538.9,unsafe
4252,2024-01-01T11:48:30,1.682228,1.368411,0.88382,10.3,30.82,CleanAir,0.0,safe
4253,2024-01-01T11:48:40,0.029639,0.032526,0.009623,28.81,60.34,CO,1941.74,unsafe
4254,2024-01-01T11:48:50,1.638555,1.328677,0.84206,23.53,77.01,CleanAir,0.0,safe
4255,2024-01-01T11:49:00,0.309864,0.173547,0.123154,22.92,69.57,Alcohol,758.18,safe
4256,2024-01-01T11:49:10,0.661909,0.380251,0.136886,14.63,77.43,LPG,3428.94,unsafe
4257,2024-01-01T11:49:20,0.240045,0.006415,0.079682,16.92,37.17,Alcohol,260.25,safe
4258,2024-01-01T11:49:30,1.721044,1.38355,0.894206,34.56,46.04,CleanAir,0.0,safe
4259,2024-01-01T11:49:40,1.621857,1.332391,0.847142,22.22,75.44,CleanAir,0.0,safe
4260,2024-01-01T11:49:50,1.660738,1.376877,0.898522,29.37,42.51,CleanAir,0.0,safe
4261,2024-01-01T11:50:00,0.756297,0.447784,0.157486,34.9,59.4,LPG,4131.86,unsafe
4262,2024-01-01T11:50:10,1.667573,1.31959,0.863186,18.18,51.67,CleanAir,0.0,safe
4263,2024-01-01T11:50:20,1.732717,1.360202,0.867117,19.59,39.99,CleanAir,0.0,safe
4264,2024-01-01T11:50:30,0.340357,0.371625,0.006401,32.19,48.18,CO,1299.5,unsafe
4265,2024-01-01T11:50:40,1.650059,1.331394,0.865556,29.81,78.09,CleanAir,0.0,safe
4266,2024-01-01T11:50:50,1.669369,1.357458,0.904885,23.39,34.46,CleanAir,0.0,safe
4267,2024-01-01T11:51:00,1.658947,1.357908,0.892234,15.41,32.63,CleanAir,0.0,safe
4268,2024-01-01T11:51:10,0.132608,0.131665,0.145152,10.55,66.27,Methane,9695.5,unsafe
4269,2024-01-01T11:51:20,0.799088,0.297806,0.178474,34.13,39.13,Methane,13682.02,unsafe
4270,2024-01-01T11:51:30,1.693911,1.40165,0.908501,31.75,36.46,CleanAir,0.0,safe
4271,2024-01-01T11:51:40,1.663738,1.35925,0.898036,36.56,51.83,CleanAir,0.0,safe
4272,2024-01-01T11:51:50,0.335155,0.190274,0.149892,10.42,85.3,Alcohol,1361.18,unsafe
4273,2024-01-01T11:52:00,1.666491,1.337282,0.894157,38.19,73.65,CleanAir,0.0,safe
4274,2024-01-01T11:52:10,1.663114,1.340676,0.877566,31.78,70.96,CleanAir,0.0,safe
4275,2024-01-01T11:52:20,0.628761,0.358695,0.135927,21.34,53.74,LPG,2510.5,unsafe
4276,2024-01-01T11:52:30,1.60574,1.316573,0.840829,17.39,69.77,CleanAir,0.0,safe
4277,2024-01-01T11:52:40,0.826755,0.339659,0.187231,27.98,33.06,Propane,2730.68,unsafe
4278,2024-01-01T11:52:50,1.673995,1.349911,0.868711,17.3,43.47,CleanAir,0.0,safe
4279,2024-01-01T11:53:00,1.683435,1.317918,0.866825,14.65,55.09,CleanAir,0.0,safe
4280,2024-01-01T11:53:10,1.698456,1.398387,0.906323,37.17,42.58,CleanAir,0.0,safe
4281,2024-01-01T11:53:20,0.359723,0.206418,0.149618,36.91,32.99,Alcohol,927.52,safe
4282,2024-01-01T11:53:30,1.644714,1.338321,0.858488,16.57,50.73,CleanAir,0.0,safe
4283,2024-01-01T11:53:40,0.38071,0.215956,0.175523,23.57,35.04,Alcohol,1465.07,unsafe
4284,2024-01-01T11:53:50,1.633515,1.319531,0.835,22.03,77.11,CleanAir,0.0,safe
4285,2024-01-01T11:54:00,1.621898,1.290222,0.828215,14.84,78.53,CleanAir,0.0,safe
4286,2024-01-01T11:54:10,0.652112,0.660411,0.151994,39.54,58.26,Methane,6561.14,unsafe
4287,2024-01-01T11:54:20,1.633699,1.333188,0.873161,38.22,78.17,CleanAir,0.0,safe
4288,2024-01-01T11:54:30,1.645492,1.320594,0.858636,31.07,83.25,CleanAir,0.0,safe
4289,2024-01-01T11:54:40,0.058435,0.250554,0.172326,28.23,39.93,Smoke,847.06,unsafe
4290,2024-01-01T11:54:50,0.595791,0.338925,0.129733,18.95,40.01,LPG,2063.69,unsafe
4291,2024-01-01T11:55:00,1.581194,1.291523,0.840716,10.75,76.64,CleanAir,0.0,safe
4292,2024-01-01T11:55:10,0.793097,0.061066,0.164634,33.48,49.76,LPG,4534.42,unsafe
4293,2024-01-01T11:55:20,0.446981,0.250432,0.099982,22.33,65.33,LPG,1013.86,unsafe
4294,2024-01-01T11:55:30,1.6439,1.33279,0.861559,14.82,54.55,CleanAir,0.0,safe
4295,2024-01-01T11:55:40,1.674695,1.336162,0.881774,33.95,75.71,CleanAir,0.0,safe
4296,2024-01-01T11:55:50,0.672632,0.280832,0.154106,34.92,66.13,Propane,1656.89,unsafe
4297,2024-01-01T11:56:00,0.136299,0.387318,0.140617,12.51,85.26,LPG,3973.19,unsafe
4298,2024-01-01T11:56:10,1.678302,1.377569,0.920823,28.69,37.58,CleanAir,0.0,safe
4299,2024-01-01T11:56:20,0.688108,0.127319,0.019164,15.22,58.16,Methane,10574.14,unsafe
4300,2024-01-01T11:56:30,0.348217,0.183604,0.006475,29.98,72.53,Hydrogen,634.82,safe
4301,2024-01-01T11:56:40,1.672977,1.379267,0.8969,34.7,58.42,CleanAir,0.0,safe
4302,2024-01-01T11:56:50,1.642378,1.313672,0.875973,22.1,59.47,CleanAir,0.0,safe
4303,2024-01-01T11:57:00,0.045355,0.012879,0.006405,36.38,63.34,Propane,982.9,safe
4304,2024-01-01T11:57:10,0.418004,0.187469,0.006424,34.61,45.87,Smoke,329.08,unsafe
4305,2024-01-01T11:57:20,0.054693,0.225406,0.019029,34.75,75.13,Alcohol,2240.03,unsafe
4306,2024-01-01T11:57:30,0.880952,0.357873,0.205941,37.28,33.91,Propane,3116.08,unsafe
4307,2024-01-01T11:57:40,0.716936,0.730088,0.026302,26.56,34.55,Methane,8907.07,unsafe
4308,2024-01-01T11:57:50,1.685119,1.368075,0.912511,35.28,51.8,CleanAir,0.0,safe
4309,2024-01-01T11:58:00,0.79317,0.841322,0.181919,27.57,32.6,Methane,13715.36,unsafe
4310,2024-01-01T11:58:10,1.683729,1.337871,0.902787,30.81,60.67,CleanAir,0.0,safe
4311,2024-01-01T11:58:20,0.514192,0.219921,0.00636,29.29,63.21,Smoke,571.06,unsafe
4312,2024-01-01T11:58:30,0.668077,0.044968,0.139108,18.38,89.93,LPG,3500.65,unsafe
4313,2024-01-01T11:58:40,0.544373,0.230607,0.148493,36.6,62.91,Smoke,633.0,unsafe
4314,2024-01-01T11:58:50,0.042566,0.240152,0.009551,33.92,77.58,Smoke,827.18,unsafe
4315,2024-01-01T11:59:00,1.620315,1.305676,0.847804,17.95,81.48,CleanAir,0.0,safe
4316,2024-01-01T11:59:10,1.648679,1.338795,0.872816,17.37,56.6,CleanAir,0.0,safe
4317,2024-01-01T11:59:20,0.768834,0.449777,0.165038,23.0,60.9,LPG,4958.32,unsafe
4318,2024-01-01T11:59:30,0.417266,0.211285,0.012863,12.86,67.24,Hydrogen,1243.11,safe
4319,2024-01-01T11:59:40,1.633011,1.328919,0.85,10.78,57.39,CleanAir,0.0,safe
4320,2024-01-01T11:59:50,1.651547,1.351475,0.868241,15.03,53.48,CleanAir,0.0,safe
4321,2024-01-01T12:00:00,1.575151,1.314402,0.829276,14.68,77.13,CleanAir,0.0,safe
4322,2024-01-01T12:00:10,1.639683,1.313421,0.89106,17.82,48.3,CleanAir,0.0,safe
4323,2024-01-01T12:00:20,1.675915,1.369917,0.880626,38.82,61.41,CleanAir,0.0,safe
4324,2024-01-01T12:00:30,0.042069,0.256243,0.009634,35.1,42.51,Smoke,779.71,unsafe
4325,2024-01-01T12:00:40,0.051591,0.016037,0.132785,18.48,71.03,Propane,1237.07,unsafe
4326,2024-01-01T12:00:50,1.654093,1.327426,0.86495,36.38,85.14,CleanAir,0.0,safe
4327,2024-01-01T12:01:00,1.685841,1.362139,0.897736,18.05,30.12,CleanAir,0.0,safe
4328,2024-01-01T12:01:10,1.681843,1.3578,0.883575,29.05,66.73,CleanAir,0.0,safe
4329,2024-01-01T12:01:20,0.643881,0.655363,0.146441,11.51,55.16,Methane,7507.84,unsafe
4330,2024-01-01T12:01:30,1.631568,1.345657,0.884561,33.57,71.75,CleanAir,0.0,safe
4331,2024-01-01T12:01:40,0.842196,0.336743,0.185617,24.84,77.56,Propane,3546.68,unsafe
4332,2024-01-01T12:01:50,0.59829,0.288844,0.221618,24.83,40.7,Hydrogen,2883.83,safe
4333,2024-01-01T12:02:00,1.660361,1.339401,0.864694,12.23,41.28,CleanAir,0.0,safe
4334,2024-01-01T12:02:10,0.700284,0.412162,0.152332,34.42,31.71,LPG,2995.6,unsafe
4335,2024-01-01T12:02:20,0.112808,0.369668,0.131829,17.33,78.91,LPG,3091.62,unsafe
4336,2024-01-01T12:02:30,1.66916,1.362664,0.895633,29.48,55.59,CleanAir,0.0,safe
4337,2024-01-01T12:02:40,1.65272,1.335413,0.86989,31.97,84.1,CleanAir,0.0,safe
4338,2024-01-01T12:02:50,1.649149,1.357218,0.882566,16.64,34.71,CleanAir,0.0,safe
4339,2024-01-01T12:03:00,0.926531,0.05858,0.210273,31.61,36.2,Propane,3788.96,unsafe
4340,2024-01-01T12:03:10,0.077723,0.063541,0.0,34.6,57.56,Smoke,12.33,safe
4341,2024-01-01T12:03:20,0.078248,0.31591,0.016184,30.6,47.44,Propane,2103.77,unsafe
4342,2024-01-01T12:03:30,0.585803,0.016226,0.156168,16.91,86.49,Smoke,872.41,unsafe
4343,2024-01-01T12:03:40,1.664603,1.359616,0.904114,26.93,47.14,CleanAir,0.0,safe
4344,2024-01-01T12:03:50,0.734572,0.423953,0.019411,21.68,49.84,LPG,3747.97,unsafe
4345,2024-01-01T12:04:00,0.355829,0.200158,0.009745,34.84,58.68,Alcohol,1036.99,unsafe
4346,2024-01-01T12:04:10,1.6793,1.325408,0.876713,23.66,65.93,CleanAir,0.0,safe
4347,2024-01-01T12:04:20,0.581873,0.038476,0.209585,35.04,86.16,Hydrogen,3233.83,safe
4348,2024-01-01T12:04:30,0.81674,0.331782,0.183932,13.86,70.15,Propane,3511.28,unsafe
4349,2024-01-01T12:04:40,0.608515,0.301204,0.228553,31.69,82.72,Hydrogen,3817.27,safe
4350,2024-01-01T12:04:50,1.71146,1.384223,0.895423,26.56,41.89,CleanAir,0.0,safe
4351,2024-01-01T12:05:00,1.678353,1.357157,0.89918,26.83,44.3,CleanAir,0.0,safe
4352,2024-01-01T12:05:10,0.466199,0.019853,0.16215,34.56,53.67,Hydrogen,1298.61,safe
4353,2024-01-01T12:05:20,0.619223,0.01926,0.163999,28.28,69.03,Smoke,868.07,unsafe
4354,2024-01-01T12:05:30,0.684397,0.392992,0.142313,15.63,60.9,LPG,3392.3,unsafe
4355,2024-01-01T12:05:40,0.331182,0.166818,0.003212,26.93,48.42,Propane,294.3,safe
4356,2024-01-01T12:05:50,1.654859,1.333738,0.880036,15.26,46.62,CleanAir,0.0,safe
4357,2024-01-01T12:06:00,0.338291,0.3865,0.117098,30.39,66.57,CO,1579.99,unsafe
4358,2024-01-01T12:06:10,0.481129,0.24584,0.170913,31.3,55.41,Hydrogen,1496.22,safe
4359,2024-01-01T12:06:20,0.346678,0.032587,0.009619,32.13,30.91,CO,1258.0,unsafe
4360,2024-01-01T12:06:30,0.512759,0.258555,0.183785,33.87,41.79,Hydrogen,1723.72,safe
4361,2024-01-01T12:06:40,1.651683,1.378932,0.901397,36.81,55.62,CleanAir,0.0,safe
4362,2024-01-01T12:06:50,0.707521,0.347673,0.269734,39.09,32.28,Hydrogen,4500.74,safe
4363,2024-01-01T12:07:00,0.241929,0.00655,0.080893,37.06,63.49,Alcohol,260.5,safe
4364,2024-01-01T12:07:10,0.754848,0.792012,0.171063,33.55,50.29,Methane,11613.43,unsafe
4365,2024-01-01T12:07:20,1.682144,1.395934,0.928632,36.16,35.23,CleanAir,0.0,safe
4366,2024-01-01T12:07:30,1.635889,1.315784,0.834949,10.21,61.57,CleanAir,0.0,safe
4367,2024-01-01T12:07:40,0.975934,0.387363,0.22349,39.4,42.45,Propane,4297.18,unsafe
4368,2024-01-01T12:07:50,1.69624,1.39642,0.904707,29.47,36.67,CleanAir,0.0,safe
4369,2024-01-01T12:08:00,1.652931,1.346012,0.874778,27.72,70.1,CleanAir,0.0,safe
4370,2024-01-01T12:08:10,1.65224,1.339276,0.870392,37.1,82.67,CleanAir,0.0,safe
4371,2024-01-01T12:08:20,0.444666,0.857056,0.178235,15.91,60.46,Methane,18882.91,unsafe
4372,2024-01-01T12:08:30,1.611684,1.314543,0.838068,12.88,68.13,CleanAir,0.0,safe
4373,2024-01-01T12:08:40,1.633796,1.352173,0.883459,11.7,35.96,CleanAir,0.0,safe
4374,2024-01-01T12:08:50,1.664867,1.329735,0.870704,22.17,76.76,CleanAir,0.0,safe
4375,2024-01-01T12:09:00,1.702834,1.405002,0.914038,31.3,37.91,CleanAir,0.0,safe
4376,2024-01-01T12:09:10,0.676313,0.016362,0.19225,18.25,81.62,Smoke,1324.84,unsafe
4377,2024-01-01T12:09:20,0.786741,0.859741,0.183396,21.59,42.87,Methane,15790.4,unsafe
4378,2024-01-01T12:09:30,1.621639,1.306464,0.856945,12.13,66.82,CleanAir,0.0,safe
4379,2024-01-01T12:09:40,0.362369,0.006349,0.003246,10.76,41.83,Smoke,271.58,unsafe
4380,2024-01-01T12:09:50,0.241335,0.009504,0.00326,38.51,86.19,CO,371.91,unsafe
4381,2024-01-01T12:10:00,1.67147,1.364239,0.907196,32.77,54.16,CleanAir,0.0,safe
4382,2024-01-01T12:10:10,1.731258,1.397707,0.950835,39.24,31.49,CleanAir,0.0,safe
4383,2024-01-01T12:10:20,0.097149,0.022933,0.163434,25.64,81.43,Propane,2409.62,unsafe
4384,2024-01-01T12:10:30,1.621755,1.312535,0.848215,12.91,72.98,CleanAir,0.0,safe
4385,2024-01-01T12:10:40,0.019214,0.17926,0.11985,25.71,83.84,Hydrogen,691.78,safe
4386,2024-01-01T12:10:50,1.685397,1.377751,0.909193,31.41,39.31,CleanAir,0.0,safe
4387,2024-01-01T12:11:00,0.782454,0.83757,0.176851,27.29,77.92,Methane,17415.88,unsafe
4388,2024-01-01T12:11:10,1.660343,1.370857,0.886766,26.17,51.36,CleanAir,0.0,safe
4389,2024-01-01T12:11:20,0.55498,0.026142,0.006431,20.8,35.33,LPG,1744.6,unsafe
4390,2024-01-01T12:11:30,1.638233,1.322372,0.835266,17.75,73.76,CleanAir,0.0,safe
4391,2024-01-01T12:11:40,1.686779,1.387806,0.917368,29.06,32.53,CleanAir,0.0,safe
4392,2024-01-01T12:11:50,0.37278,0.039174,0.016196,36.87,33.81,CO,1817.98,unsafe
4393,2024-01-01T12:12:00,1.591369,1.280268,0.805584,10.34,87.65,CleanAir,0.0,safe
4394,2024-01-01T12:12:10,0.440723,0.223131,0.151129,26.36,73.88,Hydrogen,1256.95,safe
4395,2024-01-01T12:12:20,0.649214,0.674127,0.026203,10.32,75.61,Methane,9235.78,unsafe
4396,2024-01-01T12:12:30,0.605006,0.257155,0.140884,14.54,59.73,Propane,1458.21,unsafe
4397,2024-01-01T12:12:40,0.935867,0.047386,0.019331,34.76,36.19,Propane,4276.03,unsafe
4398,2024-01-01T12:12:50,0.613308,0.032445,0.131858,11.76,38.95,LPG,2392.97,unsafe
4399,2024-01-01T12:13:00,1.656368,1.338255,0.871025,16.69,44.05,CleanAir,0.0,safe
4400,2024-01-01T12:13:10,0.820007,0.331178,0.187873,39.46,72.98,Propane,2977.67,unsafe
4401,2024-01-01T12:13:20,1.651976,1.334621,0.878343,17.72,49.66,CleanAir,0.0,safe
4402,2024-01-01T12:13:30,0.025653,0.348533,0.006473,20.79,51.04,CO,1207.16,unsafe
4403,2024-01-01T12:13:40,1.656702,1.361465,0.877893,17.37,41.64,CleanAir,0.0,safe
4404,2024-01-01T12:13:50,0.600797,0.342863,0.016275,31.19,70.33,LPG,2199.12,unsafe
4405,2024-01-01T12:14:00,0.875772,0.360595,0.019068,17.6,54.59,Propane,4081.63,unsafe
4406,2024-01-01T12:14:10,1.629612,1.345866,0.8727,16.77,50.24,CleanAir,0.0,safe
4407,2024-01-01T12:14:20,0.189528,0.122237,0.003212,17.13,52.56,CO,128.23,unsafe
4408,2024-01-01T12:14:30,0.038371,0.235497,0.151093,38.56,77.66,Smoke,722.56,unsafe
4409,2024-01-01T12:14:40,1.68529,1.382334,0.904295,37.8,53.54,CleanAir,0.0,safe
4410,2024-01-01T12:14:50,0.786784,0.320961,0.025288,25.05,41.99,Propane,2651.42,unsafe
4411,2024-01-01T12:15:00,1.686198,1.360971,0.908172,28.87,34.67,CleanAir,0.0,safe
4412,2024-01-01T12:15:10,0.625763,0.636142,0.019187,14.27,35.91,Methane,6400.24,unsafe
4413,2024-01-01T12:15:20,0.106766,0.738963,0.155638,22.34,84.21,Methane,11523.78,unsafe
4414,2024-01-01T12:15:30,1.646652,1.306969,0.855626,16.68,61.77,CleanAir,0.0,safe
4415,2024-01-01T12:15:40,0.275938,0.019453,0.094001,20.5,85.26,CO,887.08,unsafe
4416,2024-01-01T12:15:50,0.496516,0.016455,0.006581,17.48,75.18,Propane,936.22,safe
4417,2024-01-01T12:16:00,1.641823,1.316746,0.865263,38.25,88.24,CleanAir,0.0,safe
4418,2024-01-01T12:16:10,1.599135,1.282007,0.830035,10.68,79.89,CleanAir,0.0,safe
4419,2024-01-01T12:16:20,0.80408,0.876221,0.183583,14.01,35.28,Methane,17107.17,unsafe
4420,2024-01-01T12:16:30,1.628587,1.312943,0.854051,23.83,74.76,CleanAir,0.0,safe
4421,2024-01-01T12:16:40,0.05166,0.042631,0.015986,34.47,62.79,LPG,2349.66,unsafe
4422,2024-01-01T12:16:50,0.762092,0.194702,0.053849,10.11,82.28,Methane,17268.26,unsafe
4423,2024-01-01T12:17:00,0.330919,0.382827,0.115463,17.51,72.95,CO,1843.43,unsafe
4424,2024-01-01T12:17:10,0.809357,0.865345,0.061714,37.75,61.15,Methane,16756.08,unsafe
4425,2024-01-01T12:17:20,0.403225,0.218547,0.188007,23.78,45.86,Alcohol,1904.06,unsafe
4426,2024-01-01T12:17:30,0.710191,0.733847,0.158945,24.97,81.12,Methane,12485.43,unsafe
4427,2024-01-01T12:17:40,0.177368,0.18252,0.168636,20.59,62.14,Methane,14629.24,unsafe
4428,2024-01-01T12:17:50,1.63699,1.318318,0.853679,22.56,77.46,CleanAir,0.0,safe
4429,2024-01-01T12:18:00,0.32628,0.385685,0.117111,12.44,62.04,CO,1715.83,unsafe
4430,2024-01-01T12:18:10,0.34798,0.420866,0.123241,11.0,40.51,CO,1951.54,unsafe
4431,2024-01-01T12:18:20,1.691055,1.357804,0.898892,34.89,46.1,CleanAir,0.0,safe
4432,2024-01-01T12:18:30,1.664146,1.338656,0.884704,38.63,82.8,CleanAir,0.0,safe
4433,2024-01-01T12:18:40,0.786765,0.317346,0.182318,14.7,50.97,Propane,2950.16,unsafe
4434,2024-01-01T12:18:50,0.691042,0.40462,0.015987,29.44,71.73,LPG,3560.3,unsafe
4435,2024-01-01T12:19:00,0.590156,0.029347,0.220137,36.0,82.57,Hydrogen,3409.14,safe
4436,2024-01-01T12:19:10,0.743791,0.308311,0.172298,30.44,33.65,Propane,2150.36,unsafe
4437,2024-01-01T12:19:20,0.119912,0.327475,0.012801,33.81,61.3,Propane,2880.64,unsafe
4438,2024-01-01T12:19:30,1.671082,1.311289,0.854183,20.2,61.01,CleanAir,0.0,safe
4439,2024-01-01T12:19:40,1.655325,1.343861,0.877484,21.25,42.24,CleanAir,0.0,safe
4440,2024-01-01T12:19:50,1.621972,1.287536,0.835715,25.44,84.7,CleanAir,0.0,safe
4441,2024-01-01T12:20:00,0.372177,0.016265,0.170957,36.43,60.54,Alcohol,1424.59,unsafe
4442,2024-01-01T12:20:10,0.483261,0.241337,0.012781,23.54,48.57,Hydrogen,1533.8,safe
4443,2024-01-01T12:20:20,0.025872,0.198495,0.016286,19.7,60.51,Alcohol,1399.52,unsafe
4444,2024-01-01T12:20:30,1.603471,1.309215,0.843,36.27,89.45,CleanAir,0.0,safe
4445,2024-01-01T12:20:40,1.699567,1.368671,0.899194,33.09,64.12,CleanAir,0.0,safe
4446,2024-01-01T12:20:50,0.6398,0.642024,0.144447,16.47,37.19,Methane,6859.63,unsafe
4447,2024-01-01T12:21:00,1.686048,1.350954,0.88922,24.28,47.29,CleanAir,0.0,safe
4448,2024-01-01T12:21:10,0.00955,0.006547,0.06475,37.58,36.86,CO,171.71,unsafe
4449,2024-01-01T12:21:20,0.687506,0.321167,0.253125,21.9,45.63,Hydrogen,4808.44,safe
4450,2024-01-01T12:21:30,0.309045,0.022399,0.103339,22.97,37.97,CO,974.71,unsafe
4451,2024-01-01T12:21:40,0.012909,0.157012,0.092244,17.39,32.64,Alcohol,363.15,safe
4452,2024-01-01T12:21:50,0.919265,0.063918,0.029297,14.59,51.65,Propane,4666.92,unsafe
4453,2024-01-01T12:22:00,0.710102,0.046022,0.022833,14.97,64.97,LPG,4092.08,unsafe
4454,2024-01-01T12:22:10,0.031762,0.012819,0.006466,15.98,33.2,Alcohol,865.24,safe
4455,2024-01-01T12:22:20,1.669197,1.366554,0.885939,21.56,34.62,CleanAir,0.0,safe
4456,2024-01-01T12:22:30,0.758665,0.255371,0.173508,35.21,50.24,Methane,12080.64,unsafe
4457,2024-01-01T12:22:40,0.554844,0.228639,0.147137,25.03,63.5,Smoke,684.41,unsafe
4458,2024-01-01T12:22:50,1.660057,1.338624,0.850507,34.4,85.79,CleanAir,0.0,safe
4459,2024-01-01T12:23:00,1.595941,1.29447,0.839479,19.75,87.71,CleanAir,0.0,safe
4460,2024-01-01T12:23:10,0.755977,0.032211,0.170361,26.74,46.41,Propane,2300.61,unsafe
4461,2024-01-01T12:23:20,1.641417,1.323432,0.846136,12.05,64.43,CleanAir,0.0,safe
4462,2024-01-01T12:23:30,0.512274,0.223458,0.006386,13.15,38.17,Smoke,604.39,unsafe
4463,2024-01-01T12:23:40,0.312054,0.006343,0.083997,15.32,31.91,Propane,272.72,safe
4464,2024-01-01T12:23:50,1.663423,1.371197,0.901376,39.49,56.65,CleanAir,0.0,safe
4465,2024-01-01T12:24:00,1.598612,1.306939,0.825799,11.05,70.39,CleanAir,0.0,safe
4466,2024-01-01T12:24:10,1.645996,1.336217,0.847082,30.0,75.51,CleanAir,0.0,safe
4467,2024-01-01T12:24:20,1.648337,1.32558,0.849647,19.12,66.3,CleanAir,0.0,safe
4468,2024-01-01T12:24:30,0.465971,0.009756,0.006427,21.54,69.4,Smoke,512.53,unsafe
4469,2024-01-01T12:24:40,0.314432,0.155362,0.080685,18.49,68.72,Propane,294.77,safe
4470,2024-01-01T12:24:50,0.795851,0.878289,0.044219,21.49,88.07,Methane,19983.89,unsafe
4471,2024-01-01T12:25:00,0.426439,0.198609,0.101913,12.37,51.55,Propane,591.9,safe
4472,2024-01-01T12:25:10,0.031741,0.236603,0.089674,27.91,81.29,LPG,806.81,safe
4473,2024-01-01T12:25:20,1.611487,1.281194,0.82567,15.05,76.07,CleanAir,0.0,safe
4474,2024-01-01T12:25:30,1.587811,1.278502,0.811636,13.36,86.78,CleanAir,0.0,safe
4475,2024-01-01T12:25:40,0.9273,0.064321,0.210056,27.55,57.81,Propane,4524.98,unsafe
4476,2024-01-01T12:25:50,0.399289,0.22303,0.177071,31.92,55.0,Alcohol,1735.48,unsafe
4477,2024-01-01T12:26:00,0.038769,0.318227,0.116191,35.39,75.88,LPG,1642.3,unsafe
4478,2024-01-01T12:26:10,1.669743,1.321906,0.862136,10.08,37.84,CleanAir,0.0,safe
4479,2024-01-01T12:26:20,0.859324,0.0512,0.189779,10.64,38.93,Propane,3550.69,unsafe
4480,2024-01-01T12:26:30,0.771578,0.31982,0.171461,20.55,61.11,Propane,2764.29,unsafe
4481,2024-01-01T12:26:40,0.799542,0.035926,0.177266,15.74,38.34,Propane,2847.35,unsafe
4482,2024-01-01T12:26:50,0.77615,0.31507,0.168083,24.87,85.71,Propane,3040.47,unsafe
4483,2024-01-01T12:27:00,0.753383,0.430295,0.025851,28.42,50.74,LPG,4229.91,unsafe
4484,2024-01-01T12:27:10,0.211236,0.801879,0.035398,21.15,88.43,Methane,15222.35,unsafe
4485,2024-01-01T12:27:20,0.321479,0.173762,0.003278,27.59,43.53,Hydrogen,430.77,safe
4486,2024-01-01T12:27:30,0.306419,0.329199,0.106044,25.62,87.65,CO,1279.88,unsafe
4487,2024-01-01T12:27:40,0.365225,0.20994,0.003257,20.9,83.81,LPG,644.62,safe
4488,2024-01-01T12:27:50,0.323074,0.028775,0.009803,12.09,83.79,CO,1882.37,unsafe
4489,2024-01-01T12:28:00,0.060299,0.278987,0.012827,20.96,77.46,Propane,2013.25,unsafe
4490,2024-01-01T12:28:10,0.659985,0.032504,0.139079,16.81,76.44,LPG,3598.38,unsafe
4491,2024-01-01T12:28:20,0.114327,0.160525,0.171903,19.28,87.24,Methane,18869.61,unsafe
4492,2024-01-01T12:28:30,1.638292,1.340419,0.848825,33.78,80.39,CleanAir,0.0,safe
4493,2024-01-01T12:28:40,1.649832,1.37547,0.890579,12.94,33.68,CleanAir,0.0,safe
4494,2024-01-01T12:28:50,1.668916,1.398219,0.903465,32.5,35.71,CleanAir,0.0,safe
4495,2024-01-01T12:29:00,0.015765,0.259318,0.00639,28.89,61.46,CO,601.03,unsafe
4496,2024-01-01T12:29:10,0.407346,0.189777,0.100913,25.66,44.53,Smoke,319.77,unsafe
4497,2024-01-01T12:29:20,0.713883,0.051046,0.14376,12.21,53.31,LPG,4064.48,unsafe
4498,2024-01-01T12:29:30,1.653542,1.337591,0.863241,36.46,82.54,CleanAir,0.0,safe
4499,2024-01-01T12:29:40,0.215493,0.732529,0.157118,22.75,48.0,Methane,9758.6,unsafe
4500,2024-01-01T12:29:50,0.558182,0.233812,0.146752,32.63,82.16,Smoke,766.97,unsafe
4501,2024-01-01T12:30:00,0.75086,0.306034,0.160962,23.07,73.57,Propane,2611.23,unsafe
4502,2024-01-01T12:30:10,0.348401,0.193091,0.154509,22.14,82.52,Alcohol,1405.2,unsafe
4503,2024-01-01T12:30:20,1.652419,1.370842,0.884396,17.79,38.55,CleanAir,0.0,safe
4504,2024-01-01T12:30:30,1.651098,1.336399,0.841477,31.37,76.37,CleanAir,0.0,safe
4505,2024-01-01T12:30:40,0.579731,0.280199,0.204517,31.09,85.07,Hydrogen,3229.06,safe
4506,2024-01-01T12:30:50,0.410804,0.229006,0.190276,29.84,50.03,Alcohol,1969.53,unsafe
4507,2024-01-01T12:31:00,0.022902,0.009626,0.00648,14.12,59.97,Smoke,407.34,unsafe
4508,2024-01-01T12:31:10,0.544655,0.231671,0.143172,28.26,45.89,Smoke,618.82,unsafe
4509,2024-01-01T12:31:20,0.405983,0.009866,0.105814,27.48,56.91,Smoke,348.38,unsafe
4510,2024-01-01T12:31:30,1.714694,1.403917,0.919576,39.73,32.86,CleanAir,0.0,safe
4511,2024-01-01T12:31:40,0.674486,0.385194,0.13803,23.09,77.43,LPG,3656.32,unsafe
4512,2024-01-01T12:31:50,1.60433,1.304594,0.807024,12.73,82.01,CleanAir,0.0,safe
4513,2024-01-01T12:32:00,1.63006,1.344757,0.857157,16.33,46.52,CleanAir,0.0,safe
4514,2024-01-01T12:32:10,0.393691,0.218559,0.184896,21.47,58.41,Alcohol,1968.53,unsafe
4515,2024-01-01T12:32:20,0.650619,0.308049,0.239842,22.81,84.41,Hydrogen,4820.0,safe
4516,2024-01-01T12:32:30,0.521053,0.301691,0.006356,22.49,85.49,LPG,1753.07,unsafe
4517,2024-01-01T12:32:40,0.74484,0.437587,0.154888,31.2,44.82,LPG,3969.61,unsafe
4518,2024-01-01T12:32:50,1.607227,1.301368,0.835721,14.99,67.99,CleanAir,0.0,safe
4519,2024-01-01T12:33:00,0.331184,0.38945,0.109288,15.91,79.18,CO,1802.92,unsafe
4520,2024-01-01T12:33:10,0.431798,0.214347,0.146028,12.82,69.48,Hydrogen,1282.8,safe
4521,2024-01-01T12:33:20,1.6658,1.362879,0.884783,34.61,62.65,CleanAir,0.0,safe
4522,2024-01-01T12:33:30,1.663331,1.378118,0.878348,17.71,37.09,CleanAir,0.0,safe
4523,2024-01-01T12:33:40,0.787525,0.078586,0.022479,19.8,30.14,LPG,4493.65,unsafe
4524,2024-01-01T12:33:50,1.659651,1.31934,0.844036,11.25,46.22,CleanAir,0.0,safe
4525,2024-01-01T12:34:00,0.540978,0.012736,0.00646,34.63,52.04,Smoke,600.83,unsafe
4526,2024-01-01T12:34:10,0.045171,0.031833,0.114141,29.25,67.19,CO,1562.01,unsafe
4527,2024-01-01T12:34:20,1.625395,1.306659,0.831647,11.14,68.73,CleanAir,0.0,safe
4528,2024-01-01T12:34:30,0.71357,0.423527,0.019324,21.7,57.9,LPG,3782.39,unsafe
4529,2024-01-01T12:34:40,1.646672,1.36575,0.878422,15.94,37.09,CleanAir,0.0,safe
4530,2024-01-01T12:34:50,0.377858,0.210177,0.16339,37.55,82.21,Alcohol,1507.8,unsafe
4531,2024-01-01T12:35:00,0.016349,0.183312,0.100603,25.78,48.4,Smoke,291.95,unsafe
4532,2024-01-01T12:35:10,0.147119,0.025798,0.172802,24.13,30.07,Propane,2273.58,unsafe
4533,2024-01-01T12:35:20,1.660467,1.342478,0.877129,30.12,54.22,CleanAir,0.0,safe
4534,2024-01-01T12:35:30,0.712634,0.068499,0.15079,19.9,46.2,LPG,3865.83,unsafe
4535,2024-01-01T12:35:40,1.626399,1.357978,0.864047,37.86,82.21,CleanAir,0.0,safe
4536,2024-01-01T12:35:50,1.652446,1.339921,0.862694,32.07,65.68,CleanAir,0.0,safe
4537,2024-01-01T12:36:00,0.442977,0.262364,0.00646,37.89,83.07,LPG,967.54,safe
4538,2024-01-01T12:36:10,0.956175,0.051235,0.028893,17.56,32.13,Propane,4708.68,unsafe
4539,2024-01-01T12:36:20,0.261949,0.249404,0.083557,12.68,72.46,CO,642.86,unsafe
4540,2024-01-01T12:36:30,0.380044,0.176298,0.097395,25.72,45.14,Smoke,270.98,unsafe
4541,2024-01-01T12:36:40,0.076167,0.636624,0.019304,11.85,71.74,Methane,6955.36,unsafe
4542,2024-01-01T12:36:50,1.63761,1.310376,0.845952,28.69,80.91,CleanAir,0.0,safe
4543,2024-01-01T12:37:00,0.301132,0.319721,0.006436,16.8,48.71,CO,1014.48,unsafe
4544,2024-01-01T12:37:10,1.624424,1.29901,0.837397,14.38,68.61,CleanAir,0.0,safe
4545,2024-01-01T12:37:20,1.654183,1.372286,0.898086,12.63,34.99,CleanAir,0.0,safe
4546,2024-01-01T12:37:30,0.624043,0.36427,0.130673,15.13,32.48,LPG,2402.6,unsafe
4547,2024-01-01T12:37:40,0.568914,0.245694,0.159484,33.26,58.03,Smoke,746.79,unsafe
4548,2024-01-01T12:37:50,0.203037,0.627115,0.136528,11.88,78.27,Methane,7358.46,unsafe
4549,2024-01-01T12:38:00,0.342768,0.029324,0.116381,20.9,53.46,CO,1781.01,unsafe
4550,2024-01-01T12:38:10,0.830317,0.890955,0.06415,26.45,44.84,Methane,17605.02,unsafe
4551,2024-01-01T12:38:20,0.13271,0.373323,0.140169,12.37,37.91,LPG,2739.76,unsafe
4552,2024-01-01T12:38:30,0.308092,0.006344,0.08095,21.27,65.47,Propane,277.74,safe
4553,2024-01-01T12:38:40,0.045312,0.23961,0.158405,17.01,71.48,Smoke,874.01,unsafe
4554,2024-01-01T12:38:50,0.712356,0.038761,0.149608,37.96,32.99,LPG,2943.29,unsafe
4555,2024-01-01T12:39:00,0.260074,0.003197,0.067413,10.52,57.0,Smoke,147.05,unsafe
4556,2024-01-01T12:39:10,1.642219,1.338409,0.866752,11.36,50.46,CleanAir,0.0,safe
4557,2024-01-01T12:39:20,0.588152,0.236777,0.009748,21.51,77.24,Smoke,843.99,unsafe
4558,2024-01-01T12:39:30,0.177618,0.404895,0.032055,36.9,40.79,Propane,4854.08,unsafe
4559,2024-01-01T12:39:40,0.650664,0.263072,0.17596,20.7,39.64,Smoke,947.58,unsafe
4560,2024-01-01T12:39:50,0.308519,0.028646,0.10244,25.55,61.55,CO,1084.64,unsafe
4561,2024-01-01T12:40:00,1.671749,1.360354,0.880097,20.18,40.31,CleanAir,0.0,safe
4562,2024-01-01T12:40:10,1.697257,1.368602,0.886389,37.24,58.09,CleanAir,0.0,safe
4563,2024-01-01T12:40:20,0.610299,0.606719,0.139256,31.24,61.91,Methane,5471.53,unsafe
4564,2024-01-01T12:40:30,0.779919,0.835261,0.039175,29.68,49.33,Methane,13834.94,unsafe
4565,2024-01-01T12:40:40,0.153202,0.077731,0.012599,33.32,55.16,Methane,6020.3,unsafe
4566,2024-01-01T12:40:50,0.714322,0.406848,0.137474,14.3,71.51,LPG,3922.19,unsafe
4567,2024-01-01T12:41:00,1.702795,1.373276,0.874242,24.18,31.86,CleanAir,0.0,safe
4568,2024-01-01T12:41:10,1.701747,1.387495,0.929938,35.1,36.31,CleanAir,0.0,safe
4569,2024-01-01T12:41:20,1.651784,1.350743,0.880664,38.49,71.94,CleanAir,0.0,safe
4570,2024-01-01T12:41:30,0.041931,0.203541,0.168162,13.03,69.59,Alcohol,1681.29,unsafe
4571,2024-01-01T12:41:40,0.731869,0.2991,0.163343,10.74,73.22,Propane,2552.92,unsafe
4572,2024-01-01T12:41:50,0.467892,0.016291,0.006455,31.87,47.56,LPG,1021.33,unsafe
4573,2024-01-01T12:42:00,0.029155,0.0129,0.006497,36.44,47.33,Smoke,482.91,unsafe
4574,2024-01-01T12:42:10,1.679258,1.343082,0.878191,18.83,36.73,CleanAir,0.0,safe
4575,2024-01-01T12:42:20,0.039011,0.204946,0.016193,39.15,77.67,Alcohol,1301.46,unsafe
4576,2024-01-01T12:42:30,0.351273,0.399853,0.119284,35.07,59.13,CO,1578.26,unsafe
4577,2024-01-01T12:42:40,0.131051,0.035572,0.242974,22.87,44.5,Hydrogen,4138.93,safe
4578,2024-01-01T12:42:50,0.660239,0.684975,0.14881,10.03,60.7,Methane,9146.93,unsafe
4579,2024-01-01T12:43:00,0.610597,0.350808,0.126801,12.51,86.37,LPG,2887.82,unsafe
4580,2024-01-01T12:43:10,1.635213,1.352269,0.852729,12.44,40.54,CleanAir,0.0,safe
4581,2024-01-01T12:43:20,0.265841,0.00325,0.066792,33.13,56.63,Smoke,133.73,unsafe
4582,2024-01-01T12:43:30,0.603586,0.291454,0.019511,28.43,86.74,Hydrogen,3720.81,safe
4583,2024-01-01T12:43:40,0.393145,0.224762,0.013029,22.45,30.37,Alcohol,1616.21,unsafe
4584,2024-01-01T12:43:50,1.708306,1.364249,0.894887,37.87,57.34,CleanAir,0.0,safe
4585,2024-01-01T12:44:00,1.653424,1.33289,0.858168,36.28,88.2,CleanAir,0.0,safe
4586,2024-01-01T12:44:10,1.653785,1.327433,0.862404,20.83,67.23,CleanAir,0.0,safe
4587,2024-01-01T12:44:20,0.563089,0.016164,0.009702,32.74,88.74,Propane,1184.17,unsafe
4588,2024-01-01T12:44:30,0.646785,0.054544,0.136114,13.13,68.96,LPG,3220.44,unsafe
4589,2024-01-01T12:44:40,0.747918,0.03493,0.01622,38.32,35.32,Propane,2033.7,unsafe
4590,2024-01-01T12:44:50,0.353353,0.201216,0.012963,21.21,37.98,Alcohol,1087.73,unsafe
4591,2024-01-01T12:45:00,0.035122,0.211312,0.016268,17.77,77.46,Alcohol,1860.99,unsafe
4592,2024-01-01T12:45:10,1.670578,1.377597,0.880181,38.66,76.97,CleanAir,0.0,safe
4593,2024-01-01T12:45:20,0.682032,0.401003,0.141297,10.72,82.12,LPG,4223.43,unsafe
4594,2024-01-01T12:45:30,1.658019,1.35114,0.87457,33.91,70.76,CleanAir,0.0,safe
4595,2024-01-01T12:45:40,1.704774,1.39258,0.910187,27.54,30.96,CleanAir,0.0,safe
4596,2024-01-01T12:45:50,1.655832,1.347034,0.860607,37.84,73.75,CleanAir,0.0,safe
4597,2024-01-01T12:46:00,0.226674,0.18128,0.066863,10.89,47.75,CO,285.22,unsafe
4598,2024-01-01T12:46:10,1.704728,1.374741,0.912909,26.45,32.13,CleanAir,0.0,safe
4599,2024-01-01T12:46:20,1.644932,1.350207,0.858801,39.55,79.59,CleanAir,0.0,safe
4600,2024-01-01T12:46:30,0.268092,0.009719,0.098598,23.16,63.47,Alcohol,437.2,safe
4601,2024-01-01T12:46:40,0.719823,0.072082,0.148076,21.86,71.42,LPG,4347.88,unsafe
4602,2024-01-01T12:46:50,1.660712,1.367767,0.877108,28.89,65.74,CleanAir,0.0,safe
4603,2024-01-01T12:47:00,0.628228,0.044507,0.23102,27.77,72.96,Hydrogen,3966.33,safe
4604,2024-01-01T12:47:10,0.00986,0.009673,0.00323,32.29,89.85,CO,373.09,unsafe
4605,2024-01-01T12:47:20,0.029311,0.016221,0.165119,32.37,55.32,Alcohol,1365.86,unsafe
4606,2024-01-01T12:47:30,0.348968,0.40375,0.009574,34.16,40.35,CO,1520.02,unsafe
4607,2024-01-01T12:47:40,1.663139,1.325841,0.855207,38.36,85.75,CleanAir,0.0,safe
4608,2024-01-01T12:47:50,0.126118,0.248292,0.177382,31.66,86.77,Methane,19682.39,unsafe
4609,2024-01-01T12:48:00,0.39714,0.223607,0.012827,39.68,45.84,Alcohol,1568.57,unsafe
4610,2024-01-01T12:48:10,0.173652,0.003233,0.0,16.86,61.05,CO,93.38,unsafe
4611,2024-01-01T12:48:20,1.603075,1.314051,0.819778,18.14,84.87,CleanAir,0.0,safe
4612,2024-01-01T12:48:30,1.633635,1.342939,0.859558,25.62,62.76,CleanAir,0.0,safe
4613,2024-01-01T12:48:40,0.363918,0.20967,0.160179,36.78,49.6,Alcohol,1198.08,unsafe
4614,2024-01-01T12:48:50,1.66719,1.350813,0.872164,22.69,58.4,CleanAir,0.0,safe
4615,2024-01-01T12:49:00,1.706759,1.388856,0.903545,39.11,53.89,CleanAir,0.0,safe
4616,2024-01-01T12:49:10,0.064278,0.050733,0.133578,24.08,71.47,LPG,2976.42,unsafe
4617,2024-01-01T12:49:20,0.740131,0.79454,0.035948,29.26,73.86,Methane,13259.76,unsafe
4618,2024-01-01T12:49:30,0.301302,0.179073,0.003242,19.7,37.02,LPG,320.26,safe
4619,2024-01-01T12:49:40,1.694081,1.345376,0.889134,39.97,73.02,CleanAir,0.0,safe
4620,2024-01-01T12:49:50,0.473427,0.201723,0.12033,22.5,89.07,Smoke,550.77,unsafe
4621,2024-01-01T12:50:00,0.78393,0.180618,0.172378,37.11,85.44,Methane,15504.39,unsafe
4622,2024-01-01T12:50:10,0.306654,0.337205,0.006481,32.55,76.98,CO,1132.21,unsafe
4623,2024-01-01T12:50:20,1.698016,1.368093,0.891128,24.19,32.89,CleanAir,0.0,safe
4624,2024-01-01T12:50:30,1.658304,1.354011,0.870814,17.72,43.79,CleanAir,0.0,safe
4625,2024-01-01T12:50:40,1.589729,1.320333,0.819029,18.82,78.1,CleanAir,0.0,safe
4626,2024-01-01T12:50:50,1.643063,1.356824,0.851849,23.72,56.94,CleanAir,0.0,safe
4627,2024-01-01T12:51:00,0.333383,0.193794,0.146163,17.52,65.48,Alcohol,1149.46,unsafe
4628,2024-01-01T12:51:10,0.718001,0.307396,0.009664,28.86,32.56,Propane,1870.79,unsafe
4629,2024-01-01T12:51:20,0.194067,0.12013,0.057968,24.43,80.65,Alcohol,148.12,safe
4630,2024-01-01T12:51:30,1.624642,1.318354,0.846611,21.34,84.32,CleanAir,0.0,safe
4631,2024-01-01T12:51:40,1.667238,1.392505,0.886276,32.3,47.62,CleanAir,0.0,safe
4632,2024-01-01T12:51:50,0.788005,0.844423,0.170933,31.65,58.83,Methane,14182.37,unsafe
4633,2024-01-01T12:52:00,0.304449,0.342219,0.1033,18.52,75.31,CO,1254.32,unsafe
4634,2024-01-01T12:52:10,0.338286,0.193099,0.143599,21.89,58.51,Alcohol,1035.49,unsafe
4635,2024-01-01T12:52:20,0.523167,0.227578,0.137278,39.42,64.53,Smoke,581.48,unsafe
4636,2024-01-01T12:52:30,0.032297,0.215467,0.009574,22.57,70.56,Hydrogen,1120.07,safe
4637,2024-01-01T12:52:40,1.60344,1.314677,0.857616,20.77,75.31,CleanAir,0.0,safe
4638,2024-01-01T12:52:50,1.654141,1.366729,0.883614,39.09,67.8,CleanAir,0.0,safe
4639,2024-01-01T12:53:00,0.289562,0.294766,0.097256,13.73,38.27,CO,814.54,unsafe
4640,2024-01-01T12:53:10,1.642325,1.337723,0.847846,20.03,62.77,CleanAir,0.0,safe
4641,2024-01-01T12:53:20,0.528744,0.261704,0.184227,25.14,82.12,Hydrogen,2374.77,safe
4642,2024-01-01T12:53:30,0.469738,0.009679,0.122938,11.81,70.4,Smoke,533.07,unsafe
4643,2024-01-01T12:53:40,1.625273,1.318563,0.864947,32.2,69.66,CleanAir,0.0,safe
4644,2024-01-01T12:53:50,0.366645,0.039101,0.124078,39.59,51.51,CO,1766.97,unsafe
4645,2024-01-01T12:54:00,0.301424,0.163884,0.096487,30.07,42.39,Hydrogen,341.81,safe
4646,2024-01-01T12:54:10,1.632322,1.322044,0.816486,16.2,81.37,CleanAir,0.0,safe
4647,2024-01-01T12:54:20,0.357985,0.426985,0.012547,18.87,30.68,CO,1781.04,unsafe
4648,2024-01-01T12:54:30,0.349525,0.196409,0.146757,11.3,36.5,Alcohol,1077.33,unsafe
4649,2024-01-01T12:54:40,0.016049,0.009678,0.103042,32.2,74.27,Hydrogen,433.22,safe
4650,2024-01-01T12:54:50,1.63712,1.3618,0.866061,36.76,69.99,CleanAir,0.0,safe
4651,2024-01-01T12:55:00,0.01942,0.009647,0.125235,21.31,40.91,Alcohol,719.64,safe
4652,2024-01-01T12:55:10,0.395483,0.022863,0.180105,33.69,84.94,Alcohol,1909.73,unsafe
4653,2024-01-01T12:55:20,0.824757,0.902119,0.025681,19.72,48.16,Methane,19496.02,unsafe
4654,2024-01-01T12:55:30,1.65515,1.311442,0.849675,15.12,61.35,CleanAir,0.0,safe
4655,2024-01-01T12:55:40,1.654012,1.333751,0.846773,14.53,53.89,CleanAir,0.0,safe
4656,2024-01-01T12:55:50,1.693184,1.393545,0.8978,30.45,39.83,CleanAir,0.0,safe
4657,2024-01-01T12:56:00,1.664675,1.347615,0.885671,25.76,45.43,CleanAir,0.0,safe
4658,2024-01-01T12:56:10,1.628541,1.36653,0.878373,22.58,46.17,CleanAir,0.0,safe
4659,2024-01-01T12:56:20,0.748951,0.271093,0.164277,23.8,87.85,Methane,14582.12,unsafe
4660,2024-01-01T12:56:30,1.632978,1.344488,0.854618,20.6,59.39,CleanAir,0.0,safe
4661,2024-01-01T12:56:40,0.064686,0.042077,0.134312,15.49,81.99,LPG,3645.34,unsafe
4662,2024-01-01T12:56:50,0.750986,0.441208,0.019198,15.25,64.7,LPG,4878.53,unsafe
4663,2024-01-01T12:57:00,1.660853,1.347308,0.890686,22.58,44.25,CleanAir,0.0,safe
4664,2024-01-01T12:57:10,0.560585,0.31722,0.119267,21.93,68.38,LPG,1941.19,unsafe
4665,2024-01-01T12:57:20,1.672836,1.377789,0.895462,36.66,61.3,CleanAir,0.0,safe
4666,2024-01-01T12:57:30,0.474186,0.230849,0.009642,12.55,84.62,Hydrogen,1779.72,safe
4667,2024-01-01T12:57:40,1.660297,1.342114,0.868885,29.88,67.52,CleanAir,0.0,safe
4668,2024-01-01T12:57:50,0.301308,0.025661,0.006494,14.03,44.55,CO,958.43,unsafe
4669,2024-01-01T12:58:00,1.650009,1.364928,0.879285,12.3,31.99,CleanAir,0.0,safe
4670,2024-01-01T12:58:10,1.686751,1.377761,0.888942,36.72,44.9,CleanAir,0.0,safe
4671,2024-01-01T12:58:20,1.624225,1.370303,0.862994,15.89,51.8,CleanAir,0.0,safe
4672,2024-01-01T12:58:30,0.427617,0.190103,0.108847,34.11,65.22,Smoke,365.9,unsafe
4673,2024-01-01T12:58:40,0.009658,0.174805,0.003238,31.12,75.48,CO,275.91,unsafe
4674,2024-01-01T12:58:50,1.67705,1.344287,0.875783,21.75,62.09,CleanAir,0.0,safe
4675,2024-01-01T12:59:00,1.677737,1.411538,0.907185,34.11,46.08,CleanAir,0.0,safe
4676,2024-01-01T12:59:10,0.633503,0.319563,0.238439,12.9,50.13,Hydrogen,4283.63,safe
4677,2024-01-01T12:59:20,0.012909,0.210588,0.075771,12.55,73.97,CO,441.27,unsafe
4678,2024-01-01T12:59:30,0.077296,0.455473,0.157075,27.29,33.66,LPG,3984.4,unsafe
4679,2024-01-01T12:59:40,1.708584,1.37405,0.899052,39.13,56.29,CleanAir,0.0,safe
4680,2024-01-01T12:59:50,0.598493,0.256704,0.163252,37.47,37.14,Smoke,707.95,unsafe
4681,2024-01-01T13:00:00,0.926535,0.376227,0.203787,37.43,60.86,Propane,3879.22,unsafe
4682,2024-01-01T13:00:10,0.578587,0.336943,0.123709,39.16,83.33,LPG,1966.91,unsafe
4683,2024-01-01T13:00:20,0.299317,0.022404,0.096428,20.52,44.53,CO,843.1,unsafe
4684,2024-01-01T13:00:30,1.629581,1.366729,0.856193,26.32,62.42,CleanAir,0.0,safe
4685,2024-01-01T13:00:40,0.204547,0.131398,0.025893,37.19,85.43,Methane,17015.94,unsafe
4686,2024-01-01T13:00:50,1.643992,1.373769,0.881684,14.29,32.11,CleanAir,0.0,safe
4687,2024-01-01T13:01:00,1.612514,1.322324,0.829285,25.88,89.14,CleanAir,0.0,safe
4688,2024-01-01T13:01:10,0.557902,0.280255,0.019902,10.67,53.09,Hydrogen,2693.98,safe
4689,2024-01-01T13:01:20,0.679346,0.323334,0.252018,35.83,71.97,Hydrogen,4827.18,safe
4690,2024-01-01T13:01:30,1.676547,1.370708,0.870662,11.49,39.72,CleanAir,0.0,safe
4691,2024-01-01T13:01:40,0.493466,0.254484,0.176178,36.73,42.61,Hydrogen,1456.15,safe
4692,2024-01-01T13:01:50,1.618207,1.302501,0.839402,26.07,88.52,CleanAir,0.0,safe
4693,2024-01-01T13:02:00,0.099677,0.34732,0.029097,28.73,72.53,Propane,3532.97,unsafe
4694,2024-01-01T13:02:10,1.638492,1.34258,0.846019,11.15,56.31,CleanAir,0.0,safe
4695,2024-01-01T13:02:20,1.652844,1.32122,0.854334,12.76,57.44,CleanAir,0.0,safe
4696,2024-01-01T13:02:30,1.638368,1.352903,0.871245,33.69,65.98,CleanAir,0.0,safe
4697,2024-01-01T13:02:40,0.725367,0.414522,0.146361,25.45,87.26,LPG,4535.01,unsafe
4698,2024-01-01T13:02:50,0.554203,0.271832,0.197221,17.99,64.59,Hydrogen,2633.84,safe
4699,2024-01-01T13:03:00,0.506102,0.019843,0.11371,36.27,38.77,LPG,1125.59,unsafe
4700,2024-01-01T13:03:10,0.427932,0.229893,0.016127,28.76,65.31,Alcohol,2473.86,unsafe
4701,2024-01-01T13:03:20,0.038795,0.019628,0.009808,18.09,33.6,LPG,1132.12,unsafe
4702,2024-01-01T13:03:30,0.887442,0.356932,0.193249,14.98,81.16,Propane,4438.64,unsafe
4703,2024-01-01T13:03:40,0.388836,0.186457,0.003197,37.2,39.08,Propane,373.16,safe
4704,2024-01-01T13:03:50,0.544932,0.321919,0.006372,24.57,67.99,LPG,1753.0,unsafe
4705,2024-01-01T13:04:00,1.729174,1.386563,0.891853,38.73,44.19,CleanAir,0.0,safe
4706,2024-01-01T13:04:10,1.618545,1.333928,0.836064,12.13,70.58,CleanAir,0.0,safe
4707,2024-01-01T13:04:20,1.686934,1.365485,0.861828,37.9,73.72,CleanAir,0.0,safe
4708,2024-01-01T13:04:30,0.048404,0.2643,0.012838,31.44,45.96,Smoke,873.34,unsafe
4709,2024-01-01T13:04:40,0.025657,0.287743,0.003223,14.25,65.35,CO,828.25,unsafe
4710,2024-01-01T13:04:50,0.3888,0.216183,0.016148,11.1,55.91,Alcohol,1888.2,unsafe
4711,2024-01-01T13:05:00,0.100044,0.606102,0.131087,13.84,74.92,Methane,6598.74,unsafe
4712,2024-01-01T13:05:10,0.009626,0.006355,0.076736,31.17,61.2,Propane,221.84,safe
4713,2024-01-01T13:05:20,1.675411,1.388406,0.88796,35.27,42.35,CleanAir,0.0,safe
4714,2024-01-01T13:05:30,0.942934,0.051314,0.019327,26.08,58.02,Propane,4642.59,unsafe
4715,2024-01-01T13:05:40,1.694908,1.374245,0.912797,37.4,48.25,CleanAir,0.0,safe
4716,2024-01-01T13:05:50,1.665859,1.315469,0.851898,30.74,81.67,CleanAir,0.0,safe
4717,2024-01-01T13:06:00,0.201533,0.705188,0.151683,32.91,70.34,Methane,8830.23,unsafe
4718,2024-01-01T13:06:10,0.724919,0.413526,0.14661,18.16,30.66,LPG,3370.89,unsafe
4719,2024-01-01T13:06:20,1.714041,1.392318,0.915856,39.22,32.79,CleanAir,0.0,safe
4720,2024-01-01T13:06:30,1.720542,1.360013,0.901171,33.16,38.43,CleanAir,0.0,safe
4721,2024-01-01T13:06:40,1.704243,1.330073,0.880292,23.9,44.9,CleanAir,0.0,safe
4722,2024-01-01T13:06:50,0.503401,0.214111,0.006722,32.63,85.8,Smoke,578.43,unsafe
4723,2024-01-01T13:07:00,0.04523,0.019578,0.016216,13.2,60.88,Alcohol,1376.12,unsafe
4724,2024-01-01T13:07:10,0.192103,0.003231,0.04893,11.42,67.65,Smoke,79.61,unsafe
4725,2024-01-01T13:07:20,0.364741,0.201686,0.009522,33.43,51.62,Alcohol,1140.98,unsafe
4726,2024-01-01T13:07:30,0.574045,0.282189,0.205778,37.11,75.61,Hydrogen,2748.66,safe
4727,2024-01-01T13:07:40,0.064899,0.047969,0.022536,25.23,30.76,Hydrogen,3920.01,safe
4728,2024-01-01T13:07:50,0.644449,0.266917,0.171778,23.84,49.92,Smoke,975.15,unsafe
4729,2024-01-01T13:08:00,1.588469,1.293372,0.804681,15.06,87.75,CleanAir,0.0,safe
4730,2024-01-01T13:08:10,0.64062,0.025715,0.239442,18.71,46.29,Hydrogen,4091.72,safe
4731,2024-01-01T13:08:20,1.662048,1.335362,0.854413,25.07,66.07,CleanAir,0.0,safe
4732,2024-01-01T13:08:30,0.026397,0.345705,0.103357,15.54,71.47,CO,1303.07,unsafe
4733,2024-01-01T13:08:40,0.77737,0.829896,0.054807,25.07,74.8,Methane,15842.28,unsafe
4734,2024-01-01T13:08:50,1.676579,1.36339,0.865504,39.72,88.37,CleanAir,0.0,safe
4735,2024-01-01T13:09:00,0.354397,0.048686,0.124837,36.36,62.33,CO,1841.71,unsafe
4736,2024-01-01T13:09:10,1.624723,1.356795,0.856342,21.3,60.61,CleanAir,0.0,safe
4737,2024-01-01T13:09:20,0.57052,0.342368,0.123331,34.08,62.0,LPG,1909.21,unsafe
4738,2024-01-01T13:09:30,1.67981,1.36406,0.871279,31.02,62.38,CleanAir,0.0,safe
4739,2024-01-01T13:09:40,0.206593,0.003257,0.055295,21.05,76.01,Smoke,93.66,unsafe
4740,2024-01-01T13:09:50,1.578836,1.323563,0.816565,15.51,80.85,CleanAir,0.0,safe
4741,2024-01-01T13:10:00,0.259129,0.255494,0.003159,11.78,74.24,CO,648.24,unsafe
4742,2024-01-01T13:10:10,1.613987,1.309502,0.830462,18.38,79.94,CleanAir,0.0,safe
4743,2024-01-01T13:10:20,1.665313,1.368153,0.885148,21.94,42.72,CleanAir,0.0,safe
4744,2024-01-01T13:10:30,0.587222,0.032041,0.12323,24.64,72.96,LPG,2220.71,unsafe
4745,2024-01-01T13:10:40,1.70146,1.353119,0.881227,17.52,30.02,CleanAir,0.0,safe
4746,2024-01-01T13:10:50,0.316506,0.315089,0.103357,27.89,39.85,CO,883.81,unsafe
4747,2024-01-01T13:11:00,0.761719,0.293834,0.171485,22.56,72.18,Methane,15238.15,unsafe
4748,2024-01-01T13:11:10,1.638999,1.323358,0.847752,22.33,75.38,CleanAir,0.0,safe
4749,2024-01-01T13:11:20,1.62995,1.334011,0.837485,15.59,67.54,CleanAir,0.0,safe
4750,2024-01-01T13:11:30,1.672446,1.366732,0.899444,19.57,31.08,CleanAir,0.0,safe
4751,2024-01-01T13:11:40,1.695224,1.421173,0.924318,39.08,32.05,CleanAir,0.0,safe
4752,2024-01-01T13:11:50,1.666971,1.389555,0.90179,26.66,42.53,CleanAir,0.0,safe
4753,2024-01-01T13:12:00,0.853179,0.358863,0.022169,30.29,47.03,Propane,3270.94,unsafe
4754,2024-01-01T13:12:10,1.619783,1.306943,0.843074,19.52,85.56,CleanAir,0.0,safe
4755,2024-01-01T13:12:20,0.258009,0.22808,0.080702,24.52,36.49,CO,399.69,unsafe
4756,2024-01-01T13:12:30,1.67434,1.349952,0.85272,21.49,61.3,CleanAir,0.0,safe
4757,2024-01-01T13:12:40,1.64767,1.331181,0.834005,17.46,79.35,CleanAir,0.0,safe
4758,2024-01-01T13:12:50,0.096142,0.364357,0.197771,36.02,71.98,Propane,3911.19,unsafe
4759,2024-01-01T13:13:00,0.761939,0.43116,0.019158,18.15,58.7,LPG,4425.71,unsafe
4760,2024-01-01T13:13:10,1.630176,1.340369,0.8716,26.07,73.25,CleanAir,0.0,safe
4761,2024-01-01T13:13:20,0.30168,0.292919,0.095519,34.93,38.77,CO,697.49,unsafe
4762,2024-01-01T13:13:30,1.690106,1.392434,0.88104,35.57,55.93,CleanAir,0.0,safe
4763,2024-01-01T13:13:40,1.652039,1.351715,0.861996,22.75,49.89,CleanAir,0.0,safe
4764,2024-01-01T13:13:50,1.667598,1.349995,0.871743,25.33,47.7,CleanAir,0.0,safe
4765,2024-01-01T13:14:00,0.24234,0.009643,0.077126,28.25,80.98,CO,439.85,unsafe
4766,2024-01-01T13:14:10,0.01313,0.154324,0.080083,14.73,53.09,Smoke,204.69,unsafe
4767,2024-01-01T13:14:20,0.500381,0.215935,0.130996,30.26,75.65,Smoke,542.48,unsafe
4768,2024-01-01T13:14:30,1.68314,1.355703,0.889944,24.57,36.0,CleanAir,0.0,safe
4769,2024-01-01T13:14:40,1.670545,1.374926,0.904698,28.52,39.92,CleanAir,0.0,safe
4770,2024-01-01T13:14:50,1.570244,1.316656,0.825302,12.11,76.71,CleanAir,0.0,safe
4771,2024-01-01T13:15:00,1.619827,1.323567,0.854209,22.21,73.04,CleanAir,0.0,safe
4772,2024-01-01T13:15:10,0.016075,0.181963,0.126638,25.92,56.68,Alcohol,731.93,safe
4773,2024-01-01T13:15:20,1.655773,1.387017,0.899944,32.49,48.1,CleanAir,0.0,safe
4774,2024-01-01T13:15:30,1.712673,1.382599,0.889957,34.34,52.6,CleanAir,0.0,safe
4775,2024-01-01T13:15:40,1.733801,1.398582,0.929542,28.8,30.93,CleanAir,0.0,safe
4776,2024-01-01T13:15:50,1.673417,1.35607,0.885704,19.24,44.62,CleanAir,0.0,safe
4777,2024-01-01T13:16:00,1.577366,1.325773,0.85371,12.13,72.47,CleanAir,0.0,safe
4778,2024-01-01T13:16:10,1.684078,1.351923,0.869549,12.21,41.3,CleanAir,0.0,safe
4779,2024-01-01T13:16:20,0.323231,0.186191,0.009582,35.04,69.42,Alcohol,790.6,safe
4780,2024-01-01T13:16:30,0.651417,0.313231,0.032366,19.32,79.38,Hydrogen,4988.33,safe
4781,2024-01-01T13:16:40,1.632596,1.35303,0.885121,36.1,74.58,CleanAir,0.0,safe
4782,2024-01-01T13:16:50,1.664525,1.380839,0.892564,35.89,57.89,CleanAir,0.0,safe
4783,2024-01-01T13:17:00,1.661045,1.347909,0.865934,23.04,51.25,CleanAir,0.0,safe
4784,2024-01-01T13:17:10,0.019183,0.182932,0.114515,21.4,41.14,Hydrogen,525.35,safe
4785,2024-01-01T13:17:20,0.009637,0.006351,0.074098,23.79,75.4,Smoke,172.14,unsafe
4786,2024-01-01T13:17:30,1.707622,1.360337,0.886216,29.4,51.55,CleanAir,0.0,safe
4787,2024-01-01T13:17:40,0.834838,0.049534,0.028839,24.01,87.71,Propane,3563.36,unsafe
4788,2024-01-01T13:17:50,0.452726,0.229174,0.159244,37.94,86.62,Hydrogen,1360.16,safe
4789,2024-01-01T13:18:00,1.645537,1.343011,0.872503,26.67,67.69,CleanAir,0.0,safe
4790,2024-01-01T13:18:10,1.717423,1.369908,0.922721,37.94,55.19,CleanAir,0.0,safe
4791,2024-01-01T13:18:20,0.602915,0.296363,0.016258,20.9,50.91,Hydrogen,3190.82,safe
4792,2024-01-01T13:18:30,0.369775,0.179816,0.095905,25.74,35.0,Smoke,251.68,unsafe
4793,2024-01-01T13:18:40,0.591386,0.242828,0.160793,25.72,75.23,Smoke,839.25,unsafe
4794,2024-01-01T13:18:50,0.144664,0.293096,0.216465,18.67,69.05,Hydrogen,3784.7,safe
4795,2024-01-01T13:19:00,0.346698,0.378373,0.117129,34.02,44.99,CO,1341.04,unsafe
4796,2024-01-01T13:19:10,0.576833,0.244076,0.153489,39.58,79.62,Smoke,726.44,unsafe
4797,2024-01-01T13:19:20,0.364356,0.187128,0.123954,22.46,87.13,Hydrogen,806.73,safe
4798,2024-01-01T13:19:30,1.69337,1.358515,0.89866,34.24,63.82,CleanAir,0.0,safe
4799,2024-01-01T13:19:40,0.790545,0.461255,0.16389,36.79,59.36,LPG,4600.12,unsafe
4800,2024-01-01T13:19:50,0.668246,0.035177,0.137523,31.28,85.91,LPG,3297.68,unsafe
4801,2024-01-01T13:20:00,1.711477,1.33119,0.890508,20.66,54.4,CleanAir,0.0,safe
4802,2024-01-01T13:20:10,0.38094,0.012867,0.092264,39.2,35.85,LPG,515.2,safe
4803,2024-01-01T13:20:20,0.336088,0.131621,0.179897,24.29,53.62,Methane,16891.21,unsafe
4804,2024-01-01T13:20:30,0.72546,0.421601,0.012859,15.42,43.08,LPG,3953.27,unsafe
4805,2024-01-01T13:20:40,0.747683,0.788796,0.035534,10.95,74.42,Methane,15248.92,unsafe
4806,2024-01-01T13:20:50,1.633777,1.30484,0.861038,21.84,74.82,CleanAir,0.0,safe
4807,2024-01-01T13:21:00,0.129061,0.032608,0.204055,15.25,46.21,Propane,4074.96,unsafe
4808,2024-01-01T13:21:10,0.340654,0.368233,0.116452,32.31,32.94,CO,1134.7,unsafe
4809,2024-01-01T13:21:20,1.686302,1.35916,0.89275,19.92,37.46,CleanAir,0.0,safe
4810,2024-01-01T13:21:30,0.120233,0.829824,0.026253,10.72,30.16,Methane,15706.08,unsafe
4811,2024-01-01T13:21:40,0.067459,0.330424,0.255246,23.74,32.12,Hydrogen,4177.97,safe
4812,2024-01-01T13:21:50,0.006412,0.156573,0.064308,16.39,74.64,CO,224.39,unsafe
4813,2024-01-01T13:22:00,0.8326,0.332949,0.022587,16.39,64.72,Propane,3365.82,unsafe
4814,2024-01-01T13:22:10,0.148519,0.055077,0.250792,26.66,75.7,Hydrogen,4865.52,safe
4815,2024-01-01T13:22:20,1.642305,1.314872,0.85456,13.33,67.4,CleanAir,0.0,safe
4816,2024-01-01T13:22:30,0.006431,0.006426,0.063645,31.76,63.53,CO,171.22,unsafe
4817,2024-01-01T13:22:40,1.617955,1.303964,0.845014,19.2,81.98,CleanAir,0.0,safe
4818,2024-01-01T13:22:50,0.507206,0.220376,0.136883,36.27,53.12,Smoke,514.04,unsafe
4819,2024-01-01T13:23:00,0.388846,0.179108,0.100871,23.6,48.18,Smoke,289.67,unsafe
4820,2024-01-01T13:23:10,0.450668,0.016505,0.103354,17.74,43.96,LPG,942.08,safe
4821,2024-01-01T13:23:20,1.680444,1.346112,0.899892,31.89,65.71,CleanAir,0.0,safe
4822,2024-01-01T13:23:30,0.727955,0.292109,0.165558,12.73,59.37,Propane,2317.14,unsafe
4823,2024-01-01T13:23:40,1.712326,1.361085,0.901161,21.45,50.04,CleanAir,0.0,safe
4824,2024-01-01T13:23:50,1.65897,1.364794,0.89008,31.71,69.01,CleanAir,0.0,safe
4825,2024-01-01T13:24:00,0.656016,0.154655,0.144449,13.57,51.9,Methane,7196.48,unsafe
4826,2024-01-01T13:24:10,0.100894,0.397617,0.146241,22.68,74.1,LPG,3799.36,unsafe
4827,2024-01-01T13:24:20,1.665335,1.341147,0.90063,13.8,37.11,CleanAir,0.0,safe
4828,2024-01-01T13:24:30,0.144319,0.391415,0.019677,36.13,46.65,Propane,4393.99,unsafe
4829,2024-01-01T13:24:40,1.629656,1.335073,0.860963,13.42,52.4,CleanAir,0.0,safe
4830,2024-01-01T13:24:50,0.572395,0.016355,0.158754,34.92,55.08,Smoke,696.58,unsafe
4831,2024-01-01T13:25:00,0.089572,0.058159,0.156212,24.34,71.71,LPG,4652.21,unsafe
4832,2024-01-01T13:25:10,1.669053,1.355525,0.869108,24.17,64.27,CleanAir,0.0,safe
4833,2024-01-01T13:25:20,1.655616,1.309321,0.874932,16.3,56.31,CleanAir,0.0,safe
4834,2024-01-01T13:25:30,0.012963,0.006524,0.090135,25.27,76.65,Hydrogen,319.04,safe
4835,2024-01-01T13:25:40,1.646284,1.355203,0.886918,30.94,65.15,CleanAir,0.0,safe
4836,2024-01-01T13:25:50,0.642271,0.03248,0.135344,15.16,45.88,LPG,2682.05,unsafe
4837,2024-01-01T13:26:00,0.602338,0.337792,0.012952,32.73,85.18,LPG,2363.19,unsafe
4838,2024-01-01T13:26:10,0.330581,0.03217,0.111593,15.88,51.78,CO,1490.06,unsafe
4839,2024-01-01T13:26:20,1.681776,1.359617,0.892317,21.2,41.55,CleanAir,0.0,safe
4840,2024-01-01T13:26:30,1.684132,1.372403,0.892229,23.12,40.21,CleanAir,0.0,safe
4841,2024-01-01T13:26:40,1.69409,1.35492,0.91693,35.12,54.0,CleanAir,0.0,safe
4842,2024-01-01T13:26:50,1.626224,1.289919,0.823327,12.45,87.04,CleanAir,0.0,safe
4843,2024-01-01T13:27:00,0.055636,0.032342,0.223631,39.96,52.76,Hydrogen,2873.84,safe
4844,2024-01-01T13:27:10,0.674304,0.391839,0.143192,38.55,80.3,LPG,3179.25,unsafe
4845,2024-01-01T13:27:20,1.650224,1.353016,0.865544,22.2,63.62,CleanAir,0.0,safe
4846,2024-01-01T13:27:30,0.511316,0.218399,0.142927,33.23,88.42,Smoke,637.35,unsafe
4847,2024-01-01T13:27:40,0.044451,0.254454,0.139427,38.06,79.98,Propane,1283.22,unsafe
4848,2024-01-01T13:27:50,1.650777,1.332857,0.874429,25.08,68.08,CleanAir,0.0,safe
4849,2024-01-01T13:28:00,0.158175,0.0,0.0,37.1,53.25,CO,44.17,safe
4850,2024-01-01T13:28:10,0.34046,0.035244,0.121902,21.91,34.7,CO,1496.35,unsafe
4851,2024-01-01T13:28:20,1.626203,1.308147,0.852129,21.16,85.31,CleanAir,0.0,safe
4852,2024-01-01T13:28:30,0.351668,0.19933,0.013019,24.21,82.44,Alcohol,1379.46,unsafe
4853,2024-01-01T13:28:40,0.626797,0.262533,0.012818,24.45,81.7,Propane,1613.92,unsafe
4854,2024-01-01T13:28:50,1.670397,1.400337,0.926574,30.68,33.89,CleanAir,0.0,safe
4855,2024-01-01T13:29:00,1.686101,1.367261,0.903949,31.8,52.02,CleanAir,0.0,safe
4856,2024-01-01T13:29:10,1.705148,1.372258,0.933944,34.89,51.13,CleanAir,0.0,safe
4857,2024-01-01T13:29:20,1.628615,1.329746,0.846998,23.92,89.81,CleanAir,0.0,safe
4858,2024-01-01T13:29:30,0.461484,0.227941,0.168287,11.48,88.06,Hydrogen,1840.75,safe
4859,2024-01-01T13:29:40,1.681753,1.390975,0.918239,21.27,31.81,CleanAir,0.0,safe
4860,2024-01-01T13:29:50,1.647626,1.343904,0.864071,14.19,51.13,CleanAir,0.0,safe
4861,2024-01-01T13:30:00,1.668848,1.337982,0.894984,28.2,63.78,CleanAir,0.0,safe
4862,2024-01-01T13:30:10,0.006416,0.123251,0.003199,12.53,33.17,Alcohol,146.33,safe
4863,2024-01-01T13:30:20,0.052512,0.025549,0.124094,24.11,58.28,LPG,1730.14,unsafe
4864,2024-01-01T13:30:30,1.6358,1.372672,0.905473,25.97,56.27,CleanAir,0.0,safe
4865,2024-01-01T13:30:40,0.214975,0.153147,0.063652,20.85,58.79,CO,196.58,unsafe
4866,2024-01-01T13:30:50,0.361068,0.171853,0.096101,33.57,62.2,Smoke,257.34,unsafe
4867,2024-01-01T13:31:00,0.012939,0.006437,0.006403,28.74,84.4,Alcohol,411.75,safe
4868,2024-01-01T13:31:10,1.613786,1.311392,0.868411,19.07,73.67,CleanAir,0.0,safe
4869,2024-01-01T13:31:20,1.630561,1.311447,0.870172,13.98,58.67,CleanAir,0.0,safe
4870,2024-01-01T13:31:30,0.264137,0.151991,0.101174,12.68,86.66,Alcohol,546.94,safe
4871,2024-01-01T13:31:40,1.626978,1.286045,0.852371,19.69,86.06,CleanAir,0.0,safe
4872,2024-01-01T13:31:50,1.62656,1.30116,0.877891,23.31,81.5,CleanAir,0.0,safe
4873,2024-01-01T13:32:00,0.746442,0.05202,0.163504,35.8,81.06,LPG,4671.3,unsafe
4874,2024-01-01T13:32:10,0.648804,0.265847,0.179918,27.42,52.63,Smoke,981.94,unsafe
4875,2024-01-01T13:32:20,1.687545,1.369886,0.905125,16.54,34.2,CleanAir,0.0,safe
4876,2024-01-01T13:32:30,1.643492,1.303241,0.893247,36.72,85.72,CleanAir,0.0,safe
4877,2024-01-01T13:32:40,0.089634,0.753791,0.172482,21.72,30.9,Methane,9604.37,unsafe
4878,2024-01-01T13:32:50,0.987017,0.373292,0.303581,32.8,77.23,Smoke,3194.17,unsafe
4879,2024-01-01T13:33:00,0.574746,0.235601,0.157869,30.51,88.96,Smoke,816.54,unsafe
4880,2024-01-01T13:33:10,0.696142,0.713079,0.03198,23.19,67.93,Methane,10049.64,unsafe
4881,2024-01-01T13:33:20,0.297268,0.00963,0.120641,34.58,59.9,Alcohol,581.78,safe
4882,2024-01-01T13:33:30,1.654266,1.347354,0.878765,22.28,59.71,CleanAir,0.0,safe
4883,2024-01-01T13:33:40,1.622879,1.327003,0.889232,24.27,76.9,CleanAir,0.0,safe
4884,2024-01-01T13:33:50,0.27115,0.161115,0.100139,35.24,38.76,Alcohol,338.72,safe
4885,2024-01-01T13:34:00,0.166293,0.317488,0.255745,21.7,47.51,Hydrogen,4321.03,safe
4886,2024-01-01T13:34:10,0.029037,0.022407,0.186026,39.26,65.08,Alcohol,1663.92,unsafe
4887,2024-01-01T13:34:20,1.677686,1.338507,0.912423,38.77,64.43,CleanAir,0.0,safe
4888,2024-01-01T13:34:30,0.101996,0.786368,0.054999,26.31,79.93,Methane,14279.55,unsafe
4889,2024-01-01T13:34:40,1.698594,1.390278,0.91271,35.5,55.39,CleanAir,0.0,safe
4890,2024-01-01T13:34:50,1.68195,1.356108,0.900712,15.15,33.54,CleanAir,0.0,safe
4891,2024-01-01T13:35:00,1.639286,1.318812,0.895261,37.8,89.79,CleanAir,0.0,safe
4892,2024-01-01T13:35:10,0.362858,0.209902,0.087902,17.01,59.63,LPG,565.76,safe
4893,2024-01-01T13:35:20,0.201763,0.844098,0.179546,20.94,86.58,Methane,18035.92,unsafe
4894,2024-01-01T13:35:30,0.393361,0.006325,0.10896,32.99,76.23,Smoke,331.9,unsafe
4895,2024-01-01T13:35:40,0.300299,0.315097,0.009687,29.97,72.12,CO,946.82,unsafe
4896,2024-01-01T13:35:50,0.141216,0.063415,0.037993,26.81,32.29,CO,27.25,safe
4897,2024-01-01T13:36:00,0.738114,0.12025,0.170936,39.47,76.1,Methane,10939.91,unsafe
4898,2024-01-01T13:36:10,0.756866,0.316752,0.173185,26.11,48.23,Propane,2239.0,unsafe
4899,2024-01-01T13:36:20,0.626923,0.016395,0.173487,17.58,55.21,Smoke,940.59,unsafe
4900,2024-01-01T13:36:30,0.041381,0.41202,0.123328,26.79,51.65,CO,1705.63,unsafe
4901,2024-01-01T13:36:40,0.908686,0.048589,0.204213,22.96,86.15,Propane,4734.43,unsafe
4902,2024-01-01T13:36:50,1.672752,1.399008,0.913277,21.78,31.88,CleanAir,0.0,safe
4903,2024-01-01T13:37:00,1.628579,1.325479,0.876569,26.57,82.97,CleanAir,0.0,safe
4904,2024-01-01T13:37:10,0.29542,0.171253,0.116911,39.61,89.07,Alcohol,610.86,safe
4905,2024-01-01T13:37:20,1.617577,1.285191,0.839949,13.02,79.36,CleanAir,0.0,safe
4906,2024-01-01T13:37:30,0.511727,0.012996,0.136975,11.56,80.15,Smoke,670.27,unsafe
4907,2024-01-01T13:37:40,1.61048,1.302421,0.85233,10.04,75.63,CleanAir,0.0,safe
4908,2024-01-01T13:37:50,0.428559,0.012829,0.155479,13.19,72.04,Hydrogen,1319.62,safe
4909,2024-01-01T13:38:00,0.258774,0.137777,0.067123,37.56,50.5,Smoke,117.73,unsafe
4910,2024-01-01T13:38:10,0.078247,0.39,0.143617,32.09,80.52,LPG,3093.0,unsafe
4911,2024-01-01T13:38:20,1.674507,1.320728,0.874523,25.5,61.6,CleanAir,0.0,safe
4912,2024-01-01T13:38:30,0.695386,0.337874,0.267962,32.97,36.71,Hydrogen,4451.6,safe
4913,2024-01-01T13:38:40,0.57297,0.323386,0.12566,23.16,34.54,LPG,1606.61,unsafe
4914,2024-01-01T13:38:50,0.045451,0.322175,0.121061,18.06,74.55,LPG,2008.4,unsafe
4915,2024-01-01T13:39:00,0.576719,0.287022,0.216257,16.78,70.26,Hydrogen,3273.41,safe
4916,2024-01-01T13:39:10,1.635956,1.346715,0.87573,24.54,66.25,CleanAir,0.0,safe
4917,2024-01-01T13:39:20,1.699267,1.379812,0.926733,33.68,38.23,CleanAir,0.0,safe
4918,2024-01-01T13:39:30,0.679976,0.39113,0.142318,14.3,85.67,LPG,3906.19,unsafe
4919,2024-01-01T13:39:40,0.016173,0.254698,0.089726,20.43,50.09,CO,557.9,unsafe
4920,2024-01-01T13:39:50,1.707169,1.340229,0.898439,12.9,31.83,CleanAir,0.0,safe
4921,2024-01-01T13:40:00,1.636394,1.316413,0.861689,19.21,76.66,CleanAir,0.0,safe
4922,2024-01-01T13:40:10,1.633565,1.311403,0.856386,18.7,76.58,CleanAir,0.0,safe
4923,2024-01-01T13:40:20,0.348416,0.186509,0.123816,15.68,74.33,Hydrogen,753.95,safe
4924,2024-01-01T13:40:30,0.752147,0.780993,0.171427,25.84,31.03,Methane,10537.76,unsafe
4925,2024-01-01T13:40:40,1.608902,1.320654,0.870904,19.87,78.0,CleanAir,0.0,safe
4926,2024-01-01T13:40:50,0.334075,0.165175,0.087896,26.72,61.85,Propane,314.51,safe
4927,2024-01-01T13:41:00,0.175155,0.315378,0.241102,24.42,73.63,Hydrogen,4604.7,safe
4928,2024-01-01T13:41:10,0.093403,0.69957,0.153758,19.95,53.22,Methane,8488.07,unsafe
4929,2024-01-01T13:41:20,0.768197,0.313438,0.175555,12.71,75.43,Methane,17595.79,unsafe
4930,2024-01-01T13:41:30,0.831014,0.899253,0.195137,34.37,37.56,Methane,17097.71,unsafe
4931,2024-01-01T13:41:40,1.664882,1.350319,0.884193,18.21,49.47,CleanAir,0.0,safe
4932,2024-01-01T13:41:50,0.00985,0.003214,0.070489,20.44,68.99,Smoke,160.77,unsafe
4933,2024-01-01T13:42:00,0.872152,0.353031,0.025942,24.39,73.23,Propane,3867.79,unsafe
4934,2024-01-01T13:42:10,0.012939,0.165472,0.069824,35.11,41.25,LPG,232.98,safe
4935,2024-01-01T13:42:20,0.022407,0.192477,0.115349,12.19,80.96,Smoke,475.07,unsafe
4936,2024-01-01T13:42:30,0.738725,0.427421,0.153813,18.12,37.24,LPG,3940.64,unsafe
4937,2024-01-01T13:42:40,0.284962,0.015961,0.093558,32.43,66.9,CO,672.45,unsafe
4938,2024-01-01T13:42:50,0.028901,0.012818,0.006397,26.14,65.53,Smoke,568.96,unsafe
4939,2024-01-01T13:43:00,1.660925,1.353407,0.895912,22.86,46.12,CleanAir,0.0,safe
4940,2024-01-01T13:43:10,0.591468,0.3406,0.012656,23.0,75.44,LPG,2261.23,unsafe
4941,2024-01-01T13:43:20,0.37961,0.209379,0.179527,16.34,61.25,Alcohol,1748.11,unsafe
4942,2024-01-01T13:43:30,0.022505,0.22719,0.006436,11.52,36.02,LPG,657.64,safe
4943,2024-01-01T13:43:40,0.739014,0.420946,0.156196,33.03,42.63,LPG,3510.93,unsafe
4944,2024-01-01T13:43:50,1.620803,1.303209,0.838244,16.54,81.06,CleanAir,0.0,safe
4945,2024-01-01T13:44:00,0.76282,0.433628,0.154653,19.37,67.31,LPG,4623.61,unsafe
4946,2024-01-01T13:44:10,1.628542,1.308691,0.872199,15.37,54.5,CleanAir,0.0,safe
4947,2024-01-01T13:44:20,0.445183,0.01613,0.1578,35.94,64.6,Hydrogen,1220.07,safe
4948,2024-01-01T13:44:30,1.647472,1.287315,0.843275,11.52,83.37,CleanAir,0.0,safe
4949,2024-01-01T13:44:40,1.658527,1.353876,0.896174,33.83,64.45,CleanAir,0.0,safe
4950,2024-01-01T13:44:50,0.074475,0.273624,0.208715,22.88,53.98,Hydrogen,2707.55,safe
4951,2024-01-01T13:45:00,0.689853,0.282921,0.157942,15.99,61.4,Propane,2008.44,unsafe
4952,2024-01-01T13:45:10,1.692611,1.355064,0.922654,36.58,53.31,CleanAir,0.0,safe
4953,2024-01-01T13:45:20,0.121103,0.757383,0.031864,12.8,89.64,Methane,14207.9,unsafe
4954,2024-01-01T13:45:30,0.582716,0.01295,0.009733,26.83,51.52,Smoke,725.74,unsafe
4955,2024-01-01T13:45:40,1.676181,1.373913,0.902291,32.61,50.17,CleanAir,0.0,safe
4956,2024-01-01T13:45:50,1.645309,1.31779,0.876762,20.07,78.27,CleanAir,0.0,safe
4957,2024-01-01T13:46:00,1.653586,1.359865,0.888404,25.54,63.02,CleanAir,0.0,safe
4958,2024-01-01T13:46:10,0.022869,0.191996,0.113946,32.03,76.37,Smoke,382.1,unsafe
4959,2024-01-01T13:46:20,1.619348,1.32112,0.849566,14.18,67.17,CleanAir,0.0,safe
4960,2024-01-01T13:46:30,1.645519,1.356955,0.897864,22.99,45.82,CleanAir,0.0,safe
4961,2024-01-01T13:46:40,1.637536,1.335888,0.85069,10.94,60.79,CleanAir,0.0,safe
4962,2024-01-01T13:46:50,1.683397,1.398865,0.916879,27.29,34.02,CleanAir,0.0,safe
4963,2024-01-01T13:47:00,0.080305,0.329681,0.259926,22.86,51.59,Hydrogen,4845.3,safe
4964,2024-01-01T13:47:10,1.636815,1.342604,0.875322,23.8,61.01,CleanAir,0.0,safe
4965,2024-01-01T13:47:20,1.650151,1.320518,0.868736,27.38,83.49,CleanAir,0.0,safe
4966,2024-01-01T13:47:30,0.659093,0.314093,0.01944,39.34,70.22,Hydrogen,4044.44,safe
4967,2024-01-01T13:47:40,1.625157,1.309333,0.865257,27.69,89.82,CleanAir,0.0,safe
4968,2024-01-01T13:47:50,1.630503,1.333273,0.835243,20.89,76.38,CleanAir,0.0,safe
4969,2024-01-01T13:48:00,1.636212,1.302089,0.827295,15.31,85.14,CleanAir,0.0,safe
4970,2024-01-01T13:48:10,0.714733,0.403474,0.012924,36.69,65.39,LPG,3394.57,unsafe
4971,2024-01-01T13:48:20,0.104955,0.262105,0.196352,24.56,82.8,Hydrogen,2592.49,safe
4972,2024-01-01T13:48:30,1.65455,1.375363,0.896939,39.28,63.86,CleanAir,0.0,safe
4973,2024-01-01T13:48:40,1.676364,1.348384,0.88358,29.02,54.88,CleanAir,0.0,safe
4974,2024-01-01T13:48:50,0.301054,0.016002,0.006467,26.31,44.45,CO,712.79,unsafe
4975,2024-01-01T13:49:00,0.731046,0.035406,0.016038,20.22,82.54,Propane,2423.87,unsafe
4976,2024-01-01T13:49:10,0.026271,0.184667,0.143709,10.32,88.37,Alcohol,1191.49,unsafe
4977,2024-01-01T13:49:20,0.019245,0.013016,0.00322,20.84,62.32,CO,576.23,unsafe
4978,2024-01-01T13:49:30,0.553829,0.013038,0.150309,30.14,68.45,Smoke,661.47,unsafe
4979,2024-01-01T13:49:40,1.674067,1.382867,0.897771,25.23,32.67,CleanAir,0.0,safe
4980,2024-01-01T13:49:50,0.022523,0.22573,0.089211,29.74,80.3,LPG,698.24,safe
4981,2024-01-01T13:50:00,0.057594,0.252489,0.009652,25.83,50.05,Smoke,845.17,unsafe
4982,2024-01-01T13:50:10,0.849431,0.045369,0.187998,34.95,56.05,Propane,2916.18,unsafe
4983,2024-01-01T13:50:20,0.241751,0.122859,0.061226,30.39,86.32,Smoke,115.72,unsafe
4984,2024-01-01T13:50:30,0.470407,0.009704,0.006392,17.96,66.93,Propane,706.6,safe
4985,2024-01-01T13:50:40,0.028857,0.212007,0.184027,28.5,78.02,Alcohol,1826.96,unsafe
4986,2024-01-01T13:50:50,1.65934,1.347635,0.878228,27.58,63.67,CleanAir,0.0,safe
4987,2024-01-01T13:51:00,0.50842,0.213183,0.138006,38.85,87.82,Smoke,568.76,unsafe
4988,2024-01-01T13:51:10,1.648054,1.325652,0.868005,37.46,85.93,CleanAir,0.0,safe
4989,2024-01-01T13:51:20,0.032328,0.208513,0.128191,35.0,50.2,Smoke,454.37,unsafe
4990,2024-01-01T13:51:30,0.305154,0.009677,0.118715,11.22,57.8,Alcohol,721.6,safe
4991,2024-01-01T13:51:40,1.703559,1.372099,0.89236,29.43,46.61,CleanAir,0.0,safe
4992,2024-01-01T13:51:50,1.669978,1.324789,0.879685,25.09,59.13,CleanAir,0.0,safe
4993,2024-01-01T13:52:00,0.231449,0.038211,0.190103,29.88,83.15,Propane,3704.36,unsafe
4994,2024-01-01T13:52:10,0.914341,0.353437,0.20411,26.16,65.71,Propane,4185.74,unsafe
4995,2024-01-01T13:52:20,1.623816,1.294307,0.84277,12.01,74.95,CleanAir,0.0,safe
4996,2024-01-01T13:52:30,0.577847,0.035111,0.210582,23.67,50.67,Hydrogen,2686.45,safe
4997,2024-01-01T13:52:40,0.525332,0.009675,0.006445,15.38,78.36,Smoke,637.94,unsafe
4998,2024-01-01T13:52:50,1.689095,1.336333,0.908677,29.73,48.94,CleanAir,0.0,safe
4999,2024-01-01T13:53:00,1.619183,1.286365,0.857324,17.98,77.45,CleanAir,0.0,safe
5000,2024-01-01T13:53:10,1.624137,1.322283,0.859157,19.88,65.99,CleanAir,0.0,safe
5001,2024-01-01T13:53:20,1.673954,1.301433,0.906831,25.13,56.35,CleanAir,0.0,safe
5002,2024-01-01T13:53:30,0.028908,0.208728,0.130429,20.89,57.57,Smoke,543.26,unsafe
5003,2024-01-01T13:53:40,0.132747,0.802378,0.032072,38.81,85.46,Methane,14473.39,unsafe
5004,2024-01-01T13:53:50,0.599292,0.08664,0.01295,14.93,77.75,Methane,5656.91,unsafe
5005,2024-01-01T13:54:00,1.702831,1.332172,0.879104,13.82,42.68,CleanAir,0.0,safe
5006,2024-01-01T13:54:10,1.713313,1.350029,0.90511,35.22,50.86,CleanAir,0.0,safe
5007,2024-01-01T13:54:20,1.697581,1.350655,0.900061,25.21,34.77,CleanAir,0.0,safe
5008,2024-01-01T13:54:30,1.686882,1.373239,0.929379,38.2,48.16,CleanAir,0.0,safe
5009,2024-01-01T13:54:40,1.727978,1.369382,0.925951,33.23,35.88,CleanAir,0.0,safe
5010,2024-01-01T13:54:50,1.656662,1.329452,0.89628,30.42,52.95,CleanAir,0.0,safe
5011,2024-01-01T13:55:00,1.667303,1.336686,0.881494,14.81,47.45,CleanAir,0.0,safe
5012,2024-01-01T13:55:10,1.697873,1.368116,0.895893,36.21,48.96,CleanAir,0.0,safe
5013,2024-01-01T13:55:20,0.754455,0.749847,0.018927,22.08,38.99,Methane,10976.62,unsafe
5014,2024-01-01T13:55:30,0.161114,0.077657,0.148503,31.47,39.35,Methane,6013.23,unsafe
5015,2024-01-01T13:55:40,0.381961,0.006426,0.003224,13.93,40.09,Smoke,277.7,unsafe
5016,2024-01-01T13:55:50,0.301165,0.022583,0.006576,27.15,68.12,CO,889.98,unsafe
5017,2024-01-01T13:56:00,0.009642,0.137999,0.081103,29.22,49.36,Alcohol,248.94,safe
5018,2024-01-01T13:56:10,0.056496,0.075417,0.13103,14.59,84.84,Methane,5517.12,unsafe
5019,2024-01-01T13:56:20,1.687983,1.333024,0.90726,17.32,32.89,CleanAir,0.0,safe
5020,2024-01-01T13:56:30,1.628804,1.294811,0.858364,10.03,50.37,CleanAir,0.0,safe
5021,2024-01-01T13:56:40,1.68232,1.349711,0.918604,27.96,38.67,CleanAir,0.0,safe
5022,2024-01-01T13:56:50,0.780278,0.781043,0.172976,39.72,67.67,Methane,12845.08,unsafe
5023,2024-01-01T13:57:00,0.179395,0.737357,0.019506,27.04,40.49,Methane,9966.15,unsafe
5024,2024-01-01T13:57:10,0.219865,0.152217,0.06739,25.27,48.17,CO,197.56,unsafe
5025,2024-01-01T13:57:20,0.054352,0.237148,0.163978,24.37,44.07,Smoke,780.81,unsafe
5026,2024-01-01T13:57:30,1.646141,1.320463,0.865044,15.68,56.83,CleanAir,0.0,safe
5027,2024-01-01T13:57:40,1.671368,1.348799,0.897814,26.65,55.46,CleanAir,0.0,safe
5028,2024-01-01T13:57:50,1.674042,1.329702,0.89681,14.83,33.55,CleanAir,0.0,safe
5029,2024-01-01T13:58:00,1.657143,1.321767,0.878697,26.2,65.68,CleanAir,0.0,safe
5030,2024-01-01T13:58:10,0.296836,0.160354,0.117484,25.34,83.09,Alcohol,645.04,safe
5031,2024-01-01T13:58:20,0.45602,0.190263,0.118919,29.37,87.28,Smoke,449.69,unsafe
5032,2024-01-01T13:58:30,1.657896,1.313991,0.856587,23.49,69.01,CleanAir,0.0,safe
5033,2024-01-01T13:58:40,1.63972,1.299835,0.840876,21.81,87.29,CleanAir,0.0,safe
5034,2024-01-01T13:58:50,1.66261,1.333964,0.894193,38.08,66.36,CleanAir,0.0,safe
5035,2024-01-01T13:59:00,1.681802,1.330974,0.89288,26.42,56.73,CleanAir,0.0,safe
5036,2024-01-01T13:59:10,1.725811,1.324088,0.912262,37.78,57.41,CleanAir,0.0,safe
5037,2024-01-01T13:59:20,1.722307,1.348464,0.902753,33.23,47.3,CleanAir,0.0,safe
5038,2024-01-01T13:59:30,1.651182,1.317066,0.871899,26.01,71.06,CleanAir,0.0,safe
5039,2024-01-01T13:59:40,0.486957,0.22904,0.164915,35.69,71.25,Hydrogen,1504.8,safe
5040,2024-01-01T13:59:50,0.323063,0.02863,0.00655,11.74,64.24,CO,1473.19,unsafe
5041,2024-01-01T14:00:00,0.317989,0.009662,0.077842,21.4,39.07,LPG,354.95,safe
5042,2024-01-01T14:00:10,0.635417,0.261293,0.149811,38.69,40.32,Propane,1312.1,unsafe
5043,2024-01-01T14:00:20,0.356208,0.198842,0.083305,17.51,50.23,LPG,517.13,safe
5044,2024-01-01T14:00:30,0.570206,0.013003,0.009666,30.53,74.36,Smoke,719.81,unsafe
5045,2024-01-01T14:00:40,1.670226,1.313113,0.856434,32.86,81.63,CleanAir,0.0,safe
5046,2024-01-01T14:00:50,0.04522,0.203749,0.173736,32.04,77.09,Alcohol,1615.16,unsafe
5047,2024-01-01T14:01:00,0.68954,0.025618,0.157974,32.6,60.63,Propane,1774.35,unsafe
5048,2024-01-01T14:01:10,1.731613,1.346377,0.925524,36.34,31.6,CleanAir,0.0,safe
5049,2024-01-01T14:01:20,0.612674,0.335255,0.009622,13.85,69.7,LPG,2528.17,unsafe
5050,2024-01-01T14:01:30,0.272161,0.009737,0.003182,20.63,75.02,Alcohol,463.87,safe
5051,2024-01-01T14:01:40,0.291813,0.139491,0.072738,36.88,81.67,Smoke,164.89,unsafe
5052,2024-01-01T14:01:50,1.706354,1.364081,0.920116,36.93,49.72,CleanAir,0.0,safe
5053,2024-01-01T14:02:00,1.675613,1.333815,0.900017,30.15,49.53,CleanAir,0.0,safe
5054,2024-01-01T14:02:10,1.633462,1.266558,0.828842,12.37,89.49,CleanAir,0.0,safe
5055,2024-01-01T14:02:20,1.630725,1.300507,0.85936,18.92,79.42,CleanAir,0.0,safe
5056,2024-01-01T14:02:30,1.669051,1.344663,0.898346,30.69,59.23,CleanAir,0.0,safe
5057,2024-01-01T14:02:40,1.663791,1.310773,0.865611,18.15,67.02,CleanAir,0.0,safe
5058,2024-01-01T14:02:50,0.212746,0.003235,0.055036,31.12,67.03,Smoke,87.49,unsafe
5059,2024-01-01T14:03:00,0.654517,0.113452,0.016241,36.98,80.62,Methane,7398.2,unsafe
5060,2024-01-01T14:03:10,0.022707,0.179824,0.135497,27.2,63.09,Alcohol,835.49,safe
5061,2024-01-01T14:03:20,0.336226,0.361988,0.013014,29.33,70.88,CO,1506.81,unsafe
5062,2024-01-01T14:03:30,1.701198,1.349649,0.882546,14.24,36.07,CleanAir,0.0,safe
5063,2024-01-01T14:03:40,0.025192,0.190207,0.156415,13.43,44.49,Alcohol,1163.21,unsafe
5064,2024-01-01T14:03:50,1.694892,1.344745,0.917857,32.77,43.05,CleanAir,0.0,safe
5065,2024-01-01T14:04:00,0.044986,0.240819,0.163495,31.41,44.62,Smoke,735.53,unsafe
5066,2024-01-01T14:04:10,0.591738,0.233587,0.158712,27.85,68.17,Smoke,786.83,unsafe
5067,2024-01-01T14:04:20,0.032285,0.016058,0.146752,14.46,67.12,Alcohol,1185.84,unsafe
5068,2024-01-01T14:04:30,0.678179,0.270137,0.186526,39.66,58.43,Smoke,989.88,unsafe
5069,2024-01-01T14:04:40,1.626019,1.260483,0.830979,15.09,82.81,CleanAir,0.0,safe
5070,2024-01-01T14:04:50,0.623007,0.6025,0.022052,14.3,67.49,Methane,6774.69,unsafe
5071,2024-01-01T14:05:00,1.600271,1.261622,0.846566,12.03,84.36,CleanAir,0.0,safe
5072,2024-01-01T14:05:10,0.673994,0.313498,0.255163,34.42,70.2,Hydrogen,4715.51,safe
5073,2024-01-01T14:05:20,0.016183,0.006429,0.096652,29.71,36.6,Smoke,236.16,unsafe
5074,2024-01-01T14:05:30,0.473739,0.8568,0.067391,34.3,81.93,Methane,19569.93,unsafe
5075,2024-01-01T14:05:40,0.594085,0.239894,0.160489,33.89,41.54,Smoke,709.26,unsafe
5076,2024-01-01T14:05:50,0.586672,0.012848,0.157439,27.93,55.5,Smoke,731.09,unsafe
5077,2024-01-01T14:06:00,0.016105,0.012982,0.093007,27.75,57.73,CO,642.01,unsafe
5078,2024-01-01T14:06:10,0.110795,0.321824,0.187355,21.11,59.37,Propane,3336.24,unsafe
5079,2024-01-01T14:06:20,0.206571,0.003279,0.060642,30.81,67.89,CO,162.97,unsafe
5080,2024-01-01T14:06:30,0.08794,0.250302,0.144999,32.92,68.33,Propane,1360.1,unsafe
5081,2024-01-01T14:06:40,0.199735,0.202467,0.038519,39.94,89.18,Methane,15350.04,unsafe
5082,2024-01-01T14:06:50,1.665188,1.352917,0.903598,28.23,47.52,CleanAir,0.0,safe
5083,2024-01-01T14:07:00,0.111622,0.035499,0.249692,17.38,61.82,Hydrogen,4636.0,safe
5084,2024-01-01T14:07:10,0.297121,0.016346,0.096068,39.51,85.53,CO,770.19,unsafe
5085,2024-01-01T14:07:20,0.05814,0.26139,0.188153,33.98,43.67,Smoke,978.63,unsafe
5086,2024-01-01T14:07:30,0.389416,0.205705,0.182922,20.64,54.07,Alcohol,1717.47,unsafe
5087,2024-01-01T14:07:40,0.362298,0.159844,0.08976,10.94,59.96,Propane,372.41,safe
5088,2024-01-01T14:07:50,1.704714,1.351667,0.927802,32.72,35.28,CleanAir,0.0,safe
5089,2024-01-01T14:08:00,0.879344,0.052031,0.031923,11.67,54.06,Propane,3800.66,unsafe
5090,2024-01-01T14:08:10,0.045593,0.016248,0.147178,27.69,49.03,Hydrogen,954.09,safe
5091,2024-01-01T14:08:20,1.629081,1.259971,0.841526,18.44,88.33,CleanAir,0.0,safe
5092,2024-01-01T14:08:30,0.404005,0.192228,0.136816,20.83,86.1,Hydrogen,1065.79,safe
5093,2024-01-01T14:08:40,0.561925,0.019525,0.127047,33.85,33.1,LPG,1460.41,unsafe
5094,2024-01-01T14:08:50,0.325119,0.314832,0.006535,39.2,36.23,CO,881.07,unsafe
5095,2024-01-01T14:09:00,0.03875,0.218736,0.145007,10.21,57.66,Smoke,700.28,unsafe
5096,2024-01-01T14:09:10,0.567868,0.2257,0.154005,20.0,89.0,Smoke,834.01,unsafe
5097,2024-01-01T14:09:20,1.665582,1.343497,0.893733,34.65,62.15,CleanAir,0.0,safe
5098,2024-01-01T14:09:30,0.03535,0.222128,0.148826,18.78,52.14,Smoke,658.95,unsafe
5099,2024-01-01T14:09:40,0.382793,0.016435,0.179819,20.93,81.31,Alcohol,1849.9,unsafe
5100,2024-01-01T14:09:50,0.68615,0.380633,0.147777,13.39,42.7,LPG,3177.26,unsafe
5101,2024-01-01T14:10:00,1.688421,1.358517,0.926192,30.11,35.77,CleanAir,0.0,safe
5102,2024-01-01T14:10:10,0.564799,0.262493,0.204509,35.8,88.7,Hydrogen,2645.64,safe
5103,2024-01-01T14:10:20,0.376371,0.200881,0.173278,20.19,64.12,Alcohol,1514.99,unsafe
5104,2024-01-01T14:10:30,1.650614,1.36187,0.888287,37.66,75.06,CleanAir,0.0,safe
5105,2024-01-01T14:10:40,1.686192,1.321294,0.890363,23.21,45.06,CleanAir,0.0,safe
5106,2024-01-01T14:10:50,0.709962,0.727319,0.160391,17.96,76.31,Methane,12084.52,unsafe
5107,2024-01-01T14:11:00,1.664499,1.324321,0.905032,36.35,72.54,CleanAir,0.0,safe
5108,2024-01-01T14:11:10,1.683555,1.327568,0.873967,27.57,60.79,CleanAir,0.0,safe
5109,2024-01-01T14:11:20,1.619298,1.278751,0.840878,10.79,59.2,CleanAir,0.0,safe
5110,2024-01-01T14:11:30,0.369745,0.16413,0.093683,13.69,53.37,Smoke,272.78,unsafe
5111,2024-01-01T14:11:40,1.673137,1.34897,0.886185,37.24,66.72,CleanAir,0.0,safe
5112,2024-01-01T14:11:50,1.630587,1.319201,0.835887,13.49,74.62,CleanAir,0.0,safe
5113,2024-01-01T14:12:00,0.702999,0.385962,0.144663,22.43,75.91,LPG,3728.8,unsafe
5114,2024-01-01T14:12:10,0.044945,0.016075,0.187668,33.06,40.76,Hydrogen,1736.52,safe
5115,2024-01-01T14:12:20,0.172997,0.075165,0.167879,36.22,53.56,LPG,4467.52,unsafe
5116,2024-01-01T14:12:30,1.624602,1.312972,0.867974,20.0,68.38,CleanAir,0.0,safe
5117,2024-01-01T14:12:40,0.022487,0.194024,0.159443,37.9,76.1,Alcohol,1238.28,unsafe
5118,2024-01-01T14:12:50,1.695765,1.332153,0.911115,22.7,38.56,CleanAir,0.0,safe
5119,2024-01-01T14:13:00,1.647833,1.291026,0.850688,20.2,78.54,CleanAir,0.0,safe
5120,2024-01-01T14:13:10,0.25546,0.00655,0.086332,19.07,50.67,Alcohol,311.11,safe
5121,2024-01-01T14:13:20,1.675503,1.303792,0.871445,13.9,58.41,CleanAir,0.0,safe
5122,2024-01-01T14:13:30,0.07723,0.022558,0.188954,11.41,56.74,Hydrogen,2386.5,safe
5123,2024-01-01T14:13:40,1.684688,1.322059,0.866974,34.95,80.79,CleanAir,0.0,safe
5124,2024-01-01T14:13:50,1.61413,1.276871,0.83528,12.76,73.53,CleanAir,0.0,safe
5125,2024-01-01T14:14:00,0.032409,0.01634,0.169683,21.99,80.0,Alcohol,1653.15,unsafe
5126,2024-01-01T14:14:10,0.006505,0.121434,0.05828,29.46,46.62,CO,121.58,unsafe
5127,2024-01-01T14:14:20,0.022483,0.183612,0.116856,13.42,73.65,Smoke,457.05,unsafe
5128,2024-01-01T14:14:30,1.631586,1.295136,0.848311,17.99,68.67,CleanAir,0.0,safe
5129,2024-01-01T14:14:40,0.356624,0.195315,0.009689,35.94,88.17,Alcohol,1360.07,unsafe
5130,2024-01-01T14:14:50,0.275116,0.019232,0.090359,23.99,87.65,CO,736.82,unsafe
5131,2024-01-01T14:15:00,1.661477,1.348495,0.896149,28.09,52.1,CleanAir,0.0,safe
5132,2024-01-01T14:15:10,0.051277,0.33356,0.131617,32.78,75.87,LPG,2265.47,unsafe
5133,2024-01-01T14:15:20,0.744598,0.760009,0.166324,19.91,83.1,Methane,14431.07,unsafe
5134,2024-01-01T14:15:30,0.639092,0.356177,0.00975,25.33,36.34,LPG,2407.99,unsafe
5135,2024-01-01T14:15:40,0.058477,0.019421,0.169942,23.85,56.25,Hydrogen,1602.73,safe
5136,2024-01-01T14:15:50,0.24759,0.006417,0.085773,25.29,83.93,Alcohol,352.23,safe
5137,2024-01-01T14:16:00,0.659518,0.048301,0.136574,24.35,50.43,LPG,2781.21,unsafe
5138,2024-01-01T14:16:10,1.667691,1.330762,0.890663,13.4,35.94,CleanAir,0.0,safe
5139,2024-01-01T14:16:20,1.655864,1.307517,0.883244,26.88,60.94,CleanAir,0.0,safe
5140,2024-01-01T14:16:30,0.531369,0.013003,0.138382,36.83,79.94,Smoke,612.88,unsafe
5141,2024-01-01T14:16:40,0.952712,0.36209,0.038496,36.5,79.94,Propane,4625.69,unsafe
5142,2024-01-01T14:16:50,1.732316,1.364733,0.905288,32.75,41.49,CleanAir,0.0,safe
5143,2024-01-01T14:17:00,0.595047,0.27198,0.215394,15.83,56.95,Hydrogen,3166.61,safe
5144,2024-01-01T14:17:10,0.880209,0.330971,0.194699,16.47,73.31,Propane,3978.29,unsafe
5145,2024-01-01T14:17:20,1.671737,1.325101,0.89769,24.81,47.48,CleanAir,0.0,safe
5146,2024-01-01T14:17:30,0.404665,0.178538,0.006393,29.23,64.47,Smoke,327.5,unsafe
5147,2024-01-01T14:17:40,0.648901,0.356336,0.135363,32.41,82.25,LPG,2742.5,unsafe
5148,2024-01-01T14:17:50,0.063969,0.022655,0.179672,31.64,83.94,Hydrogen,1924.8,safe
5149,2024-01-01T14:18:00,0.521559,0.243935,0.189885,11.96,75.95,Hydrogen,2471.22,safe
5150,2024-01-01T14:18:10,1.695683,1.365595,0.930991,32.52,38.78,CleanAir,0.0,safe
5151,2024-01-01T14:18:20,0.567949,0.032247,0.012724,15.71,63.9,LPG,2104.06,unsafe
5152,2024-01-01T14:18:30,1.645964,1.339602,0.8814,28.26,61.84,CleanAir,0.0,safe
5153,2024-01-01T14:18:40,0.016255,0.009744,0.0803,18.65,50.17,LPG,392.67,safe
5154,2024-01-01T14:18:50,0.570607,0.028517,0.219039,35.85,70.71,Hydrogen,2795.78,safe
5155,2024-01-01T14:19:00,1.715919,1.389091,0.92065,32.21,34.92,CleanAir,0.0,safe
5156,2024-01-01T14:19:10,0.297981,0.009558,0.113014,37.32,59.81,Alcohol,522.39,safe
5157,2024-01-01T14:19:20,0.2757,0.786893,0.168886,19.92,61.83,Methane,13471.6,unsafe
5158,2024-01-01T14:19:30,0.726327,0.155142,0.044142,19.33,67.38,Methane,11716.89,unsafe
5159,2024-01-01T14:19:40,1.629108,1.277219,0.855047,16.03,77.02,CleanAir,0.0,safe
5160,2024-01-01T14:19:50,0.167969,0.432605,0.159067,39.84,63.64,LPG,4217.43,unsafe
5161,2024-01-01T14:20:00,0.029778,0.374801,0.006368,25.41,55.81,CO,1526.58,unsafe
5162,2024-01-01T14:20:10,0.754498,0.045053,0.016077,24.66,49.96,LPG,4363.48,unsafe
5163,2024-01-01T14:20:20,1.708538,1.329009,0.884494,35.34,64.24,CleanAir,0.0,safe
5164,2024-01-01T14:20:30,0.019204,0.312415,0.099892,13.0,72.33,CO,1126.07,unsafe
5165,2024-01-01T14:20:40,0.272009,0.14894,0.00323,12.08,49.24,Hydrogen,313.71,safe
5166,2024-01-01T14:20:50,0.690498,0.131295,0.15612,28.64,61.25,Methane,8549.17,unsafe
5167,2024-01-01T14:21:00,1.670493,1.328977,0.888225,11.65,43.86,CleanAir,0.0,safe
5168,2024-01-01T14:21:10,1.704469,1.378847,0.915072,31.88,44.84,CleanAir,0.0,safe
5169,2024-01-01T14:21:20,0.591763,0.330886,0.129653,21.74,48.52,LPG,1982.47,unsafe
5170,2024-01-01T14:21:30,1.665289,1.29855,0.866594,28.7,81.96,CleanAir,0.0,safe
5171,2024-01-01T14:21:40,0.634046,0.297254,0.022454,29.16,84.78,Hydrogen,4420.43,safe
5172,2024-01-01T14:21:50,1.649879,1.32756,0.873246,23.0,64.76,CleanAir,0.0,safe
5173,2024-01-01T14:22:00,0.302114,0.172071,0.003177,32.73,67.39,LPG,335.27,safe
5174,2024-01-01T14:22:10,0.485543,0.236047,0.171185,38.65,59.44,Hydrogen,1403.9,safe
5175,2024-01-01T14:22:20,1.646428,1.295751,0.874112,23.14,75.53,CleanAir,0.0,safe
5176,2024-01-01T14:22:30,1.643484,1.308275,0.871264,30.63,87.58,CleanAir,0.0,safe
5177,2024-01-01T14:22:40,0.701663,0.022267,0.160814,30.92,62.85,Propane,1911.24,unsafe
5178,2024-01-01T14:22:50,0.205322,0.117285,0.06414,27.39,65.27,Alcohol,161.89,safe
5179,2024-01-01T14:23:00,1.673861,1.332746,0.879436,16.98,39.66,CleanAir,0.0,safe
5180,2024-01-01T14:23:10,1.661116,1.316768,0.855264,32.29,83.5,CleanAir,0.0,safe
5181,2024-01-01T14:23:20,0.197236,0.135698,0.06134,19.26,83.92,CO,187.44,unsafe
5182,2024-01-01T14:23:30,0.035858,0.201329,0.009648,17.43,81.24,Alcohol,1781.69,unsafe
5183,2024-01-01T14:23:40,1.654098,1.344426,0.879446,16.13,34.95,CleanAir,0.0,safe
5184,2024-01-01T14:23:50,0.032388,0.019661,0.108224,19.88,60.33,LPG,1292.43,unsafe
5185,2024-01-01T14:24:00,1.700343,1.392236,0.916992,36.53,47.12,CleanAir,0.0,safe
5186,2024-01-01T14:24:10,0.196603,0.109686,0.0,37.54,79.71,Smoke,71.91,unsafe
5187,2024-01-01T14:24:20,0.319082,0.356206,0.108229,10.09,87.39,CO,1676.49,unsafe
5188,2024-01-01T14:24:30,1.637578,1.320931,0.867394,35.89,87.7,CleanAir,0.0,safe
5189,2024-01-01T14:24:40,0.276861,0.016336,0.006417,21.26,66.2,CO,674.64,unsafe
5190,2024-01-01T14:24:50,1.646459,1.302092,0.841498,10.29,67.75,CleanAir,0.0,safe
5191,2024-01-01T14:25:00,1.713945,1.393196,0.927623,39.59,33.5,CleanAir,0.0,safe
5192,2024-01-01T14:25:10,0.744644,0.170908,0.035942,14.96,84.96,Methane,14503.3,unsafe
5193,2024-01-01T14:25:20,0.54875,0.255941,0.013019,29.9,37.42,Hydrogen,1900.94,safe
5194,2024-01-01T14:25:30,0.385563,0.208863,0.177198,18.05,78.93,Alcohol,1986.43,unsafe
5195,2024-01-01T14:25:40,0.876189,0.336309,0.191224,24.39,54.69,Propane,3526.11,unsafe
5196,2024-01-01T14:25:50,0.347044,0.37847,0.119133,25.84,47.91,CO,1544.97,unsafe
5197,2024-01-01T14:26:00,1.686167,1.3366,0.870582,14.53,45.37,CleanAir,0.0,safe
5198,2024-01-01T14:26:10,0.584152,0.240248,0.156061,33.94,36.99,Smoke,654.95,unsafe
5199,2024-01-01T14:26:20,1.68792,1.359054,0.905335,28.56,39.1,CleanAir,0.0,safe
5200,2024-01-01T14:26:30,0.319171,0.009751,0.123792,31.04,34.19,Alcohol,595.16,safe
5201,2024-01-01T14:26:40,0.544188,0.013098,0.125572,37.9,89.52,Propane,998.07,safe
5202,2024-01-01T14:26:50,1.676308,1.345403,0.86791,23.18,55.55,CleanAir,0.0,safe
5203,2024-01-01T14:27:00,0.338621,0.157089,0.086629,21.01,80.02,Propane,360.29,safe
5204,2024-01-01T14:27:10,0.697477,0.031997,0.01616,30.67,60.64,LPG,3265.21,unsafe
5205,2024-01-01T14:27:20,0.33504,0.178394,0.142388,27.11,65.17,Alcohol,971.82,safe
5206,2024-01-01T14:27:30,0.368074,0.013074,0.013005,25.46,58.58,Alcohol,1309.73,unsafe
5207,2024-01-01T14:27:40,0.144658,0.367636,0.019249,21.05,50.04,Propane,4664.54,unsafe
5208,2024-01-01T14:27:50,1.668368,1.310775,0.861585,28.04,75.97,CleanAir,0.0,safe
5209,2024-01-01T14:28:00,1.682601,1.30329,0.853115,16.64,55.01,CleanAir,0.0,safe
5210,2024-01-01T14:28:10,1.62877,1.265671,0.834169,11.47,77.94,CleanAir,0.0,safe
5211,2024-01-01T14:28:20,1.682898,1.313168,0.920839,18.85,37.33,CleanAir,0.0,safe
5212,2024-01-01T14:28:30,0.532632,0.025453,0.193926,32.48,50.67,Hydrogen,1907.22,safe
5213,2024-01-01T14:28:40,0.259583,0.205914,0.080606,21.63,52.32,CO,406.12,unsafe
5214,2024-01-01T14:28:50,0.553728,0.022265,0.208622,20.61,44.7,Hydrogen,2487.53,safe
5215,2024-01-01T14:29:00,1.653603,1.36051,0.926805,32.43,39.68,CleanAir,0.0,safe
5216,2024-01-01T14:29:10,1.669225,1.330094,0.880625,38.22,76.17,CleanAir,0.0,safe
5217,2024-01-01T14:29:20,0.241155,0.173139,0.071254,11.66,47.25,CO,302.2,unsafe
5218,2024-01-01T14:29:30,0.319058,0.009659,0.121172,36.64,31.42,Alcohol,565.77,safe
5219,2024-01-01T14:29:40,1.680587,1.31935,0.886861,15.31,47.82,CleanAir,0.0,safe
5220,2024-01-01T14:29:50,1.632116,1.336598,0.886515,38.68,73.48,CleanAir,0.0,safe
5221,2024-01-01T14:30:00,1.632436,1.299566,0.861014,26.78,72.24,CleanAir,0.0,safe
5222,2024-01-01T14:30:10,0.343557,0.365454,0.009565,33.07,66.29,CO,1527.27,unsafe
5223,2024-01-01T14:30:20,1.646372,1.338947,0.905416,36.92,73.8,CleanAir,0.0,safe
5224,2024-01-01T14:30:30,0.580659,0.261205,0.016316,12.54,32.33,Hydrogen,2694.31,safe
5225,2024-01-01T14:30:40,1.629532,1.28989,0.870911,22.72,75.26,CleanAir,0.0,safe
5226,2024-01-01T14:30:50,0.367306,0.182792,0.125545,15.67,30.76,Hydrogen,649.88,safe
5227,2024-01-01T14:31:00,0.61651,0.336093,0.132278,32.08,59.17,LPG,2140.88,unsafe
5228,2024-01-01T14:31:10,1.640981,1.29205,0.886132,25.65,65.43,CleanAir,0.0,safe
5229,2024-01-01T14:31:20,0.375619,0.167582,0.094248,28.34,78.76,Propane,429.51,safe
5230,2024-01-01T14:31:30,0.186353,0.003159,0.055645,35.88,60.86,CO,99.4,unsafe
5231,2024-01-01T14:31:40,0.780923,0.298759,0.177637,39.16,85.4,Propane,2556.89,unsafe
5232,2024-01-01T14:31:50,0.594658,0.279037,0.225036,12.72,56.73,Hydrogen,3503.55,safe
5233,2024-01-01T14:32:00,0.703235,0.332608,0.022829,24.01,35.24,Hydrogen,4975.27,safe
5234,2024-01-01T14:32:10,0.615289,0.022783,0.009577,36.79,76.01,Propane,1320.03,unsafe
5235,2024-01-01T14:32:20,1.692949,1.354087,0.913034,37.35,51.47,CleanAir,0.0,safe
5236,2024-01-01T14:32:30,0.129625,0.355127,0.140624,30.42,53.99,LPG,2599.04,unsafe
5237,2024-01-01T14:32:40,0.534861,0.218576,0.006359,38.88,73.06,Smoke,609.14,unsafe
5238,2024-01-01T14:32:50,0.160058,0.304534,0.02296,31.29,46.36,Hydrogen,3792.61,safe
5239,2024-01-01T14:33:00,0.243673,0.192997,0.075235,30.15,76.0,CO,362.55,unsafe
5240,2024-01-01T14:33:10,1.674073,1.344119,0.892393,20.32,50.12,CleanAir,0.0,safe
5241,2024-01-01T14:33:20,0.029365,0.352479,0.11479,11.59,57.29,CO,1504.71,unsafe
5242,2024-01-01T14:33:30,1.691114,1.311795,0.879151,11.7,48.77,CleanAir,0.0,safe
5243,2024-01-01T14:33:40,0.745285,0.420332,0.015986,39.12,78.11,LPG,4381.9,unsafe
5244,2024-01-01T14:33:50,0.029007,0.213966,0.185117,26.38,41.39,Alcohol,1697.61,unsafe
5245,2024-01-01T14:34:00,0.266153,0.006392,0.068212,32.15,83.47,LPG,262.03,safe
5246,2024-01-01T14:34:10,1.680455,1.307347,0.909976,16.13,36.17,CleanAir,0.0,safe
5247,2024-01-01T14:34:20,0.035001,0.376996,0.006505,25.52,57.41,CO,1509.83,unsafe
5248,2024-01-01T14:34:30,1.664867,1.31303,0.878249,28.21,68.46,CleanAir,0.0,safe
5249,2024-01-01T14:34:40,0.812667,0.832034,0.184385,30.53,49.31,Methane,15111.23,unsafe
5250,2024-01-01T14:34:50,0.113903,0.339874,0.204224,34.95,52.44,Propane,3349.48,unsafe
5251,2024-01-01T14:35:00,0.791209,0.124213,0.062145,12.39,82.57,Methane,18907.88,unsafe
5252,2024-01-01T14:35:10,0.305402,0.019448,0.101659,23.23,41.6,CO,850.75,unsafe
5253,2024-01-01T14:35:20,1.672655,1.350128,0.902287,36.98,70.8,CleanAir,0.0,safe
5254,2024-01-01T14:35:30,0.346379,0.191611,0.155741,25.06,65.79,Alcohol,1179.8,unsafe
5255,2024-01-01T14:35:40,0.400835,0.206524,0.184156,27.6,68.91,Alcohol,1854.48,unsafe
5256,2024-01-01T14:35:50,1.654752,1.303632,0.875234,16.01,59.24,CleanAir,0.0,safe
5257,2024-01-01T14:36:00,1.639561,1.294454,0.865895,12.72,64.56,CleanAir,0.0,safe
5258,2024-01-01T14:36:10,0.568786,0.013044,0.152294,34.68,68.01,Smoke,675.87,unsafe
5259,2024-01-01T14:36:20,0.025796,0.013127,0.015899,15.39,71.88,Alcohol,1410.92,unsafe
5260,2024-01-01T14:36:30,1.653985,1.320453,0.872791,19.65,71.17,CleanAir,0.0,safe
5261,2024-01-01T14:36:40,1.611178,1.299572,0.845027,22.55,88.94,CleanAir,0.0,safe
5262,2024-01-01T14:36:50,1.689702,1.32248,0.909287,16.82,35.99,CleanAir,0.0,safe
5263,2024-01-01T14:37:00,1.669388,1.343794,0.904105,29.01,46.56,CleanAir,0.0,safe
5264,2024-01-01T14:37:10,1.631664,1.313298,0.857606,12.42,58.91,CleanAir,0.0,safe
5265,2024-01-01T14:37:20,1.673657,1.327824,0.868696,21.38,61.1,CleanAir,0.0,safe
5266,2024-01-01T14:37:30,1.651252,1.312262,0.886007,36.45,82.62,CleanAir,0.0,safe
5267,2024-01-01T14:37:40,0.68446,0.076357,0.161813,30.59,31.67,Methane,7393.17,unsafe
5268,2024-01-01T14:37:50,0.608359,0.016192,0.171223,38.83,33.62,Smoke,753.38,unsafe
5269,2024-01-01T14:38:00,1.667197,1.315067,0.885289,13.33,47.78,CleanAir,0.0,safe
5270,2024-01-01T14:38:10,0.477506,0.196246,0.006403,13.94,66.95,Propane,728.06,safe
5271,2024-01-01T14:38:20,0.561137,0.542833,0.013213,12.8,87.73,Methane,5381.58,unsafe
5272,2024-01-01T14:38:30,0.360737,0.012801,0.163266,12.03,79.18,Alcohol,1617.19,unsafe
5273,2024-01-01T14:38:40,0.031611,0.20604,0.177634,13.06,47.29,Alcohol,1633.12,unsafe
5274,2024-01-01T14:38:50,0.425921,0.242296,0.099434,18.95,66.26,LPG,928.48,safe
5275,2024-01-01T14:39:00,0.708239,0.736915,0.162495,29.56,71.76,Methane,10818.74,unsafe
5276,2024-01-01T14:39:10,0.622435,0.01601,0.171234,26.5,52.69,Smoke,875.13,unsafe
5277,2024-01-01T14:39:20,0.751125,0.759696,0.171593,25.94,49.4,Methane,11524.55,unsafe
5278,2024-01-01T14:39:30,1.662312,1.303173,0.865278,30.35,85.04,CleanAir,0.0,safe
5279,2024-01-01T14:39:40,0.260749,0.133829,0.068562,33.91,59.23,Smoke,126.02,unsafe
5280,2024-01-01T14:39:50,0.038636,0.022418,0.181428,29.51,48.48,Hydrogen,1677.87,safe
5281,2024-01-01T14:40:00,1.661797,1.32703,0.890388,39.93,82.13,CleanAir,0.0,safe
5282,2024-01-01T14:40:10,0.376999,0.43319,0.133083,36.76,36.67,CO,1804.35,unsafe
5283,2024-01-01T14:40:20,1.660423,1.346455,0.894973,35.58,66.94,CleanAir,0.0,safe
5284,2024-01-01T14:40:30,0.340914,0.009738,0.140015,26.55,32.29,Alcohol,801.17,safe
5285,2024-01-01T14:40:40,1.626649,1.271195,0.83188,16.01,86.09,CleanAir,0.0,safe
5286,2024-01-01T14:40:50,0.739917,0.740704,0.168826,24.45,33.46,Methane,10044.57,unsafe
5287,2024-01-01T14:41:00,1.653501,1.348747,0.90776,29.27,59.69,CleanAir,0.0,safe
5288,2024-01-01T14:41:10,0.365865,0.196808,0.164389,38.34,79.61,Alcohol,1321.35,unsafe
5289,2024-01-01T14:41:20,1.683897,1.347822,0.90737,16.18,34.11,CleanAir,0.0,safe
5290,2024-01-01T14:41:30,1.668423,1.322608,0.880661,24.76,63.35,CleanAir,0.0,safe
5291,2024-01-01T14:41:40,1.675409,1.31053,0.893124,38.55,80.05,CleanAir,0.0,safe
5292,2024-01-01T14:41:50,0.73646,0.430846,0.159026,18.43,57.39,LPG,4381.02,unsafe
5293,2024-01-01T14:42:00,1.644492,1.318394,0.867208,27.48,76.2,CleanAir,0.0,safe
5294,2024-01-01T14:42:10,1.689792,1.369454,0.901658,17.79,32.16,CleanAir,0.0,safe
5295,2024-01-01T14:42:20,1.721569,1.383633,0.931435,30.13,31.94,CleanAir,0.0,safe
5296,2024-01-01T14:42:30,0.393123,0.204716,0.189306,33.98,31.34,Methane,13569.33,unsafe
5297,2024-01-01T14:42:40,1.689118,1.335414,0.922047,19.94,34.17,CleanAir,0.0,safe
5298,2024-01-01T14:42:50,0.551897,0.230581,0.153944,38.43,76.27,Smoke,677.22,unsafe
5299,2024-01-01T14:43:00,1.657935,1.302679,0.882277,12.7,62.84,CleanAir,0.0,safe
5300,2024-01-01T14:43:10,0.106092,0.058587,0.022473,26.76,53.04,LPG,4580.74,unsafe
5301,2024-01-01T14:43:20,0.776287,0.313467,0.18075,14.9,63.35,Propane,2897.79,unsafe
5302,2024-01-01T14:43:30,0.280788,0.015942,0.006366,10.65,35.38,CO,679.35,unsafe
5303,2024-01-01T14:43:40,0.785911,0.843656,0.041713,12.64,84.08,Methane,19540.92,unsafe
5304,2024-01-01T14:43:50,0.07327,0.659875,0.148018,12.18,70.23,Methane,8047.98,unsafe
5305,2024-01-01T14:44:00,1.713729,1.359932,0.927714,34.98,44.14,CleanAir,0.0,safe
5306,2024-01-01T14:44:10,0.281858,0.006601,0.07681,33.86,31.25,LPG,240.75,safe
5307,2024-01-01T14:44:20,0.388515,0.212112,0.184927,27.44,63.12,Alcohol,1697.67,unsafe
5308,2024-01-01T14:44:30,0.197756,0.102821,0.142742,27.66,86.23,Methane,6803.9,unsafe
5309,2024-01-01T14:44:40,1.637762,1.313297,0.853733,23.45,74.81,CleanAir,0.0,safe
5310,2024-01-01T14:44:50,0.856554,0.346119,0.195704,24.52,89.33,Propane,4190.89,unsafe
5311,2024-01-01T14:45:00,0.548645,0.264848,0.201478,17.93,77.32,Hydrogen,2756.11,safe
5312,2024-01-01T14:45:10,1.649768,1.311052,0.899318,37.16,79.13,CleanAir,0.0,safe
5313,2024-01-01T14:45:20,1.660577,1.349774,0.892447,31.96,67.62,CleanAir,0.0,safe
5314,2024-01-01T14:45:30,0.574356,0.022675,0.016336,37.27,79.33,LPG,2032.12,unsafe
5315,2024-01-01T14:45:40,0.016094,0.201735,0.075677,10.01,65.52,CO,409.94,unsafe
5316,2024-01-01T14:45:50,1.653328,1.3152,0.886916,26.1,72.4,CleanAir,0.0,safe
5317,2024-01-01T14:46:00,0.550933,0.225439,0.152637,18.06,53.24,Smoke,697.46,unsafe
5318,2024-01-01T14:46:10,1.642919,1.291148,0.885576,11.67,48.18,CleanAir,0.0,safe
5319,2024-01-01T14:46:20,0.609775,0.297731,0.224935,27.43,42.56,Hydrogen,3049.72,safe
5320,2024-01-01T14:46:30,0.365577,0.203643,0.175251,24.03,70.29,Alcohol,1615.34,unsafe
5321,2024-01-01T14:46:40,1.676374,1.386641,0.912869,25.59,34.1,CleanAir,0.0,safe
5322,2024-01-01T14:46:50,0.026019,0.031854,0.009497,13.18,51.44,CO,1677.91,unsafe
5323,2024-01-01T14:47:00,0.67382,0.016159,0.191487,34.8,43.13,Smoke,998.27,unsafe
5324,2024-01-01T14:47:10,1.630457,1.333655,0.856965,12.1,64.07,CleanAir,0.0,safe
5325,2024-01-01T14:47:20,0.174755,0.117063,0.054471,18.9,70.1,CO,122.61,unsafe
5326,2024-01-01T14:47:30,0.158242,0.096648,0.042346,37.96,82.27,Smoke,52.01,unsafe
5327,2024-01-01T14:47:40,0.58503,0.228565,0.155336,16.19,87.66,Smoke,878.34,unsafe
5328,2024-01-01T14:47:50,1.625223,1.314896,0.866527,17.88,71.75,CleanAir,0.0,safe
5329,2024-01-01T14:48:00,1.652804,1.332644,0.852705,15.18,62.75,CleanAir,0.0,safe
5330,2024-01-01T14:48:10,1.678497,1.376446,0.924408,34.08,42.78,CleanAir,0.0,safe
5331,2024-01-01T14:48:20,0.558736,0.272914,0.016291,37.94,56.94,Hydrogen,2299.73,safe
5332,2024-01-01T14:48:30,1.638135,1.323481,0.887957,25.19,52.0,CleanAir,0.0,safe
5333,2024-01-01T14:48:40,0.006418,0.003208,0.05202,10.17,47.79,Alcohol,106.51,safe
5334,2024-01-01T14:48:50,0.146414,0.324549,0.025123,31.17,53.67,Hydrogen,4642.55,safe
5335,2024-01-01T14:49:00,1.616158,1.331599,0.867155,23.03,54.33,CleanAir,0.0,safe
5336,2024-01-01T14:49:10,1.612945,1.308865,0.852246,20.53,84.42,CleanAir,0.0,safe
5337,2024-01-01T14:49:20,0.435656,0.221035,0.154511,25.89,60.33,Hydrogen,1241.19,safe
5338,2024-01-01T14:49:30,0.560958,0.31816,0.121465,25.12,58.92,LPG,1923.87,unsafe
5339,2024-01-01T14:49:40,1.635559,1.317662,0.875672,18.63,59.9,CleanAir,0.0,safe
5340,2024-01-01T14:49:50,1.672785,1.353083,0.875028,17.89,37.52,CleanAir,0.0,safe
5341,2024-01-01T14:50:00,1.674235,1.37634,0.910299,31.51,49.53,CleanAir,0.0,safe
5342,2024-01-01T14:50:10,0.320664,0.165381,0.10978,22.78,89.45,Hydrogen,584.09,safe
5343,2024-01-01T14:50:20,1.644929,1.281582,0.859949,15.42,63.51,CleanAir,0.0,safe
5344,2024-01-01T14:50:30,1.678295,1.380542,0.92787,38.49,46.9,CleanAir,0.0,safe
5345,2024-01-01T14:50:40,0.622607,0.075277,0.140843,19.79,41.72,Methane,5879.11,unsafe
5346,2024-01-01T14:50:50,0.33722,0.012867,0.140507,11.49,51.48,Alcohol,1060.92,unsafe
5347,2024-01-01T14:51:00,1.646827,1.339066,0.87272,32.39,65.21,CleanAir,0.0,safe
5348,2024-01-01T14:51:10,0.807104,0.8469,0.031975,16.49,42.47,Methane,16872.5,unsafe
5349,2024-01-01T14:51:20,0.051898,0.038229,0.211167,15.69,41.84,Hydrogen,3054.84,safe
5350,2024-01-01T14:51:30,1.666535,1.335423,0.880897,15.9,38.04,CleanAir,0.0,safe
5351,2024-01-01T14:51:40,0.55438,0.216942,0.145388,11.26,81.97,Smoke,795.23,unsafe
5352,2024-01-01T14:51:50,0.283207,0.163796,0.006536,21.59,76.66,Alcohol,643.29,safe
5353,2024-01-01T14:52:00,0.661429,0.314005,0.244267,13.55,38.79,Hydrogen,4508.45,safe
5354,2024-01-01T14:52:10,0.821784,0.857715,0.183917,38.67,65.36,Methane,16970.95,unsafe
5355,2024-01-01T14:52:20,0.504839,0.01273,0.006525,39.45,51.76,Propane,733.86,safe
5356,2024-01-01T14:52:30,0.44911,0.203274,0.006424,35.32,38.66,Propane,531.97,safe
5357,2024-01-01T14:52:40,0.25646,0.235284,0.080438,21.5,88.97,CO,590.9,unsafe
5358,2024-01-01T14:52:50,0.148057,0.093195,0.038093,38.47,40.1,Smoke,36.64,safe
5359,2024-01-01T14:53:00,0.239473,0.137855,0.083306,20.77,81.45,Alcohol,332.74,safe
5360,2024-01-01T14:53:10,1.581081,1.306593,0.818228,23.08,88.78,CleanAir,0.0,safe
5361,2024-01-01T14:53:20,1.607366,1.27174,0.813862,10.19,83.27,CleanAir,0.0,safe
5362,2024-01-01T14:53:30,0.123341,0.3636,0.207058,15.28,53.26,Propane,4732.28,unsafe
5363,2024-01-01T14:53:40,0.003266,0.054757,0.036019,27.11,51.38,CO,22.71,safe
5364,2024-01-01T14:53:50,0.224972,0.175159,0.069758,29.0,43.33,CO,245.67,unsafe
5365,2024-01-01T14:54:00,0.14556,0.376561,0.209736,34.72,67.33,Propane,4722.79,unsafe
5366,2024-01-01T14:54:10,0.672481,0.277044,0.013051,31.9,86.07,Propane,1849.12,unsafe
5367,2024-01-01T14:54:20,0.487638,0.016215,0.108202,35.4,86.22,LPG,1334.26,unsafe
5368,2024-01-01T14:54:30,0.0875,0.032187,0.194292,24.05,32.11,Propane,3243.78,unsafe
5369,2024-01-01T14:54:40,1.603646,1.275285,0.832073,17.8,85.68,CleanAir,0.0,safe
5370,2024-01-01T14:54:50,1.664977,1.361953,0.866324,11.41,37.89,CleanAir,0.0,safe
5371,2024-01-01T14:55:00,1.633231,1.305796,0.841463,11.47,57.14,CleanAir,0.0,safe
5372,2024-01-01T14:55:10,0.022868,0.029296,0.108065,18.65,89.5,CO,1663.95,unsafe
5373,2024-01-01T14:55:20,0.193907,0.771583,0.173427,35.51,46.45,Methane,11292.15,unsafe
5374,2024-01-01T14:55:30,0.190381,0.776761,0.168059,30.86,56.57,Methane,11563.77,unsafe
5375,2024-01-01T14:55:40,0.003249,0.09396,0.0,23.77,83.47,Smoke,50.5,unsafe
5376,2024-01-01T14:55:50,0.130002,0.905847,0.045111,34.22,56.15,Methane,18692.11,unsafe
5377,2024-01-01T14:56:00,1.695842,1.362808,0.90376,27.14,39.06,CleanAir,0.0,safe
5378,2024-01-01T14:56:10,1.672939,1.34273,0.879366,27.01,40.19,CleanAir,0.0,safe
5379,2024-01-01T14:56:20,1.662198,1.332242,0.877972,15.6,41.98,CleanAir,0.0,safe
5380,2024-01-01T14:56:30,1.603538,1.298654,0.845008,26.71,85.08,CleanAir,0.0,safe
5381,2024-01-01T14:56:40,0.064153,0.242886,0.175804,14.0,46.85,Hydrogen,1849.78,safe
5382,2024-01-01T14:56:50,0.109618,0.162969,0.035642,37.29,50.85,Methane,13316.28,unsafe
5383,2024-01-01T14:57:00,0.546084,0.259629,0.198072,27.77,40.67,Hydrogen,2146.36,safe
5384,2024-01-01T14:57:10,1.667833,1.357585,0.904033,27.69,48.31,CleanAir,0.0,safe
5385,2024-01-01T14:57:20,0.548533,0.256726,0.19861,11.32,61.67,Hydrogen,2735.36,safe
5386,2024-01-01T14:57:30,0.238314,0.211285,0.003202,11.06,80.12,CO,473.95,unsafe
5387,2024-01-01T14:57:40,0.86917,0.342734,0.196741,22.1,51.06,Propane,3534.91,unsafe
5388,2024-01-01T14:57:50,1.609624,1.285601,0.836748,12.74,80.61,CleanAir,0.0,safe
5389,2024-01-01T14:58:00,0.35193,0.012994,0.009791,36.79,55.78,Alcohol,988.04,safe
5390,2024-01-01T14:58:10,0.602737,0.340823,0.128606,20.18,55.48,LPG,2390.26,unsafe
5391,2024-01-01T14:58:20,0.344445,0.035197,0.006381,13.9,47.53,CO,1679.21,unsafe
5392,2024-01-01T14:58:30,1.634722,1.318248,0.891278,33.56,64.69,CleanAir,0.0,safe
5393,2024-01-01T14:58:40,0.051886,0.025723,0.009639,38.74,75.58,LPG,2301.94,unsafe
5394,2024-01-01T14:58:50,0.091933,0.271484,0.209602,38.67,89.31,Hydrogen,2830.62,safe
5395,2024-01-01T14:59:00,1.612956,1.271491,0.836625,14.1,88.37,CleanAir,0.0,safe
5396,2024-01-01T14:59:10,0.047824,0.385098,0.009803,10.17,84.73,CO,1979.83,unsafe
5397,2024-01-01T14:59:20,1.675321,1.32845,0.893685,39.39,67.39,CleanAir,0.0,safe
5398,2024-01-01T14:59:30,0.1254,0.041866,0.233162,33.41,38.34,Propane,4944.25,unsafe
5399,2024-01-01T14:59:40,0.384864,0.805264,0.054777,19.27,54.42,Methane,14815.18,unsafe
5400,2024-01-01T14:59:50,0.359888,0.192296,0.156108,26.95,77.03,Alcohol,1292.98,unsafe
5401,2024-01-01T15:00:00,1.68052,1.347758,0.901867,35.52,49.25,CleanAir,0.0,safe
5402,2024-01-01T15:00:10,1.664307,1.321308,0.895774,17.95,52.52,CleanAir,0.0,safe
5403,2024-01-01T15:00:20,0.118262,0.032659,0.13077,37.75,72.58,LPG,2337.29,unsafe
5404,2024-01-01T15:00:30,1.631789,1.300301,0.843304,21.75,88.9,CleanAir,0.0,safe
5405,2024-01-01T15:00:40,0.432394,0.193418,0.115577,36.02,75.89,Smoke,395.77,unsafe
5406,2024-01-01T15:00:50,0.284838,0.156448,0.10526,36.8,65.34,Alcohol,460.3,safe
5407,2024-01-01T15:01:00,0.321561,0.154857,0.085374,11.48,31.07,Smoke,201.41,unsafe
5408,2024-01-01T15:01:10,1.665874,1.340266,0.876928,31.94,59.57,CleanAir,0.0,safe
5409,2024-01-01T15:01:20,0.260841,0.147241,0.167622,38.04,88.7,Methane,12933.36,unsafe
5410,2024-01-01T15:01:30,1.663201,1.334238,0.875955,33.71,78.05,CleanAir,0.0,safe
5411,2024-01-01T15:01:40,0.370617,0.786843,0.037889,26.35,53.95,Methane,13387.82,unsafe
5412,2024-01-01T15:01:50,1.682885,1.335169,0.924969,31.46,49.39,CleanAir,0.0,safe
5413,2024-01-01T15:02:00,1.677314,1.337533,0.898493,18.44,38.81,CleanAir,0.0,safe
5414,2024-01-01T15:02:10,1.635348,1.295814,0.864887,13.78,65.75,CleanAir,0.0,safe
5415,2024-01-01T15:02:20,0.21476,0.322617,0.18014,33.28,82.25,Methane,17718.34,unsafe
5416,2024-01-01T15:02:30,0.052012,0.259112,0.012997,27.23,45.5,Smoke,995.02,unsafe
5417,2024-01-01T15:02:40,1.636208,1.324685,0.859022,25.87,79.37,CleanAir,0.0,safe
5418,2024-01-01T15:02:50,0.613418,0.23541,0.165757,10.13,69.79,Smoke,987.45,unsafe
5419,2024-01-01T15:03:00,1.620998,1.303272,0.87161,17.16,53.67,CleanAir,0.0,safe
5420,2024-01-01T15:03:10,0.714546,0.390334,0.147576,27.11,68.44,LPG,3711.02,unsafe
5421,2024-01-01T15:03:20,0.330804,0.375692,0.117877,13.61,57.98,CO,1611.11,unsafe
5422,2024-01-01T15:03:30,0.39166,0.013038,0.093379,34.93,46.13,LPG,575.95,safe
5423,2024-01-01T15:03:40,1.660025,1.314977,0.881422,24.75,69.22,CleanAir,0.0,safe
5424,2024-01-01T15:03:50,1.606907,1.276841,0.847546,14.76,82.5,CleanAir,0.0,safe
5425,2024-01-01T15:04:00,0.225553,0.442025,0.168065,15.17,30.51,LPG,4678.75,unsafe
5426,2024-01-01T15:04:10,0.648296,0.356246,0.145188,33.19,44.78,LPG,2316.75,unsafe
5427,2024-01-01T15:04:20,1.662291,1.367189,0.889859,22.0,45.43,CleanAir,0.0,safe
5428,2024-01-01T15:04:30,1.648064,1.296512,0.86257,21.21,69.26,CleanAir,0.0,safe
5429,2024-01-01T15:04:40,0.016014,0.264123,0.003166,32.39,32.31,CO,597.48,unsafe
5430,2024-01-01T15:04:50,0.109347,0.329927,0.199013,21.39,86.93,Propane,4162.41,unsafe
5431,2024-01-01T15:05:00,0.070981,0.267201,0.016154,10.96,43.14,Hydrogen,2610.69,safe
5432,2024-01-01T15:05:10,0.243585,0.006451,0.08472,34.82,60.99,Alcohol,250.89,safe
5433,2024-01-01T15:05:20,0.35885,0.198222,0.160193,30.96,42.23,Alcohol,1061.49,unsafe
5434,2024-01-01T15:05:30,1.641976,1.316956,0.878047,36.05,83.75,CleanAir,0.0,safe
5435,2024-01-01T15:05:40,1.653985,1.302463,0.873526,10.62,53.79,CleanAir,0.0,safe
5436,2024-01-01T15:05:50,0.00644,0.11892,0.057592,25.36,38.85,Smoke,87.02,unsafe
5437,2024-01-01T15:06:00,0.051281,0.247271,0.171398,15.98,58.38,Smoke,965.05,unsafe
5438,2024-01-01T15:06:10,1.709815,1.368718,0.914508,37.17,56.87,CleanAir,0.0,safe
5439,2024-01-01T15:06:20,0.310829,0.171658,0.126364,16.18,52.06,Alcohol,744.64,safe
5440,2024-01-01T15:06:30,1.652552,1.295135,0.850082,20.87,76.43,CleanAir,0.0,safe
5441,2024-01-01T15:06:40,0.074639,0.292924,0.169688,19.81,54.15,Propane,2291.92,unsafe
5442,2024-01-01T15:06:50,0.391514,0.013044,0.095195,34.34,64.68,LPG,610.22,safe
5443,2024-01-01T15:07:00,0.33309,0.178713,0.143417,22.22,84.96,Alcohol,1069.84,unsafe
5444,2024-01-01T15:07:10,1.677808,1.299849,0.882624,11.61,46.82,CleanAir,0.0,safe
5445,2024-01-01T15:07:20,1.690153,1.322189,0.905156,38.94,72.36,CleanAir,0.0,safe
5446,2024-01-01T15:07:30,0.159235,0.762489,0.176162,38.84,30.56,Methane,9997.79,unsafe
5447,2024-01-01T15:07:40,0.241174,0.124312,0.064906,19.63,41.31,Smoke,107.91,unsafe
5448,2024-01-01T15:07:50,1.705261,1.346894,0.897679,23.58,40.91,CleanAir,0.0,safe
5449,2024-01-01T15:08:00,0.02215,0.324204,0.10851,39.01,79.61,CO,1119.99,unsafe
5450,2024-01-01T15:08:10,1.70468,1.348097,0.921305,38.34,58.02,CleanAir,0.0,safe
5451,2024-01-01T15:08:20,0.545705,0.258633,0.197865,23.22,60.97,Hydrogen,2288.51,safe
5452,2024-01-01T15:08:30,1.719446,1.344037,0.923934,35.49,42.73,CleanAir,0.0,safe
5453,2024-01-01T15:08:40,0.264394,0.225913,0.003212,15.08,32.66,CO,453.96,unsafe
5454,2024-01-01T15:08:50,1.648934,1.307003,0.905446,26.22,55.98,CleanAir,0.0,safe
5455,2024-01-01T15:09:00,0.689823,0.311233,0.252515,39.93,50.27,Hydrogen,3964.94,safe
5456,2024-01-01T15:09:10,0.890386,0.038787,0.200486,32.65,66.33,Propane,3620.96,unsafe
5457,2024-01-01T15:09:20,0.128088,0.786139,0.173817,28.58,76.74,Methane,14276.84,unsafe
5458,2024-01-01T15:09:30,0.300631,0.1651,0.118445,12.41,53.42,Alcohol,684.03,safe
5459,2024-01-01T15:09:40,0.09979,0.28435,0.238589,16.59,58.17,Hydrogen,3991.76,safe
5460,2024-01-01T15:09:50,0.612443,0.24527,0.169518,24.14,31.56,Smoke,789.39,unsafe
5461,2024-01-01T15:10:00,1.690986,1.312228,0.915029,34.44,44.96,CleanAir,0.0,safe
5462,2024-01-01T15:10:10,0.418216,0.220682,0.196277,36.64,63.09,Alcohol,1938.74,unsafe
5463,2024-01-01T15:10:20,1.681773,1.341904,0.877262,28.73,66.49,CleanAir,0.0,safe
5464,2024-01-01T15:10:30,0.465263,0.257767,0.105641,29.17,75.42,LPG,1100.03,unsafe
5465,2024-01-01T15:10:40,0.594186,0.283003,0.019245,16.17,32.17,Hydrogen,2955.02,safe
5466,2024-01-01T15:10:50,1.684762,1.332655,0.900135,25.82,56.04,CleanAir,0.0,safe
5467,2024-01-01T15:11:00,1.674759,1.316761,0.882329,37.63,88.92,CleanAir,0.0,safe
5468,2024-01-01T15:11:10,0.675698,0.035643,0.137172,25.17,88.77,LPG,3194.95,unsafe
5469,2024-01-01T15:11:20,1.591977,1.265556,0.838722,10.38,79.74,CleanAir,0.0,safe
5470,2024-01-01T15:11:30,1.686606,1.355642,0.902139,24.85,40.43,CleanAir,0.0,safe
5471,2024-01-01T15:11:40,1.653017,1.297368,0.854119,24.66,74.45,CleanAir,0.0,safe
5472,2024-01-01T15:11:50,0.473304,0.009633,0.126686,17.11,41.42,Smoke,461.86,unsafe
5473,2024-01-01T15:12:00,0.012851,0.006438,0.092308,34.15,76.72,Alcohol,364.14,safe
5474,2024-01-01T15:12:10,0.073023,0.299566,0.025534,35.94,55.79,Hydrogen,3525.45,safe
5475,2024-01-01T15:12:20,0.755639,0.074528,0.155076,16.02,81.58,LPG,4998.34,unsafe
5476,2024-01-01T15:12:30,0.806848,0.830138,0.180982,34.04,51.97,Methane,14802.05,unsafe
5477,2024-01-01T15:12:40,0.082798,0.28864,0.164026,14.49,37.63,Propane,2040.56,unsafe
5478,2024-01-01T15:12:50,1.678257,1.33616,0.889287,36.34,76.88,CleanAir,0.0,safe
5479,2024-01-01T15:13:00,0.788351,0.452136,0.168417,19.4,34.09,LPG,4923.61,unsafe
5480,2024-01-01T15:13:10,0.116023,0.226468,0.032914,13.44,55.44,Methane,11996.49,unsafe
5481,2024-01-01T15:13:20,1.680853,1.321405,0.87008,23.19,63.91,CleanAir,0.0,safe
5482,2024-01-01T15:13:30,0.074867,0.019361,0.19137,19.88,59.25,Hydrogen,2122.17,safe
5483,2024-01-01T15:13:40,1.691506,1.331424,0.898543,12.28,37.89,CleanAir,0.0,safe
5484,2024-01-01T15:13:50,1.647721,1.287096,0.836553,11.33,69.09,CleanAir,0.0,safe
5485,2024-01-01T15:14:00,1.623292,1.306051,0.854307,10.38,62.29,CleanAir,0.0,safe
5486,2024-01-01T15:14:10,1.641416,1.290654,0.8562,18.96,74.97,CleanAir,0.0,safe
5487,2024-01-01T15:14:20,0.006475,0.10606,0.057663,13.49,88.58,Alcohol,141.15,safe
5488,2024-01-01T15:14:30,1.653384,1.292356,0.852704,10.46,71.95,CleanAir,0.0,safe
5489,2024-01-01T15:14:40,0.025841,0.009579,0.111971,36.71,84.71,Smoke,387.43,unsafe
5490,2024-01-01T15:14:50,1.650095,1.267584,0.852988,15.52,79.95,CleanAir,0.0,safe
5491,2024-01-01T15:15:00,1.677954,1.327561,0.871495,16.92,52.11,CleanAir,0.0,safe
5492,2024-01-01T15:15:10,1.639621,1.289618,0.873871,33.23,83.11,CleanAir,0.0,safe
5493,2024-01-01T15:15:20,0.009565,0.129008,0.003235,39.44,77.81,Alcohol,212.74,safe
5494,2024-01-01T15:15:30,1.673487,1.35061,0.890888,28.24,47.73,CleanAir,0.0,safe
5495,2024-01-01T15:15:40,0.629935,0.077801,0.140258,28.21,75.94,Methane,6665.93,unsafe
5496,2024-01-01T15:15:50,0.426018,0.236932,0.006431,13.27,68.82,LPG,939.21,safe
5497,2024-01-01T15:16:00,0.019354,0.16915,0.130578,11.99,72.26,Alcohol,940.94,safe
5498,2024-01-01T15:16:10,1.675259,1.308303,0.865758,25.87,79.46,CleanAir,0.0,safe
5499,2024-01-01T15:16:20,1.668643,1.338419,0.888039,18.83,45.13,CleanAir,0.0,safe
5500,2024-01-01T15:16:30,1.636216,1.301538,0.861263,11.97,52.23,CleanAir,0.0,safe
5501,2024-01-01T15:16:40,0.682733,0.054785,0.009732,34.11,59.55,LPG,3066.26,unsafe
5502,2024-01-01T15:16:50,0.019599,0.170808,0.095645,14.96,56.65,Propane,437.91,safe
5503,2024-01-01T15:17:00,1.632675,1.300438,0.879732,11.74,46.22,CleanAir,0.0,safe
5504,2024-01-01T15:17:10,0.674964,0.0388,0.022366,36.28,33.14,Hydrogen,3954.37,safe
5505,2024-01-01T15:17:20,1.679396,1.277564,0.857383,22.35,69.13,CleanAir,0.0,safe
5506,2024-01-01T15:17:30,1.691281,1.356974,0.933653,33.38,43.85,CleanAir,0.0,safe
5507,2024-01-01T15:17:40,1.681597,1.374875,0.89617,21.14,30.17,CleanAir,0.0,safe
5508,2024-01-01T15:17:50,0.488997,0.022756,0.112846,22.62,60.1,LPG,1305.07,unsafe
5509,2024-01-01T15:18:00,0.066906,0.291291,0.012839,28.36,82.44,Propane,2465.21,unsafe
5510,2024-01-01T15:18:10,0.07445,0.341016,0.134627,32.53,72.14,LPG,2537.95,unsafe
5511,2024-01-01T15:18:20,1.678302,1.319352,0.894193,28.02,64.18,CleanAir,0.0,safe
5512,2024-01-01T15:18:30,0.733203,0.03918,0.15722,35.4,51.52,LPG,3524.6,unsafe
5513,2024-01-01T15:18:40,1.609526,1.300864,0.856069,17.38,70.09,CleanAir,0.0,safe
5514,2024-01-01T15:18:50,0.380459,0.012805,0.133239,28.33,85.05,Hydrogen,880.59,safe
5515,2024-01-01T15:19:00,0.327148,0.353065,0.113335,25.49,62.97,CO,1373.03,unsafe
5516,2024-01-01T15:19:10,0.4743,0.196529,0.128401,36.64,76.87,Smoke,484.72,unsafe
5517,2024-01-01T15:19:20,0.022634,0.176748,0.100883,36.21,78.24,Propane,496.67,safe
5518,2024-01-01T15:19:30,0.022366,0.184229,0.006527,36.96,87.81,Smoke,398.32,unsafe
5519,2024-01-01T15:19:40,0.381063,0.200694,0.168879,35.29,47.42,Alcohol,1220.4,unsafe
5520,2024-01-01T15:19:50,1.676132,1.256136,0.858649,10.07,62.05,CleanAir,0.0,safe
5521,2024-01-01T15:20:00,0.016077,0.261138,0.093416,24.68,80.75,CO,769.6,unsafe
5522,2024-01-01T15:20:10,0.676223,0.372086,0.146651,38.07,69.55,LPG,2877.32,unsafe
5523,2024-01-01T15:20:20,0.348855,0.387417,0.009702,30.47,59.07,CO,1623.03,unsafe
5524,2024-01-01T15:20:30,1.624991,1.277354,0.856288,12.6,71.33,CleanAir,0.0,safe
5525,2024-01-01T15:20:40,0.253885,0.00958,0.080199,37.24,71.68,CO,401.03,unsafe
5526,2024-01-01T15:20:50,1.678719,1.361209,0.924877,35.61,45.55,CleanAir,0.0,safe
5527,2024-01-01T15:21:00,0.209331,0.003247,0.068013,14.65,74.97,Alcohol,198.33,safe
5528,2024-01-01T15:21:10,1.646637,1.320807,0.885597,18.18,50.9,CleanAir,0.0,safe
5529,2024-01-01T15:21:20,0.354926,0.015911,0.016097,14.26,48.64,Alcohol,1255.08,unsafe
5530,2024-01-01T15:21:30,0.179067,0.38655,0.015962,10.35,77.37,LPG,4138.72,unsafe
5531,2024-01-01T15:21:40,1.672179,1.332579,0.917423,29.99,35.14,CleanAir,0.0,safe
5532,2024-01-01T15:21:50,1.622072,1.267639,0.858163,19.15,82.89,CleanAir,0.0,safe
5533,2024-01-01T15:22:00,0.522188,0.208473,0.142189,13.38,34.85,Smoke,574.68,unsafe
5534,2024-01-01T15:22:10,1.690228,1.321986,0.90369,23.54,38.67,CleanAir,0.0,safe
5535,2024-01-01T15:22:20,0.337908,0.366391,0.009663,34.91,58.05,CO,1379.24,unsafe
5536,2024-01-01T15:22:30,0.045613,0.214291,0.006507,12.9,48.94,Smoke,678.44,unsafe
5537,2024-01-01T15:22:40,1.709133,1.318279,0.876587,37.25,77.5,CleanAir,0.0,safe
5538,2024-01-01T15:22:50,1.65204,1.312615,0.883343,34.23,89.41,CleanAir,0.0,safe
5539,2024-01-01T15:23:00,1.640277,1.288293,0.878141,29.88,81.85,CleanAir,0.0,safe
5540,2024-01-01T15:23:10,1.682238,1.318162,0.908339,27.23,43.74,CleanAir,0.0,safe
5541,2024-01-01T15:23:20,0.076656,0.299086,0.256126,31.5,75.18,Hydrogen,4587.31,safe
5542,2024-01-01T15:23:30,1.702285,1.353218,0.906908,31.81,48.03,CleanAir,0.0,safe
5543,2024-01-01T15:23:40,0.353453,0.201267,0.086336,22.63,34.36,LPG,485.28,safe
5544,2024-01-01T15:23:50,1.667842,1.281946,0.857645,24.35,86.98,CleanAir,0.0,safe
5545,2024-01-01T15:24:00,1.719808,1.356737,0.939044,28.56,31.0,CleanAir,0.0,safe
5546,2024-01-01T15:24:10,1.63318,1.311696,0.868717,29.14,85.55,CleanAir,0.0,safe
5547,2024-01-01T15:24:20,0.540282,0.293697,0.123708,34.31,71.11,LPG,1635.48,unsafe
5548,2024-01-01T15:24:30,1.712147,1.351678,0.920564,31.85,42.88,CleanAir,0.0,safe
5549,2024-01-01T15:24:40,0.120208,0.031784,0.025752,35.85,49.02,Propane,3487.01,unsafe
5550,2024-01-01T15:24:50,1.658252,1.330485,0.893239,21.85,64.37,CleanAir,0.0,safe
5551,2024-01-01T15:25:00,0.009917,0.147331,0.070542,35.0,46.29,LPG,201.39,safe
5552,2024-01-01T15:25:10,0.324796,0.174337,0.006441,20.08,69.46,Alcohol,948.97,safe
5553,2024-01-01T15:25:20,1.639742,1.285412,0.858362,18.22,80.19,CleanAir,0.0,safe
5554,2024-01-01T15:25:30,0.178714,0.003222,0.050682,22.54,47.73,CO,84.84,unsafe
5555,2024-01-01T15:25:40,0.301595,0.274035,0.006405,25.37,35.16,CO,744.57,unsafe
5556,2024-01-01T15:25:50,0.921208,0.035298,0.015962,27.97,41.23,Propane,3916.54,unsafe
5557,2024-01-01T15:26:00,0.728745,0.286812,0.012814,17.51,68.74,Propane,2396.17,unsafe
5558,2024-01-01T15:26:10,0.822228,0.318873,0.016248,18.99,73.48,Propane,3466.56,unsafe
5559,2024-01-01T15:26:20,0.022593,0.009526,0.006455,29.66,55.17,Alcohol,568.16,safe
5560,2024-01-01T15:26:30,1.611644,1.294083,0.865912,24.44,76.15,CleanAir,0.0,safe
5561,2024-01-01T15:26:40,0.460938,0.24512,0.18794,13.83,43.19,Methane,19320.2,unsafe
5562,2024-01-01T15:26:50,0.375008,0.019198,0.178463,14.85,48.71,Alcohol,1658.94,unsafe
5563,2024-01-01T15:27:00,0.350754,0.157446,0.091275,36.2,89.34,Propane,364.19,safe
5564,2024-01-01T15:27:10,1.602932,1.284207,0.843821,19.85,87.75,CleanAir,0.0,safe
5565,2024-01-01T15:27:20,1.694939,1.341499,0.898673,35.97,56.96,CleanAir,0.0,safe
5566,2024-01-01T15:27:30,1.644985,1.305262,0.882523,11.69,50.47,CleanAir,0.0,safe
5567,2024-01-01T15:27:40,0.290417,0.162677,0.120683,30.56,89.41,Alcohol,685.6,safe
5568,2024-01-01T15:27:50,1.664659,1.336568,0.914809,18.83,36.96,CleanAir,0.0,safe
5569,2024-01-01T15:28:00,0.682666,0.696364,0.160358,21.83,35.88,Methane,8777.15,unsafe
5570,2024-01-01T15:28:10,1.671846,1.3434,0.922124,21.77,33.1,CleanAir,0.0,safe
5571,2024-01-01T15:28:20,0.063254,0.269728,0.016017,15.48,75.88,Hydrogen,3324.53,safe
5572,2024-01-01T15:28:30,1.693734,1.337951,0.897353,30.63,54.23,CleanAir,0.0,safe
5573,2024-01-01T15:28:40,1.643133,1.313456,0.897555,34.36,64.38,CleanAir,0.0,safe
5574,2024-01-01T15:28:50,0.785514,0.807827,0.032469,21.43,42.16,Methane,14674.13,unsafe
5575,2024-01-01T15:29:00,0.154778,0.377347,0.144594,12.12,50.61,LPG,3401.09,unsafe
5576,2024-01-01T15:29:10,0.567288,0.316269,0.12596,15.22,49.2,LPG,1971.74,unsafe
5577,2024-01-01T15:29:20,1.608445,1.314538,0.858679,20.57,65.85,CleanAir,0.0,safe
5578,2024-01-01T15:29:30,0.585884,0.016152,0.161866,28.31,33.42,Smoke,710.03,unsafe
5579,2024-01-01T15:29:40,0.777566,0.429859,0.028969,14.5,50.52,LPG,4968.28,unsafe
5580,2024-01-01T15:29:50,0.720133,0.041526,0.158013,38.43,49.94,LPG,3511.14,unsafe
5581,2024-01-01T15:30:00,0.231239,0.006486,0.003183,27.9,59.25,CO,328.49,unsafe
5582,2024-01-01T15:30:10,0.62265,0.25519,0.153674,28.97,34.98,Propane,1281.8,unsafe
5583,2024-01-01T15:30:20,0.717839,0.732517,0.022593,11.74,79.16,Methane,14272.02,unsafe
5584,2024-01-01T15:30:30,1.645229,1.288826,0.874744,14.17,58.91,CleanAir,0.0,safe
5585,2024-01-01T15:30:40,1.659521,1.336734,0.893184,27.48,51.66,CleanAir,0.0,safe
5586,2024-01-01T15:30:50,1.620675,1.265594,0.857458,25.03,89.39,CleanAir,0.0,safe
5587,2024-01-01T15:31:00,0.603298,0.041846,0.235685,19.77,82.32,Hydrogen,4088.49,safe
5588,2024-01-01T15:31:10,1.729931,1.37229,0.936139,37.26,39.89,CleanAir,0.0,safe
5589,2024-01-01T15:31:20,0.435661,0.185964,0.119988,37.35,63.14,Smoke,378.51,unsafe
5590,2024-01-01T15:31:30,0.325182,0.012858,0.145732,39.81,74.54,Alcohol,921.27,safe
5591,2024-01-01T15:31:40,1.637224,1.311429,0.884466,20.83,68.37,CleanAir,0.0,safe
5592,2024-01-01T15:31:50,1.615559,1.287949,0.87434,24.63,77.19,CleanAir,0.0,safe
5593,2024-01-01T15:32:00,1.677461,1.327032,0.89054,24.25,38.61,CleanAir,0.0,safe
5594,2024-01-01T15:32:10,1.627364,1.301508,0.892194,28.25,75.38,CleanAir,0.0,safe
5595,2024-01-01T15:32:20,1.703831,1.32941,0.936208,23.47,34.22,CleanAir,0.0,safe
5596,2024-01-01T15:32:30,0.681414,0.689009,0.158147,31.29,84.66,Methane,10152.95,unsafe
5597,2024-01-01T15:32:40,0.019324,0.009648,0.084338,37.13,73.83,LPG,411.99,safe
5598,2024-01-01T15:32:50,0.375403,0.012963,0.09377,29.79,65.36,LPG,621.52,safe
5599,2024-01-01T15:33:00,0.041714,0.289918,0.120918,14.97,57.39,LPG,1680.92,unsafe
5600,2024-01-01T15:33:10,0.278685,0.013026,0.09367,27.12,57.81,CO,664.75,unsafe
5601,2024-01-01T15:33:20,0.540922,0.252515,0.203086,21.17,73.96,Hydrogen,2688.6,safe
5602,2024-01-01T15:33:30,0.679488,0.385705,0.150371,31.15,43.94,LPG,2988.69,unsafe
5603,2024-01-01T15:33:40,1.687445,1.336382,0.91676,30.68,50.94,CleanAir,0.0,safe
5604,2024-01-01T15:33:50,0.698918,0.032843,0.01274,32.99,61.68,LPG,3479.82,unsafe
5605,2024-01-01T15:34:00,1.659814,1.302111,0.919895,22.11,54.98,CleanAir,0.0,safe
5606,2024-01-01T15:34:10,1.682655,1.35289,0.93342,35.3,49.81,CleanAir,0.0,safe
5607,2024-01-01T15:34:20,0.052046,0.038509,0.132796,38.41,50.98,CO,1755.51,unsafe
5608,2024-01-01T15:34:30,1.624524,1.296836,0.886247,35.83,82.32,CleanAir,0.0,safe
5609,2024-01-01T15:34:40,0.530816,0.21114,0.146587,10.78,45.69,Smoke,638.74,unsafe
5610,2024-01-01T15:34:50,1.675178,1.324437,0.913113,24.86,44.91,CleanAir,0.0,safe
5611,2024-01-01T15:35:00,1.627292,1.275899,0.873912,25.06,88.2,CleanAir,0.0,safe
5612,2024-01-01T15:35:10,0.600613,0.278573,0.032337,39.49,39.67,Hydrogen,2691.62,safe
5613,2024-01-01T15:35:20,0.417718,0.203459,0.158069,17.58,48.32,Hydrogen,1176.38,safe
5614,2024-01-01T15:35:30,1.663628,1.333045,0.936697,28.46,41.03,CleanAir,0.0,safe
5615,2024-01-01T15:35:40,1.643952,1.297953,0.877998,21.96,70.48,CleanAir,0.0,safe
5616,2024-01-01T15:35:50,0.774543,0.143381,0.044874,33.75,80.25,Methane,16870.01,unsafe
5617,2024-01-01T15:36:00,0.577063,0.272091,0.019148,27.78,72.04,Hydrogen,3111.48,safe
5618,2024-01-01T15:36:10,1.65585,1.311598,0.899683,32.86,59.98,CleanAir,0.0,safe
5619,2024-01-01T15:36:20,0.726933,0.738656,0.172561,17.85,53.08,Methane,12708.61,unsafe
5620,2024-01-01T15:36:30,0.556167,0.256844,0.210586,24.9,81.4,Hydrogen,3050.88,safe
5621,2024-01-01T15:36:40,0.299444,0.144503,0.079881,36.33,31.65,Smoke,151.67,unsafe
5622,2024-01-01T15:36:50,0.407114,0.176092,0.105323,35.65,53.37,Propane,456.65,safe
5623,2024-01-01T15:37:00,1.614623,1.289502,0.868587,25.16,78.37,CleanAir,0.0,safe
5624,2024-01-01T15:37:10,0.308554,0.009697,0.00634,32.91,41.76,Alcohol,619.62,safe
5625,2024-01-01T15:37:20,0.518324,0.211638,0.00642,31.23,73.97,Propane,934.74,safe
5626,2024-01-01T15:37:30,0.258732,0.125961,0.070429,18.54,76.4,Smoke,152.76,unsafe
5627,2024-01-01T15:37:40,0.628892,0.612389,0.149917,15.03,49.69,Methane,7204.51,unsafe
5628,2024-01-01T15:37:50,0.513613,0.21158,0.126323,31.31,60.94,Propane,860.76,safe
5629,2024-01-01T15:38:00,0.516351,0.208394,0.141173,34.28,38.15,Smoke,523.18,unsafe
5630,2024-01-01T15:38:10,0.831184,0.327899,0.199716,36.34,49.63,Propane,3044.45,unsafe
5631,2024-01-01T15:38:20,0.013163,0.006451,0.003282,30.79,84.4,Smoke,262.52,unsafe
5632,2024-01-01T15:38:30,0.009786,0.003264,0.003234,19.57,86.51,Smoke,128.77,unsafe
5633,2024-01-01T15:38:40,0.243332,0.122794,0.003228,28.04,59.99,Smoke,119.65,unsafe
5634,2024-01-01T15:38:50,0.050378,0.191047,0.170938,24.09,84.33,Alcohol,1685.85,unsafe
5635,2024-01-01T15:39:00,0.634847,0.02868,0.138185,14.69,49.21,LPG,2774.17,unsafe
5636,2024-01-01T15:39:10,0.147466,0.022727,0.233103,19.52,58.68,Hydrogen,3870.82,safe
5637,2024-01-01T15:39:20,1.6237,1.299863,0.869796,21.14,60.7,CleanAir,0.0,safe
5638,2024-01-01T15:39:30,1.644368,1.283542,0.865899,22.86,77.7,CleanAir,0.0,safe
5639,2024-01-01T15:39:40,1.618515,1.302077,0.879679,23.15,62.62,CleanAir,0.0,safe
5640,2024-01-01T15:39:50,0.0163,0.164549,0.127188,20.43,41.81,Alcohol,688.71,safe
5641,2024-01-01T15:40:00,0.351385,0.19397,0.087262,29.97,45.51,LPG,485.01,safe
5642,2024-01-01T15:40:10,1.636372,1.265888,0.870341,19.19,60.53,CleanAir,0.0,safe
5643,2024-01-01T15:40:20,1.607793,1.27321,0.873397,35.67,87.8,CleanAir,0.0,safe
5644,2024-01-01T15:40:30,0.739584,0.411692,0.15891,10.24,41.23,LPG,4809.36,unsafe
5645,2024-01-01T15:40:40,0.058366,0.016065,0.175732,10.66,39.25,Smoke,927.39,unsafe
5646,2024-01-01T15:40:50,0.656656,0.262909,0.155072,32.56,86.39,Propane,1890.8,unsafe
5647,2024-01-01T15:41:00,1.656875,1.329233,0.926678,28.3,34.36,CleanAir,0.0,safe
5648,2024-01-01T15:41:10,1.657914,1.331518,0.902833,20.04,46.29,CleanAir,0.0,safe
5649,2024-01-01T15:41:20,1.637975,1.274793,0.883128,21.92,54.63,CleanAir,0.0,safe
5650,2024-01-01T15:41:30,0.093109,0.308351,0.127945,29.04,71.25,LPG,1977.84,unsafe
5651,2024-01-01T15:41:40,0.099805,0.10401,0.025616,16.49,46.69,Methane,9957.08,unsafe
5652,2024-01-01T15:41:50,0.553947,0.308476,0.012901,18.29,57.46,LPG,1976.48,unsafe
5653,2024-01-01T15:42:00,0.767328,0.448554,0.013014,30.56,36.87,LPG,4566.15,unsafe
5654,2024-01-01T15:42:10,0.358444,0.193218,0.15864,33.3,43.38,Alcohol,1081.03,unsafe
5655,2024-01-01T15:42:20,1.65541,1.334528,0.876297,20.88,52.42,CleanAir,0.0,safe
5656,2024-01-01T15:42:30,0.68332,0.385786,0.14588,14.81,59.04,LPG,3711.03,unsafe
5657,2024-01-01T15:42:40,1.639407,1.289748,0.891823,17.33,42.94,CleanAir,0.0,safe
5658,2024-01-01T15:42:50,0.666152,0.363667,0.139252,19.46,84.71,LPG,3624.11,unsafe
5659,2024-01-01T15:43:00,1.675983,1.347612,0.901833,32.07,37.36,CleanAir,0.0,safe
5660,2024-01-01T15:43:10,0.66591,0.368126,0.14313,34.1,83.95,LPG,3317.45,unsafe
5661,2024-01-01T15:43:20,1.609539,1.266749,0.850968,14.71,74.39,CleanAir,0.0,safe
5662,2024-01-01T15:43:30,0.348996,0.181534,0.013054,24.39,72.41,Alcohol,1275.35,unsafe
5663,2024-01-01T15:43:40,1.609841,1.268654,0.835351,16.68,83.22,CleanAir,0.0,safe
5664,2024-01-01T15:43:50,0.064989,0.287258,0.022349,25.09,74.22,Propane,2411.51,unsafe
5665,2024-01-01T15:44:00,1.680493,1.315491,0.903912,28.43,39.3,CleanAir,0.0,safe
5666,2024-01-01T15:44:10,1.653608,1.298283,0.868098,22.97,77.43,CleanAir,0.0,safe
5667,2024-01-01T15:44:20,0.112831,0.749204,0.163646,34.51,78.58,Methane,11617.72,unsafe
5668,2024-01-01T15:44:30,1.578121,1.252469,0.842751,14.57,79.85,CleanAir,0.0,safe
5669,2024-01-01T15:44:40,1.605443,1.292187,0.885115,36.06,77.71,CleanAir,0.0,safe
5670,2024-01-01T15:44:50,0.125854,0.0,0.035339,23.17,80.28,Smoke,36.0,safe
5671,2024-01-01T15:45:00,0.406032,0.006482,0.109363,16.82,55.53,Smoke,359.09,unsafe
5672,2024-01-01T15:45:10,0.457943,0.19128,0.121327,28.75,68.37,Smoke,462.38,unsafe
5673,2024-01-01T15:45:20,1.705786,1.348807,0.935297,35.87,36.08,CleanAir,0.0,safe
5674,2024-01-01T15:45:30,0.689315,0.710824,0.15787,22.74,78.56,Methane,11621.96,unsafe
5675,2024-01-01T15:45:40,0.424855,0.212856,0.152391,33.42,41.26,Hydrogen,989.58,safe
5676,2024-01-01T15:45:50,1.694498,1.354196,0.884971,38.84,70.5,CleanAir,0.0,safe
5677,2024-01-01T15:46:00,0.507979,0.202949,0.006495,19.64,67.95,Smoke,615.76,unsafe
5678,2024-01-01T15:46:10,1.619454,1.284821,0.864948,24.83,79.05,CleanAir,0.0,safe
5679,2024-01-01T15:46:20,1.698403,1.329958,0.902079,26.35,47.98,CleanAir,0.0,safe
5680,2024-01-01T15:46:30,0.022485,0.179228,0.113557,31.21,61.38,Smoke,368.48,unsafe
5681,2024-01-01T15:46:40,0.288713,0.009471,0.117122,25.36,63.21,Alcohol,609.47,safe
5682,2024-01-01T15:46:50,0.022521,0.172354,0.107506,15.17,75.34,Smoke,408.99,unsafe
5683,2024-01-01T15:47:00,0.058838,0.029089,0.009857,11.74,72.0,LPG,2026.74,unsafe
5684,2024-01-01T15:47:10,0.507054,0.212194,0.136243,37.11,51.35,Smoke,507.63,unsafe
5685,2024-01-01T15:47:20,0.588479,0.319573,0.130445,13.64,43.19,LPG,2095.33,unsafe
5686,2024-01-01T15:47:30,1.572146,1.258891,0.856427,23.73,89.98,CleanAir,0.0,safe
5687,2024-01-01T15:47:40,1.722485,1.351711,0.911229,26.98,30.16,CleanAir,0.0,safe
5688,2024-01-01T15:47:50,1.6349,1.270946,0.880985,20.22,60.34,CleanAir,0.0,safe
5689,2024-01-01T15:48:00,1.636524,1.297229,0.899891,17.67,49.49,CleanAir,0.0,safe
5690,2024-01-01T15:48:10,1.658863,1.343496,0.911351,34.37,45.34,CleanAir,0.0,safe
5691,2024-01-01T15:48:20,1.618711,1.262784,0.83846,21.21,86.19,CleanAir,0.0,safe
5692,2024-01-01T15:48:30,1.689385,1.315925,0.904092,38.54,55.93,CleanAir,0.0,safe
5693,2024-01-01T15:48:40,0.048191,0.285668,0.012972,28.67,61.52,LPG,1532.04,unsafe
5694,2024-01-01T15:48:50,1.638205,1.26558,0.879591,20.58,63.51,CleanAir,0.0,safe
5695,2024-01-01T15:49:00,0.012936,0.134337,0.089402,23.97,67.81,Alcohol,353.9,safe
5696,2024-01-01T15:49:10,1.642116,1.276021,0.873494,17.93,50.33,CleanAir,0.0,safe
5697,2024-01-01T15:49:20,0.16617,0.280441,0.241381,10.89,58.17,Hydrogen,4339.13,safe
5698,2024-01-01T15:49:30,0.099276,0.264031,0.015987,29.04,37.01,Propane,1524.07,unsafe
5699,2024-01-01T15:49:40,0.866201,0.032643,0.189847,14.33,89.23,Propane,4267.52,unsafe
5700,2024-01-01T15:49:50,0.015986,0.162292,0.109139,38.2,84.99,Hydrogen,515.69,safe
5701,2024-01-01T15:50:00,0.369194,0.402088,0.009685,38.17,33.89,CO,1684.65,unsafe
5702,2024-01-01T15:50:10,0.317737,0.161425,0.006515,18.66,81.01,Alcohol,927.56,safe
5703,2024-01-01T15:50:20,0.36279,0.159495,0.003245,26.55,78.73,Propane,391.6,safe
5704,2024-01-01T15:50:30,1.624629,1.294778,0.869344,27.1,68.92,CleanAir,0.0,safe
5705,2024-01-01T15:50:40,0.272497,0.131842,0.070263,20.51,38.07,Smoke,141.7,unsafe
5706,2024-01-01T15:50:50,0.684225,0.66654,0.153682,37.73,73.29,Methane,8571.55,unsafe
5707,2024-01-01T15:51:00,1.614739,1.238181,0.84823,19.62,78.54,CleanAir,0.0,safe
5708,2024-01-01T15:51:10,0.390425,0.520841,0.022528,14.44,74.35,CO,4106.72,unsafe
5709,2024-01-01T15:51:20,0.302131,0.31366,0.006524,11.91,58.34,CO,1137.4,unsafe
5710,2024-01-01T15:51:30,0.019646,0.016116,0.097629,36.09,50.95,CO,703.9,unsafe
5711,2024-01-01T15:51:40,0.318986,0.16566,0.109467,26.55,59.14,Hydrogen,480.69,safe
5712,2024-01-01T15:51:50,0.012914,0.158769,0.003165,33.78,59.39,Smoke,233.28,unsafe
5713,2024-01-01T15:52:00,0.647678,0.045128,0.242747,23.28,54.94,Hydrogen,4151.73,safe
5714,2024-01-01T15:52:10,1.644793,1.272055,0.863137,30.12,78.35,CleanAir,0.0,safe
5715,2024-01-01T15:52:20,0.569918,0.012714,0.154336,29.79,76.31,Smoke,749.19,unsafe
5716,2024-01-01T15:52:30,0.563042,0.530245,0.129164,23.01,75.69,Methane,4879.67,unsafe
5717,2024-01-01T15:52:40,0.940806,0.365656,0.028888,36.44,46.95,Propane,4198.36,unsafe
5718,2024-01-01T15:52:50,1.634259,1.31852,0.887698,29.13,69.31,CleanAir,0.0,safe
5719,2024-01-01T15:53:00,0.019419,0.276924,0.006402,31.06,84.44,CO,862.2,unsafe
5720,2024-01-01T15:53:10,1.641547,1.335769,0.87539,12.58,34.65,CleanAir,0.0,safe
5721,2024-01-01T15:53:20,1.673717,1.279517,0.868075,21.79,60.1,CleanAir,0.0,safe
5722,2024-01-01T15:53:30,1.647388,1.268859,0.877854,16.53,42.08,CleanAir,0.0,safe
5723,2024-01-01T15:53:40,1.686033,1.322431,0.884081,31.56,52.96,CleanAir,0.0,safe
5724,2024-01-01T15:53:50,0.057947,0.273344,0.224073,11.29,66.87,Hydrogen,3915.06,safe
5725,2024-01-01T15:54:00,1.637159,1.26745,0.831887,19.43,77.66,CleanAir,0.0,safe
5726,2024-01-01T15:54:10,0.671295,0.022788,0.147236,10.1,65.13,Propane,1986.67,unsafe
5727,2024-01-01T15:54:20,1.609641,1.269434,0.836825,24.63,88.01,CleanAir,0.0,safe
5728,2024-01-01T15:54:30,1.642626,1.258711,0.840303,26.84,84.8,CleanAir,0.0,safe
5729,2024-01-01T15:54:40,0.34101,0.369556,0.1173,21.86,40.91,CO,1523.44,unsafe
5730,2024-01-01T15:54:50,0.293118,0.006527,0.074114,18.8,53.94,Smoke,172.23,unsafe
5731,2024-01-01T15:55:00,0.486167,0.201356,0.115844,29.61,75.82,Propane,801.79,safe
5732,2024-01-01T15:55:10,1.659767,1.307548,0.848305,26.28,67.66,CleanAir,0.0,safe
5733,2024-01-01T15:55:20,0.029362,0.193025,0.009697,25.25,75.51,Hydrogen,1002.44,safe
5734,2024-01-01T15:55:30,1.617818,1.279016,0.854765,21.72,72.19,CleanAir,0.0,safe
5735,2024-01-01T15:55:40,0.035103,0.019517,0.006448,24.38,69.21,LPG,1485.76,unsafe
5736,2024-01-01T15:55:50,0.3423,0.152927,0.088315,23.23,60.78,Smoke,233.97,unsafe
5737,2024-01-01T15:56:00,0.568654,0.271183,0.212203,15.06,59.55,Hydrogen,3087.73,safe
5738,2024-01-01T15:56:10,0.096161,0.668155,0.157814,28.25,63.55,Methane,9061.43,unsafe
5739,2024-01-01T15:56:20,1.657552,1.28698,0.87157,29.08,67.24,CleanAir,0.0,safe
5740,2024-01-01T15:56:30,0.006439,0.003207,0.003207,27.89,51.19,Smoke,137.28,unsafe
5741,2024-01-01T15:56:40,1.690288,1.299902,0.894622,27.66,58.25,CleanAir,0.0,safe
5742,2024-01-01T15:56:50,1.667186,1.290932,0.863515,21.53,61.53,CleanAir,0.0,safe
5743,2024-01-01T15:57:00,0.076735,0.34578,0.134111,19.11,68.18,LPG,2794.28,unsafe
5744,2024-01-01T15:57:10,0.16735,0.096858,0.045266,22.96,49.1,Smoke,54.73,unsafe
5745,2024-01-01T15:57:20,0.584615,0.229777,0.154057,39.53,51.6,Smoke,679.77,unsafe
5746,2024-01-01T15:57:30,0.327205,0.173316,0.132438,39.43,77.65,Alcohol,820.18,safe
5747,2024-01-01T15:57:40,0.52911,0.203433,0.139299,28.56,78.98,Smoke,645.67,unsafe
5748,2024-01-01T15:57:50,1.660639,1.294393,0.862499,29.53,72.36,CleanAir,0.0,safe
5749,2024-01-01T15:58:00,0.608337,0.567785,0.134141,16.36,50.72,Methane,5462.01,unsafe
5750,2024-01-01T15:58:10,1.669979,1.337374,0.887983,28.48,37.94,CleanAir,0.0,safe
5751,2024-01-01T15:58:20,1.647573,1.298002,0.835669,31.92,87.81,CleanAir,0.0,safe
5752,2024-01-01T15:58:30,0.073805,0.032837,0.135538,19.99,62.63,LPG,2982.48,unsafe
5753,2024-01-01T15:58:40,1.657652,1.295443,0.870163,19.93,49.36,CleanAir,0.0,safe
5754,2024-01-01T15:58:50,0.31516,0.146367,0.08023,15.41,34.75,Smoke,192.54,unsafe
5755,2024-01-01T15:59:00,0.031942,0.29525,0.104008,32.62,60.09,CO,938.82,unsafe
5756,2024-01-01T15:59:10,0.288056,0.157485,0.006415,30.4,37.43,Alcohol,447.64,safe
5757,2024-01-01T15:59:20,0.709309,0.270057,0.009594,23.63,85.33,Propane,2276.98,unsafe
5758,2024-01-01T15:59:30,0.047984,0.24394,0.142988,36.21,51.46,Propane,1223.0,unsafe
5759,2024-01-01T15:59:40,1.64007,1.301101,0.879786,13.12,32.91,CleanAir,0.0,safe
5760,2024-01-01T15:59:50,1.617766,1.243374,0.844947,14.77,73.74,CleanAir,0.0,safe
5761,2024-01-01T16:00:00,1.635326,1.287407,0.879094,26.83,64.13,CleanAir,0.0,safe
5762,2024-01-01T16:00:10,1.645107,1.313747,0.861857,10.2,51.65,CleanAir,0.0,safe
5763,2024-01-01T16:00:20,0.818126,0.853071,0.180508,24.18,67.37,Methane,19453.27,unsafe
5764,2024-01-01T16:00:30,0.680798,0.019687,0.009765,21.41,61.57,Propane,1938.17,unsafe
5765,2024-01-01T16:00:40,1.655276,1.337801,0.906221,29.87,43.35,CleanAir,0.0,safe
5766,2024-01-01T16:00:50,1.68493,1.33903,0.894204,38.11,66.0,CleanAir,0.0,safe
5767,2024-01-01T16:01:00,0.356206,0.006468,0.094968,28.65,51.78,Smoke,251.47,unsafe
5768,2024-01-01T16:01:10,1.642678,1.28738,0.861634,16.22,63.05,CleanAir,0.0,safe
5769,2024-01-01T16:01:20,1.656344,1.284703,0.865652,15.88,64.24,CleanAir,0.0,safe
5770,2024-01-01T16:01:30,1.658985,1.337155,0.888758,22.94,35.35,CleanAir,0.0,safe
5771,2024-01-01T16:01:40,1.655197,1.269984,0.851822,20.36,78.14,CleanAir,0.0,safe
5772,2024-01-01T16:01:50,1.708031,1.319195,0.902752,36.8,48.85,CleanAir,0.0,safe
5773,2024-01-01T16:02:00,0.292899,0.262425,0.095097,27.69,69.86,CO,784.37,unsafe
5774,2024-01-01T16:02:10,0.026149,0.347941,0.116298,37.57,54.87,CO,1275.54,unsafe
5775,2024-01-01T16:02:20,0.740129,0.392873,0.148945,14.35,82.51,LPG,4700.62,unsafe
5776,2024-01-01T16:02:30,0.733751,0.278887,0.01925,17.61,84.33,Propane,2673.96,unsafe
5777,2024-01-01T16:02:40,1.630621,1.288395,0.857577,30.78,84.54,CleanAir,0.0,safe
5778,2024-01-01T16:02:50,1.623908,1.268261,0.829151,21.14,82.6,CleanAir,0.0,safe
5779,2024-01-01T16:03:00,0.82372,0.315821,0.183952,27.69,71.12,Propane,3192.07,unsafe
5780,2024-01-01T16:03:10,1.646005,1.26565,0.85319,11.79,70.48,CleanAir,0.0,safe
5781,2024-01-01T16:03:20,0.048865,0.230884,0.162261,31.56,75.22,Smoke,857.65,unsafe
5782,2024-01-01T16:03:30,0.401958,0.022902,0.194342,27.75,55.39,Alcohol,1938.34,unsafe
5783,2024-01-01T16:03:40,0.378237,0.194429,0.016012,17.97,46.77,Alcohol,1513.16,unsafe
5784,2024-01-01T16:03:50,0.677078,0.256625,0.180649,38.39,37.25,Smoke,888.27,unsafe
5785,2024-01-01T16:04:00,0.773445,0.418909,0.156156,35.64,88.82,LPG,4947.53,unsafe
5786,2024-01-01T16:04:10,0.035226,0.035556,0.009839,26.7,31.78,CO,1826.03,unsafe
5787,2024-01-01T16:04:20,1.656421,1.254364,0.843976,14.77,76.12,CleanAir,0.0,safe
5788,2024-01-01T16:04:30,0.783912,0.133402,0.178588,39.87,62.35,Methane,13517.46,unsafe
5789,2024-01-01T16:04:40,0.166275,0.138269,0.151586,15.77,89.12,Methane,10951.93,unsafe
5790,2024-01-01T16:04:50,0.445535,0.187408,0.006462,29.24,86.93,Smoke,462.97,unsafe
5791,2024-01-01T16:05:00,0.26494,0.142498,0.003293,25.22,40.25,Alcohol,330.1,safe
5792,2024-01-01T16:05:10,1.681153,1.279141,0.881969,23.6,66.73,CleanAir,0.0,safe
5793,2024-01-01T16:05:20,1.662734,1.2975,0.864058,35.5,84.21,CleanAir,0.0,safe
5794,2024-01-01T16:05:30,1.655976,1.320663,0.870531,23.42,53.0,CleanAir,0.0,safe
5795,2024-01-01T16:05:40,0.936381,0.035333,0.019073,27.41,49.35,Propane,4169.2,unsafe
5796,2024-01-01T16:05:50,0.391089,0.20182,0.179543,37.85,76.11,Alcohol,1631.08,unsafe
5797,2024-01-01T16:06:00,1.661035,1.319304,0.875796,32.99,77.13,CleanAir,0.0,safe
5798,2024-01-01T16:06:10,1.672669,1.32534,0.900005,39.87,66.83,CleanAir,0.0,safe
5799,2024-01-01T16:06:20,1.700156,1.331458,0.91675,31.87,47.94,CleanAir,0.0,safe
5800,2024-01-01T16:06:30,0.674766,0.640566,0.151015,30.24,64.71,Methane,7530.81,unsafe
5801,2024-01-01T16:06:40,0.40442,0.200802,0.144024,25.58,33.24,Hydrogen,824.16,safe
5802,2024-01-01T16:06:50,1.685502,1.338977,0.919869,28.15,37.04,CleanAir,0.0,safe
5803,2024-01-01T16:07:00,0.737117,0.396959,0.012805,12.37,80.4,LPG,4864.9,unsafe
5804,2024-01-01T16:07:10,1.714474,1.300392,0.891255,38.01,63.21,CleanAir,0.0,safe
5805,2024-01-01T16:07:20,0.17904,0.109829,0.003272,11.98,84.19,CO,133.46,unsafe
5806,2024-01-01T16:07:30,0.238214,0.128643,0.080713,18.61,44.65,Alcohol,251.24,safe
5807,2024-01-01T16:07:40,0.575457,0.229123,0.012822,27.75,84.74,Propane,1236.35,unsafe
5808,2024-01-01T16:07:50,1.651318,1.264845,0.846384,11.5,69.46,CleanAir,0.0,safe
5809,2024-01-01T16:08:00,1.670388,1.323338,0.891132,15.02,34.78,CleanAir,0.0,safe
5810,2024-01-01T16:08:10,1.685247,1.309738,0.88788,20.29,36.76,CleanAir,0.0,safe
5811,2024-01-01T16:08:20,1.615206,1.245636,0.86566,12.29,63.07,CleanAir,0.0,safe
5812,2024-01-01T16:08:30,1.629985,1.252826,0.867027,14.19,65.18,CleanAir,0.0,safe
5813,2024-01-01T16:08:40,0.290848,0.263926,0.097173,14.68,44.93,CO,772.28,unsafe
5814,2024-01-01T16:08:50,0.022697,0.179119,0.125869,13.56,45.69,Hydrogen,735.6,safe
5815,2024-01-01T16:09:00,1.643467,1.264331,0.844936,20.88,72.01,CleanAir,0.0,safe
5816,2024-01-01T16:09:10,0.09348,0.054691,0.134229,20.07,86.27,Methane,5913.48,unsafe
5817,2024-01-01T16:09:20,0.032097,0.025753,0.006428,34.18,47.35,CO,1128.91,unsafe
5818,2024-01-01T16:09:30,1.655804,1.275856,0.870451,36.36,84.62,CleanAir,0.0,safe
5819,2024-01-01T16:09:40,0.540838,0.213251,0.1474,34.06,86.92,Smoke,698.5,unsafe
5820,2024-01-01T16:09:50,0.029251,0.013053,0.006511,25.73,76.14,Smoke,622.57,unsafe
5821,2024-01-01T16:10:00,0.61248,0.332166,0.131164,35.46,35.8,LPG,1867.04,unsafe
5822,2024-01-01T16:10:10,0.563197,0.536129,0.124223,17.06,85.13,Methane,5145.52,unsafe
5823,2024-01-01T16:10:20,0.698076,0.376289,0.016015,15.32,42.25,LPG,3405.27,unsafe
5824,2024-01-01T16:10:30,1.640491,1.324209,0.869378,21.42,57.91,CleanAir,0.0,safe
5825,2024-01-01T16:10:40,1.701704,1.343542,0.899176,32.06,42.14,CleanAir,0.0,safe
5826,2024-01-01T16:10:50,1.649354,1.257077,0.840133,28.15,85.75,CleanAir,0.0,safe
5827,2024-01-01T16:11:00,0.929977,0.345451,0.201328,25.38,76.86,Propane,4565.48,unsafe
5828,2024-01-01T16:11:10,1.66129,1.296563,0.865562,17.21,59.45,CleanAir,0.0,safe
5829,2024-01-01T16:11:20,0.041625,0.218577,0.194022,26.19,32.31,Alcohol,1867.76,unsafe
5830,2024-01-01T16:11:30,1.676679,1.302617,0.879497,32.97,51.91,CleanAir,0.0,safe
5831,2024-01-01T16:11:40,0.04427,0.243501,0.139551,27.93,66.95,Propane,1350.05,unsafe
5832,2024-01-01T16:11:50,0.022789,0.025023,0.103858,21.1,35.36,CO,963.08,unsafe
5833,2024-01-01T16:12:00,0.947282,0.361715,0.218697,38.9,32.23,Propane,3952.95,unsafe
5834,2024-01-01T16:12:10,0.016109,0.157351,0.006391,19.38,45.85,Alcohol,589.1,safe
5835,2024-01-01T16:12:20,1.682183,1.28216,0.835829,20.62,61.98,CleanAir,0.0,safe
5836,2024-01-01T16:12:30,0.532332,0.012787,0.137585,14.69,46.94,Smoke,617.67,unsafe
5837,2024-01-01T16:12:40,1.676082,1.318917,0.881459,18.98,39.56,CleanAir,0.0,safe
5838,2024-01-01T16:12:50,1.642135,1.272122,0.862902,28.91,67.2,CleanAir,0.0,safe
5839,2024-01-01T16:13:00,1.647488,1.278471,0.84817,10.3,52.43,CleanAir,0.0,safe
5840,2024-01-01T16:13:10,0.58923,0.069961,0.127538,13.58,72.59,Methane,5589.65,unsafe
5841,2024-01-01T16:13:20,0.224019,0.122001,0.071113,23.32,69.16,Alcohol,224.51,safe
5842,2024-01-01T16:13:30,1.705467,1.360659,0.896036,39.4,45.99,CleanAir,0.0,safe
5843,2024-01-01T16:13:40,0.543991,0.285112,0.113331,14.91,54.4,LPG,1637.66,unsafe
5844,2024-01-01T16:13:50,0.788905,0.11813,0.164462,15.34,55.89,Methane,15708.15,unsafe
5845,2024-01-01T16:14:00,0.353647,0.183645,0.146149,38.75,86.44,Alcohol,1109.45,unsafe
5846,2024-01-01T16:14:10,1.660929,1.288893,0.849689,38.4,87.75,CleanAir,0.0,safe
5847,2024-01-01T16:14:20,1.664464,1.284871,0.838871,31.53,86.89,CleanAir,0.0,safe
5848,2024-01-01T16:14:30,0.575571,0.025957,0.11688,27.94,72.84,LPG,2018.51,unsafe
5849,2024-01-01T16:14:40,0.447514,0.187489,0.113725,39.53,30.86,Smoke,326.23,unsafe
5850,2024-01-01T16:14:50,0.314092,0.161494,0.122276,13.18,67.02,Alcohol,823.78,safe
5851,2024-01-01T16:15:00,1.666119,1.302588,0.87044,34.42,72.41,CleanAir,0.0,safe
5852,2024-01-01T16:15:10,1.682282,1.272438,0.830908,27.1,82.47,CleanAir,0.0,safe
5853,2024-01-01T16:15:20,1.619544,1.242407,0.825403,20.46,76.38,CleanAir,0.0,safe
5854,2024-01-01T16:15:30,0.028946,0.188803,0.147445,36.54,50.9,Alcohol,1046.85,unsafe
5855,2024-01-01T16:15:40,1.67143,1.291886,0.830073,22.65,72.83,CleanAir,0.0,safe
5856,2024-01-01T16:15:50,0.71271,0.316941,0.047798,31.5,38.03,Hydrogen,4684.32,safe
5857,2024-01-01T16:16:00,0.050733,0.241444,0.180079,17.04,66.56,Hydrogen,2234.57,safe
5858,2024-01-01T16:16:10,0.495628,0.228378,0.168213,21.74,42.3,Hydrogen,1546.98,safe
5859,2024-01-01T16:16:20,0.961126,0.360773,0.20636,33.79,49.45,Propane,4194.8,unsafe
5860,2024-01-01T16:16:30,1.639271,1.259312,0.856015,28.51,80.77,CleanAir,0.0,safe
5861,2024-01-01T16:16:40,0.132801,0.371912,0.142596,25.76,69.54,LPG,3531.15,unsafe
5862,2024-01-01T16:16:50,1.657405,1.289704,0.819372,18.09,65.82,CleanAir,0.0,safe
5863,2024-01-01T16:17:00,0.448361,0.208307,0.149388,34.44,73.63,Hydrogen,1211.86,safe
5864,2024-01-01T16:17:10,1.648632,1.229732,0.820536,16.62,86.77,CleanAir,0.0,safe
5865,2024-01-01T16:17:20,1.721145,1.349339,0.910559,36.23,33.97,CleanAir,0.0,safe
5866,2024-01-01T16:17:30,0.177093,0.093571,0.042071,18.71,74.17,Smoke,61.58,unsafe
5867,2024-01-01T16:17:40,0.239346,0.009546,0.070694,15.6,56.22,CO,319.31,unsafe
5868,2024-01-01T16:17:50,0.289447,0.104137,0.019095,10.19,32.7,Methane,10017.91,unsafe
5869,2024-01-01T16:18:00,0.543456,0.206863,0.140988,13.5,41.52,Smoke,635.77,unsafe
5870,2024-01-01T16:18:10,1.639345,1.287989,0.868836,32.27,84.51,CleanAir,0.0,safe
5871,2024-01-01T16:18:20,0.625291,0.268737,0.221201,31.22,81.76,Hydrogen,3568.6,safe
5872,2024-01-01T16:18:30,1.692793,1.317065,0.905832,32.97,39.55,CleanAir,0.0,safe
5873,2024-01-01T16:18:40,0.506627,0.193904,0.125281,28.2,88.87,Smoke,564.41,unsafe
5874,2024-01-01T16:18:50,0.605205,0.016352,0.009663,34.86,53.38,Propane,1106.9,unsafe
5875,2024-01-01T16:19:00,1.600269,1.238525,0.805991,10.09,83.4,CleanAir,0.0,safe
5876,2024-01-01T16:19:10,1.660427,1.275178,0.85095,19.71,72.42,CleanAir,0.0,safe
5877,2024-01-01T16:19:20,0.41053,0.012716,0.09044,36.75,64.01,LPG,662.57,safe
5878,2024-01-01T16:19:30,0.222593,0.130165,0.039185,18.83,70.91,Methane,10192.41,unsafe
5879,2024-01-01T16:19:40,0.035202,0.207045,0.116547,17.43,56.12,Propane,851.07,safe
5880,2024-01-01T16:19:50,1.6832,1.360006,0.89032,34.59,50.98,CleanAir,0.0,safe
5881,2024-01-01T16:20:00,1.681812,1.32029,0.878174,22.63,47.29,CleanAir,0.0,safe
5882,2024-01-01T16:20:10,0.792049,0.054191,0.0255,26.08,39.22,LPG,4218.07,unsafe
5883,2024-01-01T16:20:20,0.054993,0.028897,0.190604,17.29,54.46,Hydrogen,2335.5,safe
5884,2024-01-01T16:20:30,0.088394,0.316781,0.183421,12.01,60.5,Propane,3305.49,unsafe
5885,2024-01-01T16:20:40,0.0952,0.333613,0.198981,39.1,39.32,Propane,3094.36,unsafe
5886,2024-01-01T16:20:50,1.676058,1.297821,0.873411,31.5,73.95,CleanAir,0.0,safe
5887,2024-01-01T16:21:00,0.610828,0.311333,0.122861,14.15,62.93,LPG,2215.18,unsafe
5888,2024-01-01T16:21:10,0.769559,0.738571,0.163321,33.64,78.07,Methane,12628.46,unsafe
5889,2024-01-01T16:21:20,0.215506,0.322178,0.188149,34.08,72.0,Propane,3308.24,unsafe
5890,2024-01-01T16:21:30,1.66161,1.34361,0.874935,14.18,30.89,CleanAir,0.0,safe
5891,2024-01-01T16:21:40,0.064541,0.304502,0.01298,10.37,72.32,LPG,2171.09,unsafe
5892,2024-01-01T16:21:50,0.284011,0.147584,0.068441,17.45,58.26,LPG,268.79,safe
5893,2024-01-01T16:22:00,1.676714,1.310181,0.856385,22.44,68.27,CleanAir,0.0,safe
5894,2024-01-01T16:22:10,0.328729,0.304471,0.006405,10.21,33.43,CO,1037.3,unsafe
5895,2024-01-01T16:22:20,0.385948,0.194264,0.156318,11.67,43.14,Alcohol,1326.56,unsafe
5896,2024-01-01T16:22:30,0.974616,0.363361,0.21456,26.37,46.36,Propane,4482.04,unsafe
5897,2024-01-01T16:22:40,0.846817,0.309345,0.016075,29.96,87.6,Propane,3245.47,unsafe
5898,2024-01-01T16:22:50,1.691163,1.307746,0.868977,22.86,44.12,CleanAir,0.0,safe
5899,2024-01-01T16:23:00,0.593947,0.309278,0.012822,17.46,70.72,LPG,2159.08,unsafe
5900,2024-01-01T16:23:10,0.341618,0.17062,0.009603,12.98,59.24,Alcohol,950.34,safe
5901,2024-01-01T16:23:20,0.615726,0.310722,0.121842,20.29,88.0,LPG,2392.32,unsafe
5902,2024-01-01T16:23:30,1.705056,1.318886,0.91077,25.9,32.75,CleanAir,0.0,safe
5903,2024-01-01T16:23:40,0.111974,0.329644,0.032667,24.82,66.76,Propane,3896.09,unsafe
5904,2024-01-01T16:23:50,1.647219,1.258985,0.829377,15.67,74.75,CleanAir,0.0,safe
5905,2024-01-01T16:24:00,0.051345,0.016113,0.16848,27.42,39.63,Smoke,833.23,unsafe
5906,2024-01-01T16:24:10,1.648951,1.268539,0.825204,15.09,69.14,CleanAir,0.0,safe
5907,2024-01-01T16:24:20,0.794699,0.116558,0.170908,15.96,54.34,Methane,16178.33,unsafe
5908,2024-01-01T16:24:30,0.006454,0.003237,0.047904,18.22,73.33,CO,102.07,unsafe
5909,2024-01-01T16:24:40,0.39123,0.202797,0.085924,16.6,54.5,LPG,635.0,safe
5910,2024-01-01T16:24:50,0.259483,0.883823,0.190085,27.46,35.1,Methane,19582.25,unsafe
5911,2024-01-01T16:25:00,0.90754,0.342719,0.203791,35.47,31.2,Propane,3163.71,unsafe
5912,2024-01-01T16:25:10,1.756,1.336662,0.910695,38.16,38.98,CleanAir,0.0,safe
5913,2024-01-01T16:25:20,0.354362,0.146622,0.087588,19.05,66.98,Smoke,243.65,unsafe
5914,2024-01-01T16:25:30,0.529744,0.204793,0.131198,32.0,36.64,Smoke,483.01,unsafe
5915,2024-01-01T16:25:40,0.009739,0.132802,0.073678,28.88,60.3,Smoke,161.7,unsafe
5916,2024-01-01T16:25:50,0.006452,0.108831,0.0,11.14,31.43,Smoke,84.51,unsafe
5917,2024-01-01T16:26:00,0.89917,0.336682,0.198356,28.42,35.67,Propane,3351.19,unsafe
5918,2024-01-01T16:26:10,0.795207,0.041191,0.01917,20.18,39.24,LPG,4317.56,unsafe
5919,2024-01-01T16:26:20,1.727073,1.326379,0.900942,29.61,45.05,CleanAir,0.0,safe
5920,2024-01-01T16:26:30,0.103884,0.298045,0.019916,36.19,54.31,Hydrogen,3786.38,safe
5921,2024-01-01T16:26:40,1.703698,1.301104,0.897217,39.22,58.99,CleanAir,0.0,safe
5922,2024-01-01T16:26:50,0.846172,0.182877,0.182383,22.65,66.75,Methane,18478.5,unsafe
5923,2024-01-01T16:27:00,0.308076,0.271571,0.094846,13.18,57.8,CO,860.26,unsafe
5924,2024-01-01T16:27:10,1.709853,1.327035,0.899354,17.93,35.85,CleanAir,0.0,safe
5925,2024-01-01T16:27:20,0.34446,0.0388,0.113312,26.36,88.68,CO,1663.83,unsafe
5926,2024-01-01T16:27:30,0.338966,0.1456,0.083761,30.07,87.43,Smoke,233.48,unsafe
5927,2024-01-01T16:27:40,1.752763,1.320112,0.892304,35.94,55.18,CleanAir,0.0,safe
5928,2024-01-01T16:27:50,1.681357,1.288959,0.835292,17.58,65.11,CleanAir,0.0,safe
5929,2024-01-01T16:28:00,0.835939,0.825146,0.173822,21.39,84.45,Methane,19303.51,unsafe
5930,2024-01-01T16:28:10,1.669528,1.283083,0.851841,26.76,73.66,CleanAir,0.0,safe
5931,2024-01-01T16:28:20,1.665053,1.255638,0.833483,14.16,75.97,CleanAir,0.0,safe
5932,2024-01-01T16:28:30,0.204215,0.10925,0.058661,22.82,56.95,Alcohol,125.45,safe
5933,2024-01-01T16:28:40,0.045211,0.183148,0.155328,12.63,54.01,Alcohol,1302.82,unsafe
5934,2024-01-01T16:28:50,0.416362,0.202683,0.012765,26.82,39.93,Alcohol,1520.65,unsafe
5935,2024-01-01T16:29:00,0.623412,0.022448,0.125616,31.59,51.98,LPG,1844.91,unsafe
5936,2024-01-01T16:29:10,1.719364,1.295978,0.869668,25.71,49.6,CleanAir,0.0,safe
5937,2024-01-01T16:29:20,1.708628,1.311603,0.878541,36.99,70.24,CleanAir,0.0,safe
5938,2024-01-01T16:29:30,0.603227,0.263606,0.210111,13.92,44.32,Hydrogen,2913.19,safe
5939,2024-01-01T16:29:40,0.607865,0.223847,0.156462,11.35,50.96,Smoke,818.75,unsafe
5940,2024-01-01T16:29:50,0.998682,0.35889,0.0298,21.87,49.9,Propane,4840.17,unsafe
5941,2024-01-01T16:30:00,0.019146,0.151458,0.098448,11.02,54.54,Hydrogen,443.49,safe
5942,2024-01-01T16:30:10,0.174434,0.093277,0.041637,29.9,54.15,Smoke,51.82,unsafe
5943,2024-01-01T16:30:20,1.676296,1.254681,0.818084,11.35,74.69,CleanAir,0.0,safe
5944,2024-01-01T16:30:30,0.075361,0.247944,0.022632,24.89,76.98,Hydrogen,2650.14,safe
5945,2024-01-01T16:30:40,0.84645,0.828725,0.177768,19.99,61.85,Methane,18416.3,unsafe
5946,2024-01-01T16:30:50,1.70572,1.304037,0.88318,24.88,52.75,CleanAir,0.0,safe
5947,2024-01-01T16:31:00,1.643574,1.242403,0.83628,10.81,72.16,CleanAir,0.0,safe
5948,2024-01-01T16:31:10,0.537368,0.203343,0.115284,18.86,65.33,Propane,871.78,safe
5949,2024-01-01T16:31:20,0.504657,0.217961,0.162746,17.9,65.61,Hydrogen,1611.24,safe
5950,2024-01-01T16:31:30,0.938941,0.032318,0.196673,19.11,62.77,Propane,4208.41,unsafe
5951,2024-01-01T16:31:40,0.29743,0.778221,0.172294,25.52,44.89,Methane,13545.39,unsafe
5952,2024-01-01T16:31:50,1.666337,1.296979,0.845631,28.52,86.61,CleanAir,0.0,safe
5953,2024-01-01T16:32:00,0.430096,0.219733,0.194663,20.66,30.5,Alcohol,1977.59,unsafe
5954,2024-01-01T16:32:10,1.599314,1.24283,0.793074,11.75,82.26,CleanAir,0.0,safe
5955,2024-01-01T16:32:20,0.42084,0.218075,0.013175,35.11,68.58,Alcohol,1885.03,unsafe
5956,2024-01-01T16:32:30,0.329718,0.006506,0.003184,27.16,47.91,LPG,358.51,safe
5957,2024-01-01T16:32:40,0.72949,0.673078,0.153892,37.7,43.45,Methane,7348.48,unsafe
5958,2024-01-01T16:32:50,0.044736,0.225219,0.006468,16.46,72.57,Propane,1193.05,unsafe
5959,2024-01-01T16:33:00,1.672179,1.273893,0.831467,29.54,88.75,CleanAir,0.0,safe
5960,2024-01-01T16:33:10,1.739895,1.351558,0.890561,36.86,51.38,CleanAir,0.0,safe
5961,2024-01-01T16:33:20,1.72569,1.36017,0.910498,37.88,37.21,CleanAir,0.0,safe
5962,2024-01-01T16:33:30,0.866427,0.218717,0.181072,18.72,35.49,Methane,18402.9,unsafe
5963,2024-01-01T16:33:40,1.696564,1.332375,0.861429,20.54,49.09,CleanAir,0.0,safe
5964,2024-01-01T16:33:50,0.204966,0.111985,0.055172,22.7,34.04,Alcohol,109.92,safe
5965,2024-01-01T16:34:00,0.226703,0.157306,0.064404,18.32,45.57,CO,218.2,unsafe
5966,2024-01-01T16:34:10,0.009505,0.003232,0.068748,20.14,75.69,Smoke,156.22,unsafe
5967,2024-01-01T16:34:20,1.728362,1.324129,0.890185,29.13,56.85,CleanAir,0.0,safe
5968,2024-01-01T16:34:30,1.718104,1.344741,0.904149,27.44,35.51,CleanAir,0.0,safe
5969,2024-01-01T16:34:40,0.205901,0.320681,0.032213,27.36,35.77,Hydrogen,4699.62,safe
5970,2024-01-01T16:34:50,0.75642,0.156792,0.032041,25.07,84.3,Methane,12565.88,unsafe
5971,2024-01-01T16:35:00,0.729565,0.380624,0.14475,39.57,75.36,LPG,3209.0,unsafe
5972,2024-01-01T16:35:10,0.68059,0.263656,0.145334,24.41,83.21,Propane,1785.78,unsafe
5973,2024-01-01T16:35:20,1.704543,1.304422,0.884266,31.96,65.82,CleanAir,0.0,safe
5974,2024-01-01T16:35:30,0.311124,0.278986,0.097197,18.6,30.77,CO,735.3,unsafe
5975,2024-01-01T16:35:40,1.701889,1.321697,0.889176,26.58,41.32,CleanAir,0.0,safe
5976,2024-01-01T16:35:50,1.684906,1.322794,0.870944,26.6,67.62,CleanAir,0.0,safe
5977,2024-01-01T16:36:00,1.740151,1.325303,0.900089,37.07,56.0,CleanAir,0.0,safe
5978,2024-01-01T16:36:10,1.720073,1.344019,0.878868,23.9,47.35,CleanAir,0.0,safe
5979,2024-01-01T16:36:20,1.663114,1.305774,0.864306,22.39,70.6,CleanAir,0.0,safe
5980,2024-01-01T16:36:30,0.476733,0.195861,0.118834,28.14,52.67,Smoke,428.28,unsafe
5981,2024-01-01T16:36:40,0.40919,0.01287,0.089626,38.21,66.51,LPG,632.74,safe
5982,2024-01-01T16:36:50,0.791748,0.039118,0.154122,29.77,79.83,LPG,4906.56,unsafe
5983,2024-01-01T16:37:00,0.957843,0.061535,0.02888,33.4,72.52,Propane,4550.88,unsafe
5984,2024-01-01T16:37:10,0.841674,0.308058,0.177881,20.24,89.97,Propane,3348.94,unsafe
5985,2024-01-01T16:37:20,0.493663,0.009624,0.006444,37.83,88.63,Smoke,484.85,unsafe
5986,2024-01-01T16:37:30,0.748739,0.063306,0.148216,14.49,50.39,LPG,3986.97,unsafe
5987,2024-01-01T16:37:40,1.710933,1.327239,0.91136,23.97,31.29,CleanAir,0.0,safe
5988,2024-01-01T16:37:50,1.699368,1.323745,0.888247,21.12,43.84,CleanAir,0.0,safe
5989,2024-01-01T16:38:00,0.397506,0.200249,0.172265,26.47,78.88,Alcohol,1732.13,unsafe
5990,2024-01-01T16:38:10,1.71145,1.331421,0.888951,27.61,40.7,CleanAir,0.0,safe
5991,2024-01-01T16:38:20,0.771756,0.070942,0.153535,21.67,63.58,LPG,4479.24,unsafe
5992,2024-01-01T16:38:30,0.732687,0.395341,0.019167,10.94,72.81,LPG,4098.02,unsafe
5993,2024-01-01T16:38:40,1.722218,1.351144,0.90782,35.01,40.08,CleanAir,0.0,safe
5994,2024-01-01T16:38:50,1.684675,1.298573,0.852126,16.68,64.95,CleanAir,0.0,safe
5995,2024-01-01T16:39:00,0.58474,0.015931,0.009739,34.47,51.71,Smoke,650.77,unsafe
5996,2024-01-01T16:39:10,1.722184,1.310285,0.866379,29.78,63.93,CleanAir,0.0,safe
5997,2024-01-01T16:39:20,0.311444,0.162445,0.006448,36.31,51.92,Alcohol,498.95,safe
5998,2024-01-01T16:39:30,0.045959,0.238433,0.009703,36.62,47.0,Smoke,690.95,unsafe
5999,2024-01-01T16:39:40,0.080417,0.398697,0.019125,36.8,77.07,LPG,3591.73,unsafe
6000,2024-01-01T16:39:50,1.659025,1.312426,0.868581,13.19,44.19,CleanAir,0.0,safe
6001,2024-01-01T16:40:00,0.800885,0.803226,0.172633,36.1,51.06,Methane,12856.27,unsafe
6002,2024-01-01T16:40:10,0.012879,0.146839,0.064648,19.76,89.33,LPG,277.03,safe
6003,2024-01-01T16:40:20,1.722079,1.313406,0.895184,35.18,54.94,CleanAir,0.0,safe
6004,2024-01-01T16:40:30,1.681855,1.300432,0.862645,37.1,85.89,CleanAir,0.0,safe
6005,2024-01-01T16:40:40,0.681171,0.261054,0.149652,34.5,51.13,Propane,1427.56,unsafe
6006,2024-01-01T16:40:50,1.687648,1.315613,0.861619,13.88,49.34,CleanAir,0.0,safe
6007,2024-01-01T16:41:00,1.705313,1.320244,0.862096,27.91,65.69,CleanAir,0.0,safe
6008,2024-01-01T16:41:10,1.670218,1.318403,0.878417,39.29,78.35,CleanAir,0.0,safe
6009,2024-01-01T16:41:20,0.246834,0.909415,0.19364,30.31,34.5,Methane,18751.13,unsafe
6010,2024-01-01T16:41:30,0.715046,0.701828,0.019389,17.42,73.71,Methane,11122.59,unsafe
6011,2024-01-01T16:41:40,0.042193,0.232809,0.096287,26.0,89.3,LPG,969.59,safe
6012,2024-01-01T16:41:50,1.674383,1.337181,0.8826,34.1,66.48,CleanAir,0.0,safe
6013,2024-01-01T16:42:00,0.486326,0.19301,0.117184,35.47,67.91,Smoke,432.67,unsafe
6014,2024-01-01T16:42:10,1.716556,1.339456,0.905898,28.17,44.08,CleanAir,0.0,safe
6015,2024-01-01T16:42:20,0.085897,0.041967,0.178929,20.8,51.12,Propane,2775.29,unsafe
6016,2024-01-01T16:42:30,1.701975,1.294343,0.860646,24.75,70.83,CleanAir,0.0,safe
6017,2024-01-01T16:42:40,0.107408,0.337657,0.192933,12.94,83.24,Propane,4595.01,unsafe
6018,2024-01-01T16:42:50,0.17164,0.085246,0.0,37.78,75.96,CO,61.71,unsafe
6019,2024-01-01T16:43:00,0.009711,0.148627,0.065026,35.53,49.23,CO,188.15,unsafe
6020,2024-01-01T16:43:10,0.842175,0.305405,0.176411,17.11,61.16,Propane,3050.18,unsafe
6021,2024-01-01T16:43:20,0.038383,0.377314,0.116677,19.27,32.99,CO,1493.31,unsafe
6022,2024-01-01T16:43:30,1.680444,1.308318,0.861786,35.45,80.8,CleanAir,0.0,safe
6023,2024-01-01T16:43:40,1.648071,1.308095,0.856818,26.9,76.63,CleanAir,0.0,safe
6024,2024-01-01T16:43:50,1.701173,1.339126,0.881023,17.26,35.99,CleanAir,0.0,safe
6025,2024-01-01T16:44:00,0.045981,0.235107,0.160622,17.19,34.53,Smoke,776.7,unsafe
6026,2024-01-01T16:44:10,1.689234,1.312611,0.869278,33.77,73.2,CleanAir,0.0,safe
6027,2024-01-01T16:44:20,1.706109,1.351823,0.904334,33.75,46.86,CleanAir,0.0,safe
6028,2024-01-01T16:44:30,1.688361,1.323782,0.876182,10.52,43.54,CleanAir,0.0,safe
6029,2024-01-01T16:44:40,0.060512,0.019508,0.180949,31.21,40.5,Smoke,963.83,unsafe
6030,2024-01-01T16:44:50,0.186765,0.102853,0.045733,25.31,43.67,Smoke,57.25,unsafe
6031,2024-01-01T16:45:00,1.715386,1.378403,0.924897,31.73,32.46,CleanAir,0.0,safe
6032,2024-01-01T16:45:10,1.660003,1.313145,0.861317,31.27,86.53,CleanAir,0.0,safe
6033,2024-01-01T16:45:20,1.701965,1.323341,0.872519,14.04,39.22,CleanAir,0.0,safe
6034,2024-01-01T16:45:30,1.7066,1.369116,0.906675,38.61,49.31,CleanAir,0.0,safe
6035,2024-01-01T16:45:40,0.038482,0.224279,0.190608,26.54,30.58,Alcohol,1901.46,unsafe
6036,2024-01-01T16:45:50,0.306932,0.022464,0.094329,29.16,84.88,CO,908.41,unsafe
6037,2024-01-01T16:46:00,1.669042,1.320744,0.886816,31.81,63.17,CleanAir,0.0,safe
6038,2024-01-01T16:46:10,1.650412,1.324814,0.85222,26.86,76.85,CleanAir,0.0,safe
6039,2024-01-01T16:46:20,0.367587,0.403877,0.12148,15.96,53.94,CO,1882.17,unsafe
6040,2024-01-01T16:46:30,1.729871,1.342227,0.887502,23.16,32.37,CleanAir,0.0,safe
6041,2024-01-01T16:46:40,0.574102,0.225998,0.148441,15.68,56.97,Smoke,742.48,unsafe
6042,2024-01-01T16:46:50,1.70023,1.348745,0.8704,37.03,59.23,CleanAir,0.0,safe
6043,2024-01-01T16:47:00,0.427382,0.220797,0.188981,37.29,52.64,Alcohol,1844.93,unsafe
6044,2024-01-01T16:47:10,0.649609,0.252927,0.168312,39.22,63.27,Smoke,869.4,unsafe
6045,2024-01-01T16:47:20,0.751719,0.05049,0.022393,11.33,47.34,LPG,4003.58,unsafe
6046,2024-01-01T16:47:30,0.506551,0.238594,0.167972,21.21,40.45,Hydrogen,1534.77,safe
6047,2024-01-01T16:47:40,0.028912,0.194058,0.15851,11.94,67.52,Alcohol,1465.09,unsafe
6048,2024-01-01T16:47:50,1.737499,1.362393,0.914226,38.95,35.29,CleanAir,0.0,safe
6049,2024-01-01T16:48:00,0.097185,0.035354,0.188643,20.88,30.57,Propane,2914.51,unsafe
6050,2024-01-01T16:48:10,0.840257,0.908689,0.036281,34.51,69.23,Methane,19334.82,unsafe
6051,2024-01-01T16:48:20,0.0845,0.03215,0.171369,29.12,50.98,Propane,2445.96,unsafe
6052,2024-01-01T16:48:30,1.660772,1.288774,0.843777,19.9,80.04,CleanAir,0.0,safe
6053,2024-01-01T16:48:40,1.656269,1.325663,0.849203,34.44,89.75,CleanAir,0.0,safe
6054,2024-01-01T16:48:50,1.748771,1.375377,0.915044,37.43,33.88,CleanAir,0.0,safe
6055,2024-01-01T16:49:00,1.703792,1.320184,0.85722,35.45,70.23,CleanAir,0.0,safe
6056,2024-01-01T16:49:10,0.552043,0.029201,0.006402,27.85,67.71,LPG,1542.44,unsafe
6057,2024-01-01T16:49:20,1.6776,1.324878,0.848021,29.29,66.32,CleanAir,0.0,safe
6058,2024-01-01T16:49:30,1.713762,1.356304,0.893589,31.09,41.81,CleanAir,0.0,safe
6059,2024-01-01T16:49:40,0.825668,0.815598,0.032536,39.34,74.83,Methane,15219.18,unsafe
6060,2024-01-01T16:49:50,1.731547,1.382835,0.888954,26.8,37.84,CleanAir,0.0,safe
6061,2024-01-01T16:50:00,0.205467,0.116473,0.003218,35.7,46.74,Alcohol,114.33,safe
6062,2024-01-01T16:50:10,1.74094,1.38755,0.919269,39.61,38.42,CleanAir,0.0,safe
6063,2024-01-01T16:50:20,1.69969,1.317477,0.836995,18.76,57.62,CleanAir,0.0,safe
6064,2024-01-01T16:50:30,0.089673,0.042111,0.016176,19.08,85.62,LPG,3966.06,unsafe
6065,2024-01-01T16:50:40,0.818945,0.458891,0.016191,26.03,38.3,LPG,4755.22,unsafe
6066,2024-01-01T16:50:50,1.681557,1.306398,0.848772,31.12,78.69,CleanAir,0.0,safe
6067,2024-01-01T16:51:00,0.617474,0.282238,0.214628,28.91,55.54,Hydrogen,2918.9,safe
6068,2024-01-01T16:51:10,1.709178,1.388955,0.882924,32.92,50.3,CleanAir,0.0,safe
6069,2024-01-01T16:51:20,0.501501,0.009667,0.006518,12.21,62.29,Smoke,566.93,unsafe
6070,2024-01-01T16:51:30,1.710708,1.333521,0.886923,20.67,45.99,CleanAir,0.0,safe
6071,2024-01-01T16:51:40,0.029561,0.406564,0.009509,38.42,36.98,CO,1607.92,unsafe
6072,2024-01-01T16:51:50,0.750524,0.139494,0.160383,38.98,78.08,Methane,11313.98,unsafe
6073,2024-01-01T16:52:00,0.012857,0.006383,0.084479,35.74,59.46,Smoke,205.37,unsafe
6074,2024-01-01T16:52:10,1.699983,1.304888,0.860816,20.94,58.46,CleanAir,0.0,safe
6075,2024-01-01T16:52:20,0.713127,0.328915,0.260015,38.46,50.32,Hydrogen,4584.04,safe
6076,2024-01-01T16:52:30,1.728085,1.362294,0.905672,39.32,45.94,CleanAir,0.0,safe
6077,2024-01-01T16:52:40,1.662389,1.32993,0.839009,16.32,67.09,CleanAir,0.0,safe
6078,2024-01-01T16:52:50,0.203711,0.130689,0.025471,23.56,88.27,Methane,9054.22,unsafe
6079,2024-01-01T16:53:00,0.628132,0.252796,0.14033,35.37,31.15,Propane,1011.87,unsafe
6080,2024-01-01T16:53:10,1.660839,1.306597,0.83875,16.35,71.28,CleanAir,0.0,safe
6081,2024-01-01T16:53:20,0.546794,0.019162,0.006545,18.7,47.88,LPG,1444.35,unsafe
6082,2024-01-01T16:53:30,0.258525,0.141118,0.003261,15.96,81.66,LPG,232.82,safe
6083,2024-01-01T16:53:40,1.685413,1.322357,0.835873,11.04,63.19,CleanAir,0.0,safe
6084,2024-01-01T16:53:50,0.073532,0.051656,0.258515,39.55,41.09,Hydrogen,4180.43,safe
6085,2024-01-01T16:54:00,1.681405,1.350583,0.853947,11.55,50.26,CleanAir,0.0,safe
6086,2024-01-01T16:54:10,0.047829,0.228968,0.207607,25.55,86.82,Alcohol,2831.03,unsafe
6087,2024-01-01T16:54:20,1.653318,1.315701,0.825347,24.72,87.79,CleanAir,0.0,safe
6088,2024-01-01T16:54:30,1.721904,1.369327,0.882207,37.98,62.98,CleanAir,0.0,safe
6089,2024-01-01T16:54:40,0.843152,0.472976,0.166078,28.17,37.59,LPG,4998.62,unsafe
6090,2024-01-01T16:54:50,1.706045,1.35843,0.888158,18.47,31.78,CleanAir,0.0,safe
6091,2024-01-01T16:55:00,0.038903,0.232017,0.149392,16.86,50.12,Smoke,714.29,unsafe
6092,2024-01-01T16:55:10,0.839085,0.871133,0.177576,17.99,67.47,Methane,19144.05,unsafe
6093,2024-01-01T16:55:20,1.678548,1.378263,0.89024,23.69,36.28,CleanAir,0.0,safe
6094,2024-01-01T16:55:30,1.708957,1.351568,0.883137,18.79,41.75,CleanAir,0.0,safe
6095,2024-01-01T16:55:40,1.733939,1.418902,0.934293,31.37,31.93,CleanAir,0.0,safe
6096,2024-01-01T16:55:50,1.684978,1.34511,0.884066,23.81,55.38,CleanAir,0.0,safe
6097,2024-01-01T16:56:00,0.532527,0.212319,0.006527,13.3,58.94,Smoke,589.39,unsafe
6098,2024-01-01T16:56:10,1.692265,1.356344,0.891041,33.57,62.18,CleanAir,0.0,safe
6099,2024-01-01T16:56:20,0.77044,0.776831,0.164268,13.09,51.79,Methane,12441.26,unsafe
6100,2024-01-01T16:56:30,0.773456,0.247949,0.022665,39.36,69.82,Methane,12074.03,unsafe
6101,2024-01-01T16:56:40,0.680477,0.073405,0.019217,17.28,48.35,Methane,7516.16,unsafe
6102,2024-01-01T16:56:50,0.042443,0.396613,0.006486,18.76,82.44,CO,1945.88,unsafe
6103,2024-01-01T16:57:00,0.98414,0.377501,0.206689,22.9,60.64,Propane,4620.03,unsafe
6104,2024-01-01T16:57:10,1.632121,1.31564,0.846411,22.67,84.21,CleanAir,0.0,safe
6105,2024-01-01T16:57:20,1.692593,1.313058,0.890528,39.16,79.44,CleanAir,0.0,safe
6106,2024-01-01T16:57:30,0.067393,0.019332,0.155122,27.58,72.64,Propane,1822.05,unsafe
6107,2024-01-01T16:57:40,0.874873,0.345409,0.191832,20.4,40.09,Propane,3212.36,unsafe
6108,2024-01-01T16:57:50,0.035362,0.191704,0.105773,37.52,77.61,Propane,548.9,safe
6109,2024-01-01T16:58:00,0.597385,0.326687,0.123991,37.53,49.41,LPG,1652.6,unsafe
6110,2024-01-01T16:58:10,0.317351,0.003253,0.076348,18.39,75.14,Smoke,199.8,unsafe
6111,2024-01-01T16:58:20,0.85874,0.225225,0.18715,21.97,30.31,Methane,17360.73,unsafe
6112,2024-01-01T16:58:30,1.69945,1.345789,0.869807,13.48,33.51,CleanAir,0.0,safe
6113,2024-01-01T16:58:40,1.6954,1.348281,0.885709,23.4,44.55,CleanAir,0.0,safe
6114,2024-01-01T16:58:50,1.669535,1.307285,0.862104,28.34,80.03,CleanAir,0.0,safe
6115,2024-01-01T16:59:00,1.679905,1.326608,0.869774,32.74,81.68,CleanAir,0.0,safe
6116,2024-01-01T16:59:10,0.103438,0.071867,0.155118,19.61,69.36,LPG,4433.51,unsafe
6117,2024-01-01T16:59:20,0.578938,0.012959,0.152663,27.53,86.64,Smoke,770.53,unsafe
6118,2024-01-01T16:59:30,0.537645,0.225061,0.009658,10.91,33.16,Propane,873.75,safe
6119,2024-01-01T16:59:40,1.722584,1.36789,0.888058,20.42,39.93,CleanAir,0.0,safe
6120,2024-01-01T16:59:50,1.715021,1.366145,0.883742,30.72,56.11,CleanAir,0.0,safe
6121,2024-01-01T17:00:00,1.621799,1.310897,0.870558,12.69,60.36,CleanAir,0.0,safe
6122,2024-01-01T17:00:10,1.709182,1.360626,0.900892,32.37,56.18,CleanAir,0.0,safe
6123,2024-01-01T17:00:20,1.665557,1.324191,0.867952,20.77,76.6,CleanAir,0.0,safe
6124,2024-01-01T17:00:30,1.64484,1.307426,0.85862,18.93,68.1,CleanAir,0.0,safe
6125,2024-01-01T17:00:40,0.811598,0.153659,0.17924,32.42,78.94,Methane,16898.06,unsafe
6126,2024-01-01T17:00:50,1.678555,1.398739,0.924792,28.92,31.9,CleanAir,0.0,safe
6127,2024-01-01T17:01:00,0.02887,0.009759,0.006436,15.87,60.81,Smoke,552.37,unsafe
6128,2024-01-01T17:01:10,0.404987,0.220082,0.012888,25.18,41.5,Alcohol,1653.86,unsafe
6129,2024-01-01T17:01:20,1.681123,1.370215,0.888287,11.77,44.86,CleanAir,0.0,safe
6130,2024-01-01T17:01:30,1.674075,1.367839,0.882549,31.97,70.7,CleanAir,0.0,safe
6131,2024-01-01T17:01:40,0.346093,0.025876,0.009714,19.08,47.94,CO,1462.98,unsafe
6132,2024-01-01T17:01:50,1.691823,1.341248,0.880278,28.39,65.61,CleanAir,0.0,safe
6133,2024-01-01T17:02:00,0.370589,0.199943,0.161315,30.32,55.26,Alcohol,1229.41,unsafe
6134,2024-01-01T17:02:10,0.861962,0.253104,0.192551,32.33,48.97,Methane,18727.06,unsafe
6135,2024-01-01T17:02:20,1.692391,1.3595,0.892222,30.13,59.28,CleanAir,0.0,safe
6136,2024-01-01T17:02:30,0.640263,0.298713,0.019202,33.71,61.48,Hydrogen,3360.24,safe
6137,2024-01-01T17:02:40,0.028835,0.208253,0.009686,39.95,61.39,Alcohol,1173.95,unsafe
6138,2024-01-01T17:02:50,0.670976,0.671984,0.148806,11.57,75.75,Methane,9286.62,unsafe
6139,2024-01-01T17:03:00,1.669684,1.363577,0.893749,13.94,38.16,CleanAir,0.0,safe
6140,2024-01-01T17:03:10,0.012788,0.161746,0.086781,13.47,30.59,Smoke,204.02,unsafe
6141,2024-01-01T17:03:20,0.655381,0.302631,0.241132,31.19,84.22,Hydrogen,4136.89,safe
6142,2024-01-01T17:03:30,0.015945,0.234158,0.003228,17.28,89.85,CO,573.2,unsafe
6143,2024-01-01T17:03:40,1.693163,1.334766,0.877024,17.34,46.32,CleanAir,0.0,safe
6144,2024-01-01T17:03:50,0.37406,0.197987,0.009716,30.8,34.53,Alcohol,985.3,safe
6145,2024-01-01T17:04:00,0.6981,0.016023,0.189827,27.0,39.81,Smoke,998.89,unsafe
6146,2024-01-01T17:04:10,0.27479,0.154634,0.098065,26.4,50.17,Alcohol,369.8,safe
6147,2024-01-01T17:04:20,0.016277,0.167181,0.092539,19.72,60.37,Smoke,265.8,unsafe
6148,2024-01-01T17:04:30,0.458997,0.190563,0.006458,25.92,87.1,Smoke,444.45,unsafe
6149,2024-01-01T17:04:40,0.16382,0.095952,0.042079,14.72,71.95,Smoke,55.92,unsafe
6150,2024-01-01T17:04:50,1.632964,1.29429,0.854049,25.48,89.56,CleanAir,0.0,safe
6151,2024-01-01T17:05:00,1.675283,1.327812,0.889673,26.62,71.88,CleanAir,0.0,safe
6152,2024-01-01T17:05:10,0.037995,0.012832,0.151529,34.34,45.18,Alcohol,1031.84,unsafe
6153,2024-01-01T17:05:20,0.152657,0.070089,0.041802,24.11,69.96,CO,44.44,safe
6154,2024-01-01T17:05:30,1.683978,1.35504,0.909018,34.65,74.03,CleanAir,0.0,safe
6155,2024-01-01T17:05:40,0.090075,0.262631,0.150591,31.25,42.84,Propane,1344.03,unsafe
6156,2024-01-01T17:05:50,0.087296,0.306266,0.243755,23.53,76.22,Hydrogen,4531.26,safe
6157,2024-01-01T17:06:00,0.039154,0.186009,0.146524,16.19,52.92,Alcohol,1041.27,unsafe
6158,2024-01-01T17:06:10,1.657756,1.326012,0.883035,28.54,73.38,CleanAir,0.0,safe
6159,2024-01-01T17:06:20,1.653291,1.301485,0.867464,20.47,76.64,CleanAir,0.0,safe
6160,2024-01-01T17:06:30,1.668768,1.310215,0.900543,14.97,54.45,CleanAir,0.0,safe
6161,2024-01-01T17:06:40,0.481796,0.231448,0.012947,22.9,66.73,Hydrogen,1610.05,safe
6162,2024-01-01T17:06:50,1.700251,1.336237,0.881285,24.87,48.96,CleanAir,0.0,safe
6163,2024-01-01T17:07:00,0.811433,0.835036,0.17934,16.63,76.01,Methane,17427.34,unsafe
6164,2024-01-01T17:07:10,0.883797,0.345348,0.200192,36.82,58.72,Propane,3271.13,unsafe
6165,2024-01-01T17:07:20,0.063561,0.373669,0.139775,18.66,89.43,LPG,3340.47,unsafe
6166,2024-01-01T17:07:30,1.665875,1.321631,0.873914,31.67,76.97,CleanAir,0.0,safe
6167,2024-01-01T17:07:40,1.683808,1.37183,0.924198,33.36,42.08,CleanAir,0.0,safe
6168,2024-01-01T17:07:50,0.684085,0.03231,0.015921,34.28,44.21,LPG,2634.24,unsafe
6169,2024-01-01T17:08:00,1.646703,1.290471,0.837728,10.21,87.76,CleanAir,0.0,safe
6170,2024-01-01T17:08:10,0.388924,0.420874,0.137237,38.96,34.6,CO,1701.76,unsafe
6171,2024-01-01T17:08:20,0.696434,0.032104,0.143095,31.51,88.42,LPG,3447.76,unsafe
6172,2024-01-01T17:08:30,1.732749,1.363515,0.936395,33.48,32.8,CleanAir,0.0,safe
6173,2024-01-01T17:08:40,0.34405,0.182119,0.146316,19.83,86.4,Alcohol,1152.54,unsafe
6174,2024-01-01T17:08:50,0.670228,0.048305,0.00976,14.21,32.93,LPG,2643.77,unsafe
6175,2024-01-01T17:09:00,0.867979,0.336587,0.192466,29.89,66.65,Propane,3298.34,unsafe
6176,2024-01-01T17:09:10,1.650406,1.290669,0.852899,12.94,77.09,CleanAir,0.0,safe
6177,2024-01-01T17:09:20,0.922536,0.352726,0.208709,27.35,66.6,Propane,3969.89,unsafe
6178,2024-01-01T17:09:30,0.195482,0.109664,0.052677,31.07,44.86,Smoke,64.87,unsafe
6179,2024-01-01T17:09:40,1.698565,1.389248,0.932273,36.11,30.43,CleanAir,0.0,safe
6180,2024-01-01T17:09:50,0.34972,0.01281,0.146922,11.96,68.7,Alcohol,1122.77,unsafe
6181,2024-01-01T17:10:00,0.051098,0.243653,0.180338,34.85,60.73,Hydrogen,1665.01,safe
6182,2024-01-01T17:10:10,0.035824,0.223715,0.149487,14.78,49.92,Smoke,678.0,unsafe
6183,2024-01-01T17:10:20,0.974898,0.377562,0.225016,26.84,35.89,Propane,4315.55,unsafe
6184,2024-01-01T17:10:30,1.721137,1.357123,0.91653,38.02,53.37,CleanAir,0.0,safe
6185,2024-01-01T17:10:40,1.687907,1.330109,0.897112,38.79,70.52,CleanAir,0.0,safe
6186,2024-01-01T17:10:50,1.631928,1.303674,0.855507,15.36,68.09,CleanAir,0.0,safe
6187,2024-01-01T17:11:00,0.596273,0.319447,0.009773,16.61,73.12,LPG,2101.69,unsafe
6188,2024-01-01T17:11:10,1.710718,1.352018,0.900703,39.37,64.86,CleanAir,0.0,safe
6189,2024-01-01T17:11:20,1.736411,1.390415,0.941616,35.09,30.39,CleanAir,0.0,safe
6190,2024-01-01T17:11:30,1.739758,1.339694,0.907396,17.68,37.26,CleanAir,0.0,safe
6191,2024-01-01T17:11:40,1.661064,1.29294,0.867375,12.35,71.97,CleanAir,0.0,safe
6192,2024-01-01T17:11:50,0.284182,0.244208,0.0901,37.24,83.46,CO,610.48,unsafe
6193,2024-01-01T17:12:00,0.032344,0.218732,0.122178,26.83,30.98,Propane,697.32,safe
6194,2024-01-01T17:12:10,0.290339,0.159067,0.110538,11.03,44.88,Alcohol,531.2,safe
6195,2024-01-01T17:12:20,0.411377,0.194727,0.143543,21.69,65.67,Hydrogen,961.58,safe
6196,2024-01-01T17:12:30,1.721004,1.356623,0.929863,28.58,35.75,CleanAir,0.0,safe
6197,2024-01-01T17:12:40,1.649705,1.291814,0.858882,18.81,82.52,CleanAir,0.0,safe
6198,2024-01-01T17:12:50,0.041621,0.229715,0.161006,36.14,81.48,Smoke,770.36,unsafe
6199,2024-01-01T17:13:00,1.635735,1.252006,0.866569,21.28,83.67,CleanAir,0.0,safe
6200,2024-01-01T17:13:10,0.682295,0.381576,0.149784,39.5,32.68,LPG,2439.09,unsafe
6201,2024-01-01T17:13:20,0.003219,0.108201,0.051813,25.15,46.05,Smoke,63.56,unsafe
6202,2024-01-01T17:13:30,0.68931,0.260479,0.188565,28.58,47.38,Smoke,989.89,unsafe
6203,2024-01-01T17:13:40,0.300043,0.016183,0.098366,29.42,87.12,CO,929.21,unsafe
6204,2024-01-01T17:13:50,0.168504,0.340794,0.199488,14.17,82.78,Propane,4463.65,unsafe
6205,2024-01-01T17:14:00,0.358314,0.163132,0.096525,36.94,80.28,Smoke,253.44,unsafe
6206,2024-01-01T17:14:10,0.070646,0.397999,0.155955,31.39,66.85,LPG,3520.33,unsafe
6207,2024-01-01T17:14:20,0.62789,0.355694,0.016011,38.45,89.49,LPG,2670.56,unsafe
6208,2024-01-01T17:14:30,1.668678,1.310163,0.883405,27.4,69.14,CleanAir,0.0,safe
6209,2024-01-01T17:14:40,0.155643,0.407987,0.157049,33.14,77.08,LPG,4097.53,unsafe
6210,2024-01-01T17:14:50,0.655752,0.251803,0.15206,13.26,73.62,Propane,1760.61,unsafe
6211,2024-01-01T17:15:00,1.640226,1.246692,0.862578,13.8,76.69,CleanAir,0.0,safe
6212,2024-01-01T17:15:10,0.337252,0.189498,0.086558,36.01,40.68,LPG,382.83,safe
6213,2024-01-01T17:15:20,1.685266,1.346357,0.927558,36.72,57.06,CleanAir,0.0,safe
6214,2024-01-01T17:15:30,0.148774,0.373978,0.223998,35.88,32.41,Propane,3784.1,unsafe
6215,2024-01-01T17:15:40,0.169526,0.402986,0.159532,32.88,47.93,LPG,3363.92,unsafe
6216,2024-01-01T17:15:50,1.633264,1.288494,0.879216,10.29,62.83,CleanAir,0.0,safe
6217,2024-01-01T17:16:00,0.545608,0.304424,0.124866,33.83,53.55,LPG,1528.58,unsafe
6218,2024-01-01T17:16:10,0.642366,0.618109,0.15185,17.91,35.02,Methane,6093.27,unsafe
6219,2024-01-01T17:16:20,1.685442,1.362358,0.901713,17.31,39.55,CleanAir,0.0,safe
6220,2024-01-01T17:16:30,1.658536,1.321997,0.893851,39.15,89.86,CleanAir,0.0,safe
6221,2024-01-01T17:16:40,1.711013,1.346727,0.930957,31.4,45.54,CleanAir,0.0,safe
6222,2024-01-01T17:16:50,0.352191,0.395277,0.126691,27.98,47.44,CO,1626.44,unsafe
6223,2024-01-01T17:17:00,0.346293,0.376038,0.006444,39.04,88.12,CO,1568.32,unsafe
6224,2024-01-01T17:17:10,0.022555,0.016406,0.00662,29.89,67.37,CO,636.54,unsafe
6225,2024-01-01T17:17:20,0.375297,0.013035,0.164105,38.73,39.76,Alcohol,1044.95,unsafe
6226,2024-01-01T17:17:30,1.699216,1.372025,0.927189,29.45,30.21,CleanAir,0.0,safe
6227,2024-01-01T17:17:40,1.727355,1.364921,0.940377,34.98,40.82,CleanAir,0.0,safe
6228,2024-01-01T17:17:50,1.636162,1.319344,0.875752,15.41,59.63,CleanAir,0.0,safe
6229,2024-01-01T17:18:00,0.302132,0.016342,0.006604,29.33,59.24,CO,804.41,unsafe
6230,2024-01-01T17:18:10,1.62659,1.288127,0.881651,28.29,87.11,CleanAir,0.0,safe
6231,2024-01-01T17:18:20,0.181475,0.045027,0.168627,37.17,75.06,LPG,4745.77,unsafe
6232,2024-01-01T17:18:30,0.209796,0.003222,0.0,34.44,39.95,Smoke,72.31,unsafe
6233,2024-01-01T17:18:40,0.107597,0.571488,0.012751,16.63,69.11,Methane,5620.86,unsafe
6234,2024-01-01T17:18:50,0.04145,0.240634,0.009643,27.63,47.2,Smoke,825.06,unsafe
6235,2024-01-01T17:19:00,0.89233,0.333137,0.019574,26.78,88.92,Propane,4107.06,unsafe
6236,2024-01-01T17:19:10,1.70005,1.358229,0.940992,28.69,36.38,CleanAir,0.0,safe
6237,2024-01-01T17:19:20,0.835068,0.863233,0.193388,35.08,51.3,Methane,16084.31,unsafe
6238,2024-01-01T17:19:30,1.668265,1.286182,0.886868,19.63,77.91,CleanAir,0.0,safe
6239,2024-01-01T17:19:40,1.666711,1.325155,0.903255,18.19,48.96,CleanAir,0.0,safe
6240,2024-01-01T17:19:50,0.674998,0.304129,0.031909,30.46,83.85,Hydrogen,4923.93,safe
6241,2024-01-01T17:20:00,0.463809,0.186426,0.127768,16.78,89.39,Smoke,517.82,unsafe
6242,2024-01-01T17:20:10,1.682761,1.342539,0.917567,15.3,35.05,CleanAir,0.0,safe
6243,2024-01-01T17:20:20,0.465177,0.199333,0.125614,37.88,41.45,Smoke,394.41,unsafe
6244,2024-01-01T17:20:30,1.702035,1.354148,0.918023,24.13,35.97,CleanAir,0.0,safe
6245,2024-01-01T17:20:40,1.001999,0.390818,0.238077,33.16,38.73,Propane,4958.72,unsafe
6246,2024-01-01T17:20:50,1.699616,1.33593,0.909382,38.12,64.46,CleanAir,0.0,safe
6247,2024-01-01T17:21:00,0.026191,0.009608,0.006451,28.97,86.51,Propane,589.47,safe
6248,2024-01-01T17:21:10,1.684272,1.274066,0.889862,28.51,72.24,CleanAir,0.0,safe
6249,2024-01-01T17:21:20,1.708724,1.342855,0.902369,36.01,59.17,CleanAir,0.0,safe
6250,2024-01-01T17:21:30,0.035397,0.019419,0.180744,23.34,55.32,Hydrogen,1683.98,safe
6251,2024-01-01T17:21:40,0.79619,0.438777,0.171311,27.36,41.48,LPG,4528.63,unsafe
6252,2024-01-01T17:21:50,0.504034,0.235102,0.17916,22.01,41.01,Hydrogen,1587.27,safe
6253,2024-01-01T17:22:00,1.686101,1.329788,0.90691,28.32,63.33,CleanAir,0.0,safe
6254,2024-01-01T17:22:10,1.641984,1.2803,0.888689,15.45,63.89,CleanAir,0.0,safe
6255,2024-01-01T17:22:20,0.658625,0.361328,0.137397,21.92,64.37,LPG,2944.95,unsafe
6256,2024-01-01T17:22:30,0.864333,0.134687,0.200162,34.78,33.83,Methane,17120.1,unsafe
6257,2024-01-01T17:22:40,0.016303,0.234408,0.094612,30.3,44.42,CO,515.2,unsafe
6258,2024-01-01T17:22:50,0.2766,0.659965,0.156049,17.93,87.66,Methane,10094.89,unsafe
6259,2024-01-01T17:23:00,1.630648,1.281965,0.889939,29.42,83.35,CleanAir,0.0,safe
6260,2024-01-01T17:23:10,0.399339,0.138558,0.181245,19.22,70.56,Methane,15794.01,unsafe
6261,2024-01-01T17:23:20,0.301949,0.162025,0.006419,30.21,70.28,Alcohol,634.97,safe
6262,2024-01-01T17:23:30,1.662087,1.264949,0.88734,26.08,72.35,CleanAir,0.0,safe
6263,2024-01-01T17:23:40,0.423839,0.224191,0.205361,24.72,33.25,Alcohol,1950.89,unsafe
6264,2024-01-01T17:23:50,0.322706,0.168541,0.009625,31.19,69.15,Alcohol,791.29,safe
6265,2024-01-01T17:24:00,0.775932,0.421449,0.164849,33.66,70.68,LPG,4421.21,unsafe
6266,2024-01-01T17:24:10,0.706286,0.399606,0.156306,27.85,52.77,LPG,3558.2,unsafe
6267,2024-01-01T17:24:20,0.012787,0.154492,0.003187,33.13,40.33,Alcohol,404.39,safe
6268,2024-01-01T17:24:30,0.168019,0.890647,0.049602,16.96,30.47,Methane,19973.55,unsafe
6269,2024-01-01T17:24:40,0.677708,0.0518,0.151141,28.59,56.8,LPG,2995.7,unsafe
6270,2024-01-01T17:24:50,0.448276,0.185386,0.118656,12.35,66.71,Smoke,438.27,unsafe
6271,2024-01-01T17:25:00,0.56851,0.30227,0.128716,27.61,45.89,LPG,1598.21,unsafe
6272,2024-01-01T17:25:10,1.643044,1.255317,0.863154,12.68,80.49,CleanAir,0.0,safe
6273,2024-01-01T17:25:20,0.559884,0.258823,0.208174,28.94,63.17,Hydrogen,2401.42,safe
6274,2024-01-01T17:25:30,0.573964,0.028788,0.127152,36.39,89.84,LPG,1960.94,unsafe
6275,2024-01-01T17:25:40,0.389744,0.201456,0.016327,20.33,53.99,Alcohol,1592.62,unsafe
6276,2024-01-01T17:25:50,0.193948,0.106635,0.058247,29.86,87.77,Alcohol,129.13,safe
6277,2024-01-01T17:26:00,0.077421,0.403753,0.012922,27.66,75.24,LPG,4210.95,unsafe
6278,2024-01-01T17:26:10,1.689226,1.328404,0.928565,17.16,38.83,CleanAir,0.0,safe
6279,2024-01-01T17:26:20,0.981302,0.383961,0.240806,33.92,30.96,Propane,4379.5,unsafe
6280,2024-01-01T17:26:30,0.097596,0.303599,0.183079,19.0,77.43,Propane,2969.5,unsafe
6281,2024-01-01T17:26:40,0.664277,0.035734,0.02573,24.79,84.14,Hydrogen,4604.9,safe
6282,2024-01-01T17:26:50,0.703452,0.376646,0.013104,35.71,30.77,LPG,2748.3,unsafe
6283,2024-01-01T17:27:00,0.006493,0.11628,0.067617,15.07,82.59,Alcohol,175.44,safe
6284,2024-01-01T17:27:10,0.060288,0.331988,0.13601,23.47,55.41,LPG,2193.66,unsafe
6285,2024-01-01T17:27:20,1.741751,1.3543,0.962014,36.99,45.58,CleanAir,0.0,safe
6286,2024-01-01T17:27:30,0.372809,0.417601,0.137955,14.03,35.36,CO,1951.22,unsafe
6287,2024-01-01T17:27:40,0.326559,0.156135,0.110518,15.62,89.86,Hydrogen,553.51,safe
6288,2024-01-01T17:27:50,1.66058,1.311102,0.883566,38.1,85.68,CleanAir,0.0,safe
6289,2024-01-01T17:28:00,1.698369,1.337565,0.916359,18.51,37.13,CleanAir,0.0,safe
6290,2024-01-01T17:28:10,0.048407,0.02264,0.204356,34.63,34.77,Hydrogen,1939.22,safe
6291,2024-01-01T17:28:20,0.793185,0.819723,0.181208,25.24,80.07,Methane,16821.31,unsafe
6292,2024-01-01T17:28:30,1.667146,1.296394,0.866099,22.13,79.49,CleanAir,0.0,safe
6293,2024-01-01T17:28:40,1.711788,1.366019,0.951508,37.52,43.29,CleanAir,0.0,safe
6294,2024-01-01T17:28:50,1.677633,1.311848,0.892551,28.63,69.06,CleanAir,0.0,safe
6295,2024-01-01T17:29:00,0.930136,0.3575,0.028798,19.37,74.73,Propane,4958.55,unsafe
6296,2024-01-01T17:29:10,1.696884,1.389368,0.954346,36.78,31.8,CleanAir,0.0,safe
6297,2024-01-01T17:29:20,1.677728,1.324609,0.927067,29.44,63.21,CleanAir,0.0,safe
6298,2024-01-01T17:29:30,0.862319,0.335719,0.016083,36.42,43.98,Propane,2859.25,unsafe
6299,2024-01-01T17:29:40,1.664985,1.338433,0.900763,39.15,85.84,CleanAir,0.0,safe
6300,2024-01-01T17:29:50,0.507762,0.285963,0.116596,28.49,78.46,LPG,1426.5,unsafe
6301,2024-01-01T17:30:00,1.704864,1.354867,0.942598,35.61,45.19,CleanAir,0.0,safe
6302,2024-01-01T17:30:10,1.675823,1.327393,0.893912,27.53,65.91,CleanAir,0.0,safe
6303,2024-01-01T17:30:20,0.383812,0.201966,0.009611,25.22,36.75,Alcohol,1279.99,unsafe
6304,2024-01-01T17:30:30,1.696484,1.370131,0.940381,33.35,40.13,CleanAir,0.0,safe
6305,2024-01-01T17:30:40,1.658502,1.270092,0.864387,10.17,66.05,CleanAir,0.0,safe
6306,2024-01-01T17:30:50,1.750131,1.354963,0.946391,33.86,34.57,CleanAir,0.0,safe
6307,2024-01-01T17:31:00,1.748753,1.336998,0.918,27.78,38.98,CleanAir,0.0,safe
6308,2024-01-01T17:31:10,0.458317,0.195287,0.115046,18.4,32.53,Propane,592.61,safe
6309,2024-01-01T17:31:20,0.808311,0.439845,0.029171,27.68,55.84,LPG,4825.03,unsafe
6310,2024-01-01T17:31:30,0.016174,0.012882,0.089577,12.33,44.6,CO,553.1,unsafe
6311,2024-01-01T17:31:40,0.520852,0.202215,0.006397,11.43,58.96,Smoke,589.86,unsafe
6312,2024-01-01T17:31:50,0.873195,0.029477,0.016239,31.26,84.81,Propane,3608.19,unsafe
6313,2024-01-01T17:32:00,0.711312,0.103655,0.159685,33.44,39.92,Methane,7250.23,unsafe
6314,2024-01-01T17:32:10,0.604668,0.22939,0.162211,38.5,70.76,Smoke,757.96,unsafe
6315,2024-01-01T17:32:20,0.006368,0.003239,0.0,14.62,78.03,Smoke,84.53,unsafe
6316,2024-01-01T17:32:30,0.398614,0.196761,0.175538,10.28,54.34,Alcohol,1790.98,unsafe
6317,2024-01-01T17:32:40,1.682134,1.290236,0.898923,15.13,46.46,CleanAir,0.0,safe
6318,2024-01-01T17:32:50,1.688604,1.355171,0.916222,27.74,46.83,CleanAir,0.0,safe
6319,2024-01-01T17:33:00,1.708281,1.323649,0.904596,26.96,35.33,CleanAir,0.0,safe
6320,2024-01-01T17:33:10,1.667573,1.318668,0.901494,32.38,68.43,CleanAir,0.0,safe
6321,2024-01-01T17:33:20,1.677716,1.277906,0.862285,26.79,83.16,CleanAir,0.0,safe
6322,2024-01-01T17:33:30,0.667454,0.034955,0.142841,35.61,50.6,LPG,2316.95,unsafe
6323,2024-01-01T17:33:40,1.692791,1.328526,0.899648,25.52,52.38,CleanAir,0.0,safe
6324,2024-01-01T17:33:50,1.737292,1.361749,0.938386,26.35,33.27,CleanAir,0.0,safe
6325,2024-01-01T17:34:00,1.708452,1.33144,0.912435,16.63,35.26,CleanAir,0.0,safe
6326,2024-01-01T17:34:10,0.022311,0.153352,0.117038,22.27,86.13,Alcohol,636.14,safe
6327,2024-01-01T17:34:20,0.408003,0.196022,0.009535,34.7,44.54,Hydrogen,783.34,safe
6328,2024-01-01T17:34:30,0.576025,0.222022,0.009596,16.02,30.9,Smoke,645.04,unsafe
6329,2024-01-01T17:34:40,0.640048,0.01932,0.009464,11.9,41.79,Smoke,889.46,unsafe
6330,2024-01-01T17:34:50,0.431469,0.221228,0.016357,35.36,50.44,Alcohol,1893.16,unsafe
6331,2024-01-01T17:35:00,1.669656,1.306001,0.899244,25.19,64.17,CleanAir,0.0,safe
6332,2024-01-01T17:35:10,1.668705,1.273061,0.8761,14.35,62.37,CleanAir,0.0,safe
6333,2024-01-01T17:35:20,0.7816,0.423473,0.015989,20.78,62.8,LPG,4811.79,unsafe
6334,2024-01-01T17:35:30,1.727926,1.35656,0.938515,37.93,33.61,CleanAir,0.0,safe
6335,2024-01-01T17:35:40,0.55027,0.253054,0.201189,15.27,77.54,Hydrogen,2698.74,safe
6336,2024-01-01T17:35:50,1.626173,1.28161,0.855051,25.91,88.51,CleanAir,0.0,safe
6337,2024-01-01T17:36:00,0.249329,0.18834,0.003191,10.38,30.38,CO,322.3,unsafe
6338,2024-01-01T17:36:10,0.016232,0.006514,0.104117,28.22,33.96,Alcohol,372.92,safe
6339,2024-01-01T17:36:20,1.650706,1.268652,0.869873,21.37,86.44,CleanAir,0.0,safe
6340,2024-01-01T17:36:30,0.735067,0.035751,0.01584,39.54,53.73,LPG,3488.5,unsafe
6341,2024-01-01T17:36:40,1.660336,1.335636,0.901349,38.89,83.1,CleanAir,0.0,safe
6342,2024-01-01T17:36:50,1.653195,1.302683,0.861943,13.33,63.35,CleanAir,0.0,safe
6343,2024-01-01T17:37:00,1.656203,1.291543,0.876773,22.73,71.95,CleanAir,0.0,safe
6344,2024-01-01T17:37:10,1.715483,1.35765,0.954857,33.11,35.71,CleanAir,0.0,safe
6345,2024-01-01T17:37:20,0.594724,0.228158,0.009526,30.33,66.1,Smoke,747.0,unsafe
6346,2024-01-01T17:37:30,0.012872,0.186006,0.003253,21.06,82.66,CO,376.78,unsafe
6347,2024-01-01T17:37:40,0.451974,0.009615,0.122325,38.74,70.94,Smoke,402.48,unsafe
6348,2024-01-01T17:37:50,0.482879,0.009729,0.128986,21.2,33.02,Smoke,436.17,unsafe
6349,2024-01-01T17:38:00,1.716927,1.361345,0.933165,38.46,48.24,CleanAir,0.0,safe
6350,2024-01-01T17:38:10,1.708236,1.368979,0.932158,33.54,47.39,CleanAir,0.0,safe
6351,2024-01-01T17:38:20,0.785487,0.784115,0.17873,10.45,31.07,Methane,13664.24,unsafe
6352,2024-01-01T17:38:30,1.676828,1.323253,0.917948,19.21,43.24,CleanAir,0.0,safe
6353,2024-01-01T17:38:40,1.653219,1.267716,0.869349,11.32,72.82,CleanAir,0.0,safe
6354,2024-01-01T17:38:50,0.06455,0.278417,0.00974,31.29,66.74,Propane,1895.24,unsafe
6355,2024-01-01T17:39:00,0.009707,0.167918,0.07176,28.18,85.47,CO,283.11,unsafe
6356,2024-01-01T17:39:10,0.280607,0.009615,0.109182,13.25,72.57,Alcohol,566.71,safe
6357,2024-01-01T17:39:20,0.347064,0.183648,0.152117,18.23,73.91,Alcohol,1187.65,unsafe
6358,2024-01-01T17:39:30,0.074079,0.267555,0.028604,29.41,74.3,Hydrogen,2679.73,safe
6359,2024-01-01T17:39:40,0.068002,0.292968,0.045248,19.23,80.1,Hydrogen,4787.16,safe
6360,2024-01-01T17:39:50,0.558477,0.219396,0.153217,17.89,45.04,Smoke,663.93,unsafe
6361,2024-01-01T17:40:00,0.025692,0.012743,0.146517,13.89,47.9,Alcohol,1003.68,unsafe
6362,2024-01-01T17:40:10,0.873549,0.868438,0.192738,32.77,64.87,Methane,19330.5,unsafe
6363,2024-01-01T17:40:20,0.648001,0.035208,0.245289,25.22,83.21,Hydrogen,4362.84,safe
6364,2024-01-01T17:40:30,1.672929,1.278791,0.8832,25.43,78.3,CleanAir,0.0,safe
6365,2024-01-01T17:40:40,0.353974,0.188081,0.156707,23.21,73.51,Alcohol,1228.81,unsafe
6366,2024-01-01T17:40:50,1.636828,1.315013,0.878578,32.56,81.54,CleanAir,0.0,safe
6367,2024-01-01T17:41:00,1.653905,1.317071,0.901812,31.88,70.4,CleanAir,0.0,safe
6368,2024-01-01T17:41:10,0.012788,0.161047,0.074107,17.12,63.66,LPG,327.1,safe
6369,2024-01-01T17:41:20,0.373576,0.012936,0.159845,32.35,45.44,Alcohol,1024.98,unsafe
6370,2024-01-01T17:41:30,0.520387,0.239941,0.189537,16.76,41.37,Hydrogen,1854.95,safe
6371,2024-01-01T17:41:40,1.683867,1.343923,0.916677,27.17,46.6,CleanAir,0.0,safe
6372,2024-01-01T17:41:50,0.806587,0.444947,0.013012,28.22,55.78,LPG,4889.87,unsafe
6373,2024-01-01T17:42:00,1.718057,1.325658,0.922136,26.25,46.47,CleanAir,0.0,safe
6374,2024-01-01T17:42:10,0.818684,0.314116,0.186467,22.78,71.92,Propane,2973.75,unsafe
6375,2024-01-01T17:42:20,0.290984,0.251445,0.096188,26.81,34.06,CO,555.8,unsafe
6376,2024-01-01T17:42:30,1.613528,1.286961,0.845614,11.42,81.13,CleanAir,0.0,safe
6377,2024-01-01T17:42:40,1.639483,1.312181,0.888537,12.2,56.24,CleanAir,0.0,safe
6378,2024-01-01T17:42:50,0.693875,0.267337,0.164833,24.4,41.36,Propane,1644.1,unsafe
6379,2024-01-01T17:43:00,1.673644,1.329759,0.921599,34.75,57.24,CleanAir,0.0,safe
6380,2024-01-01T17:43:10,0.808651,0.434134,0.172299,19.95,38.42,LPG,4817.1,unsafe
6381,2024-01-01T17:43:20,0.644452,0.106528,0.14869,11.3,66.81,Methane,7606.3,unsafe
6382,2024-01-01T17:43:30,0.264179,0.231457,0.087939,19.82,88.07,CO,596.45,unsafe
6383,2024-01-01T17:43:40,0.701322,0.374425,0.145587,11.28,67.67,LPG,3503.63,unsafe
6384,2024-01-01T17:43:50,1.715484,1.34391,0.928172,26.12,38.5,CleanAir,0.0,safe
6385,2024-01-01T17:44:00,1.671074,1.287484,0.905076,18.05,61.82,CleanAir,0.0,safe
6386,2024-01-01T17:44:10,0.015926,0.247191,0.094771,37.81,84.1,CO,619.21,unsafe
6387,2024-01-01T17:44:20,0.724292,0.335137,0.288142,38.57,45.0,Hydrogen,4909.2,safe
6388,2024-01-01T17:44:30,0.3402,0.012949,0.141922,15.69,46.53,Alcohol,872.7,safe
6389,2024-01-01T17:44:40,0.430833,0.237684,0.104564,13.06,37.23,LPG,827.9,safe
6390,2024-01-01T17:44:50,0.373708,0.01612,0.009734,32.9,87.91,Alcohol,1416.14,unsafe
6391,2024-01-01T17:45:00,0.34469,0.183286,0.151315,31.46,77.9,Alcohol,1055.15,unsafe
6392,2024-01-01T17:45:10,1.68032,1.330254,0.907162,24.45,52.29,CleanAir,0.0,safe
6393,2024-01-01T17:45:20,0.655716,0.302635,0.032569,21.76,49.23,Hydrogen,3995.21,safe
6394,2024-01-01T17:45:30,0.57129,0.232215,0.139133,13.02,31.69,Propane,1017.32,unsafe
6395,2024-01-01T17:45:40,1.697189,1.322819,0.922691,30.28,48.25,CleanAir,0.0,safe
6396,2024-01-01T17:45:50,1.690907,1.347114,0.930842,38.6,55.35,CleanAir,0.0,safe
6397,2024-01-01T17:46:00,0.494137,0.022694,0.11285,25.96,54.48,LPG,1137.6,unsafe
6398,2024-01-01T17:46:10,1.688611,1.303602,0.891811,15.96,48.99,CleanAir,0.0,safe
6399,2024-01-01T17:46:20,0.861696,0.331234,0.01621,24.63,77.22,Propane,3690.29,unsafe
6400,2024-01-01T17:46:30,0.645234,0.015868,0.180728,17.44,50.47,Smoke,967.04,unsafe
6401,2024-01-01T17:46:40,1.656788,1.294005,0.880734,21.23,75.7,CleanAir,0.0,safe
6402,2024-01-01T17:46:50,0.025884,0.009636,0.124371,23.47,71.18,Smoke,454.61,unsafe
6403,2024-01-01T17:47:00,1.631022,1.266169,0.865788,20.22,79.79,CleanAir,0.0,safe
6404,2024-01-01T17:47:10,0.455235,0.222196,0.160594,38.09,39.14,Hydrogen,997.22,safe
6405,2024-01-01T17:47:20,0.039102,0.342373,0.114274,11.04,47.91,CO,1307.6,unsafe
6406,2024-01-01T17:47:30,0.6457,0.352016,0.140837,20.66,60.48,LPG,2744.98,unsafe
6407,2024-01-01T17:47:40,1.695005,1.356155,0.952392,37.07,39.77,CleanAir,0.0,safe
6408,2024-01-01T17:47:50,0.481472,0.009643,0.130197,38.28,66.61,Smoke,460.05,unsafe
6409,2024-01-01T17:48:00,0.074621,0.321667,0.052238,30.73,51.22,Hydrogen,4900.47,safe
6410,2024-01-01T17:48:10,1.6493,1.276766,0.876714,18.58,79.98,CleanAir,0.0,safe
6411,2024-01-01T17:48:20,0.025873,0.178275,0.145904,20.39,78.93,Alcohol,1101.3,unsafe
6412,2024-01-01T17:48:30,0.655142,0.026168,0.248469,13.21,72.41,Hydrogen,4608.44,safe
6413,2024-01-01T17:48:40,1.666243,1.291131,0.874141,30.74,87.66,CleanAir,0.0,safe
6414,2024-01-01T17:48:50,0.693482,0.314253,0.026122,39.31,80.35,Hydrogen,4999.56,safe
6415,2024-01-01T17:49:00,0.490578,0.009579,0.132005,39.97,42.65,Smoke,433.75,unsafe
6416,2024-01-01T17:49:10,0.306379,0.019699,0.1014,22.26,72.12,CO,1023.73,unsafe
6417,2024-01-01T17:49:20,0.465586,0.016275,0.165349,21.89,81.42,Hydrogen,1537.38,safe
6418,2024-01-01T17:49:30,0.619509,0.243026,0.173339,39.37,55.62,Smoke,796.31,unsafe
6419,2024-01-01T17:49:40,1.655745,1.297296,0.908205,21.69,72.03,CleanAir,0.0,safe
6420,2024-01-01T17:49:50,0.713791,0.388601,0.156828,38.64,52.44,LPG,3176.32,unsafe
6421,2024-01-01T17:50:00,0.025941,0.379073,0.009692,39.9,53.89,CO,1468.41,unsafe
6422,2024-01-01T17:50:10,1.661646,1.261181,0.867049,12.41,70.37,CleanAir,0.0,safe
6423,2024-01-01T17:50:20,0.57306,0.268435,0.016142,24.35,46.31,Hydrogen,2549.17,safe
6424,2024-01-01T17:50:30,0.315317,0.323221,0.110863,28.76,68.4,CO,1113.66,unsafe
6425,2024-01-01T17:50:40,1.639138,1.306925,0.895665,36.26,81.4,CleanAir,0.0,safe
6426,2024-01-01T17:50:50,0.308895,0.144975,0.003219,30.9,71.2,Smoke,186.62,unsafe
6427,2024-01-01T17:51:00,1.632923,1.292036,0.858006,17.23,75.3,CleanAir,0.0,safe
6428,2024-01-01T17:51:10,0.299204,0.263692,0.099315,25.07,33.72,CO,632.48,unsafe
6429,2024-01-01T17:51:20,0.635026,0.350841,0.140732,21.58,32.49,LPG,2301.82,unsafe
6430,2024-01-01T17:51:30,1.664533,1.303046,0.890057,15.86,55.54,CleanAir,0.0,safe
6431,2024-01-01T17:51:40,1.657635,1.299294,0.901672,26.55,63.22,CleanAir,0.0,safe
6432,2024-01-01T17:51:50,0.778407,0.422031,0.161763,25.28,66.35,LPG,4912.18,unsafe
6433,2024-01-01T17:52:00,0.279487,0.252066,0.089623,10.46,68.33,CO,730.29,unsafe
6434,2024-01-01T17:52:10,0.093494,0.312367,0.184758,36.02,60.03,Propane,2625.0,unsafe
6435,2024-01-01T17:52:20,0.577912,0.305765,0.009727,17.69,55.63,LPG,1984.64,unsafe
6436,2024-01-01T17:52:30,0.590149,0.218961,0.009826,10.82,82.3,Smoke,885.87,unsafe
6437,2024-01-01T17:52:40,1.678888,1.305345,0.908588,26.25,45.05,CleanAir,0.0,safe
6438,2024-01-01T17:52:50,0.0,0.058284,0.022199,16.68,67.1,Smoke,13.6,safe
6439,2024-01-01T17:53:00,0.096963,0.179599,0.152781,12.13,68.38,Methane,9515.74,unsafe
6440,2024-01-01T17:53:10,1.657001,1.308653,0.900635,28.92,78.28,CleanAir,0.0,safe
6441,2024-01-01T17:53:20,0.143033,0.334102,0.200441,16.97,78.58,Propane,4268.54,unsafe
6442,2024-01-01T17:53:30,0.337105,0.377603,0.117769,15.23,88.67,CO,1958.21,unsafe
6443,2024-01-01T17:53:40,0.803461,0.432145,0.022582,36.02,77.6,LPG,4969.34,unsafe
6444,2024-01-01T17:53:50,1.643927,1.293128,0.914946,24.89,69.51,CleanAir,0.0,safe
6445,2024-01-01T17:54:00,0.580974,0.258834,0.022474,11.32,81.97,Hydrogen,3433.19,safe
6446,2024-01-01T17:54:10,0.716148,0.038819,0.025876,33.04,37.34,Hydrogen,4428.29,safe
6447,2024-01-01T17:54:20,0.019373,0.154082,0.105624,26.52,36.4,Alcohol,404.72,safe
6448,2024-01-01T17:54:30,0.099426,0.325546,0.194466,35.6,56.41,Propane,2763.79,unsafe
6449,2024-01-01T17:54:40,0.342621,0.148723,0.0911,16.73,61.32,Smoke,230.98,unsafe
6450,2024-01-01T17:54:50,0.035061,0.189422,0.149103,34.29,30.25,Alcohol,841.85,safe
6451,2024-01-01T17:55:00,0.601174,0.035074,0.216489,16.63,34.64,Hydrogen,2799.04,safe
6452,2024-01-01T17:55:10,0.313355,0.166946,0.122833,33.73,54.13,Alcohol,568.91,safe
6453,2024-01-01T17:55:20,0.734571,0.096598,0.167058,19.45,71.1,Methane,11782.83,unsafe
6454,2024-01-01T17:55:30,1.671892,1.288856,0.903619,28.72,69.61,CleanAir,0.0,safe
6455,2024-01-01T17:55:40,0.156163,0.838873,0.185559,15.68,59.45,Methane,18992.71,unsafe
6456,2024-01-01T17:55:50,1.667093,1.325554,0.922509,24.71,57.4,CleanAir,0.0,safe
6457,2024-01-01T17:56:00,0.59737,0.275365,0.022559,36.7,32.2,Hydrogen,2221.44,safe
6458,2024-01-01T17:56:10,0.025532,0.351623,0.120572,35.92,55.83,CO,1213.19,unsafe
6459,2024-01-01T17:56:20,1.657653,1.301622,0.882272,18.13,82.65,CleanAir,0.0,safe
6460,2024-01-01T17:56:30,0.379867,0.20267,0.172584,13.32,36.03,Alcohol,1365.63,unsafe
6461,2024-01-01T17:56:40,0.482502,0.225335,0.171536,21.28,59.52,Hydrogen,1546.98,safe
6462,2024-01-01T17:56:50,1.63671,1.305402,0.899047,29.42,84.43,CleanAir,0.0,safe
6463,2024-01-01T17:57:00,1.696687,1.37106,0.947901,33.17,42.51,CleanAir,0.0,safe
6464,2024-01-01T17:57:10,0.790895,0.81261,0.041819,29.22,75.71,Methane,15002.88,unsafe
6465,2024-01-01T17:57:20,1.702264,1.341125,0.921226,35.59,65.72,CleanAir,0.0,safe
6466,2024-01-01T17:57:30,1.682101,1.341597,0.927305,30.36,50.11,CleanAir,0.0,safe
6467,2024-01-01T17:57:40,1.677147,1.335899,0.910193,33.02,71.85,CleanAir,0.0,safe
6468,2024-01-01T17:57:50,1.663103,1.309223,0.896737,19.3,58.76,CleanAir,0.0,safe
6469,2024-01-01T17:58:00,0.269225,0.006491,0.006508,24.61,66.12,Alcohol,386.75,safe
6470,2024-01-01T17:58:10,0.523338,0.012799,0.140459,22.56,87.48,Smoke,627.03,unsafe
6471,2024-01-01T17:58:20,1.651798,1.294508,0.895511,17.05,77.37,CleanAir,0.0,safe
6472,2024-01-01T17:58:30,1.679013,1.30972,0.906551,11.45,47.57,CleanAir,0.0,safe
6473,2024-01-01T17:58:40,0.02909,0.308359,0.113194,39.23,70.8,CO,1007.68,unsafe
6474,2024-01-01T17:58:50,1.660512,1.284745,0.879408,16.3,71.57,CleanAir,0.0,safe
6475,2024-01-01T17:59:00,0.695857,0.119546,0.163178,20.75,33.06,Methane,7469.64,unsafe
6476,2024-01-01T17:59:10,1.715634,1.380212,0.953505,38.77,46.3,CleanAir,0.0,safe
6477,2024-01-01T17:59:20,1.708668,1.33757,0.931242,26.06,43.49,CleanAir,0.0,safe
6478,2024-01-01T17:59:30,1.678519,1.362686,0.931601,38.41,66.2,CleanAir,0.0,safe
6479,2024-01-01T17:59:40,0.800155,0.308334,0.186703,32.63,58.05,Propane,2404.68,unsafe
6480,2024-01-01T17:59:50,1.685903,1.33539,0.934262,10.2,30.48,CleanAir,0.0,safe
6481,2024-01-01T18:00:00,0.837474,0.321074,0.194936,29.02,56.82,Propane,2881.5,unsafe
6482,2024-01-01T18:00:10,0.696223,0.034861,0.270157,34.07,79.79,Hydrogen,4771.88,safe
6483,2024-01-01T18:00:20,0.663944,0.310909,0.258172,39.62,36.88,Hydrogen,3334.79,safe
6484,2024-01-01T18:00:30,1.679916,1.340971,0.906731,28.24,78.67,CleanAir,0.0,safe
6485,2024-01-01T18:00:40,1.691219,1.32411,0.932793,17.51,34.32,CleanAir,0.0,safe
6486,2024-01-01T18:00:50,1.718667,1.373459,0.950387,31.81,41.04,CleanAir,0.0,safe
6487,2024-01-01T18:01:00,0.844917,0.330548,0.203253,26.47,44.55,Propane,2848.57,unsafe
6488,2024-01-01T18:01:10,0.028904,0.193436,0.016146,17.44,72.09,Alcohol,1328.13,unsafe
6489,2024-01-01T18:01:20,0.352511,0.150628,0.09019,15.19,76.7,Smoke,247.49,unsafe
6490,2024-01-01T18:01:30,0.778257,0.424061,0.167702,12.18,37.99,LPG,4468.72,unsafe
6491,2024-01-01T18:01:40,1.704103,1.321038,0.906309,26.24,56.32,CleanAir,0.0,safe
6492,2024-01-01T18:01:50,1.681093,1.294723,0.897821,20.53,69.69,CleanAir,0.0,safe
6493,2024-01-01T18:02:00,1.685848,1.317045,0.900583,34.99,82.65,CleanAir,0.0,safe
6494,2024-01-01T18:02:10,0.827655,0.814375,0.183838,29.11,71.07,Methane,15325.63,unsafe
6495,2024-01-01T18:02:20,0.736109,0.327218,0.285553,23.63,32.9,Hydrogen,4979.62,safe
6496,2024-01-01T18:02:30,1.723095,1.374584,0.947804,38.04,49.52,CleanAir,0.0,safe
6497,2024-01-01T18:02:40,0.922466,0.054275,0.029056,18.19,70.37,Propane,4283.34,unsafe
6498,2024-01-01T18:02:50,0.061747,0.280668,0.229115,11.97,31.01,Hydrogen,2941.37,safe
6499,2024-01-01T18:03:00,1.746572,1.362829,0.947583,35.17,35.43,CleanAir,0.0,safe
6500,2024-01-01T18:03:10,1.637542,1.273144,0.868619,15.99,78.69,CleanAir,0.0,safe
6501,2024-01-01T18:03:20,1.700322,1.341863,0.914792,33.94,59.75,CleanAir,0.0,safe
6502,2024-01-01T18:03:30,0.035623,0.224744,0.009711,17.56,49.06,Smoke,704.48,unsafe
6503,2024-01-01T18:03:40,1.648459,1.268591,0.876758,11.68,70.11,CleanAir,0.0,safe
6504,2024-01-01T18:03:50,1.644129,1.31565,0.871723,24.82,87.78,CleanAir,0.0,safe
6505,2024-01-01T18:04:00,0.399595,0.016214,0.179439,11.51,36.88,Alcohol,1589.53,unsafe
6506,2024-01-01T18:04:10,0.061084,0.269342,0.221729,15.73,59.06,Hydrogen,3085.71,safe
6507,2024-01-01T18:04:20,0.750863,0.737981,0.166529,17.9,74.8,Methane,13083.39,unsafe
6508,2024-01-01T18:04:30,1.759886,1.348489,0.936553,31.67,31.79,CleanAir,0.0,safe
6509,2024-01-01T18:04:40,0.796179,0.134654,0.17863,29.49,85.62,Methane,15094.61,unsafe
6510,2024-01-01T18:04:50,0.49293,0.220452,0.170466,13.36,77.61,Hydrogen,1672.65,safe
6511,2024-01-01T18:05:00,0.752154,0.733122,0.170792,20.69,57.69,Methane,11397.31,unsafe
6512,2024-01-01T18:05:10,0.571929,0.262693,0.016371,35.49,55.54,Hydrogen,2223.65,safe
6513,2024-01-01T18:05:20,1.684006,1.302791,0.895543,10.73,43.5,CleanAir,0.0,safe
6514,2024-01-01T18:05:30,0.087371,0.035496,0.148622,10.91,83.24,LPG,3867.69,unsafe
6515,2024-01-01T18:05:40,0.487069,0.019254,0.111795,10.76,35.22,LPG,1099.5,unsafe
6516,2024-01-01T18:05:50,0.022723,0.321606,0.108626,13.99,74.93,CO,1250.76,unsafe
6517,2024-01-01T18:06:00,0.009712,0.006404,0.091814,32.52,86.76,Alcohol,325.18,safe
6518,2024-01-01T18:06:10,0.022405,0.013106,0.009836,25.29,45.72,Alcohol,1051.43,unsafe
6519,2024-01-01T18:06:20,0.048518,0.013099,0.171068,18.39,45.67,Smoke,808.6,unsafe
6520,2024-01-01T18:06:30,0.21713,0.137893,0.063419,10.16,34.07,CO,168.56,unsafe
6521,2024-01-01T18:06:40,1.649712,1.303416,0.891969,15.29,63.57,CleanAir,0.0,safe
6522,2024-01-01T18:06:50,0.083751,0.02247,0.125378,38.48,73.58,LPG,1608.55,unsafe
6523,2024-01-01T18:07:00,1.661805,1.306722,0.909566,29.97,69.15,CleanAir,0.0,safe
6524,2024-01-01T18:07:10,0.022689,0.182168,0.119044,39.64,88.29,Smoke,395.01,unsafe
6525,2024-01-01T18:07:20,0.396468,0.17151,0.106018,24.35,58.11,Smoke,298.87,unsafe
6526,2024-01-01T18:07:30,1.706002,1.356482,0.9131,32.89,63.78,CleanAir,0.0,safe
6527,2024-01-01T18:07:40,1.71773,1.367077,0.93151,35.01,61.89,CleanAir,0.0,safe
6528,2024-01-01T18:07:50,1.751419,1.360546,0.966761,36.06,38.21,CleanAir,0.0,safe
6529,2024-01-01T18:08:00,0.83398,0.819649,0.188427,18.77,76.36,Methane,19938.18,unsafe
6530,2024-01-01T18:08:10,1.707823,1.335626,0.944445,36.87,68.08,CleanAir,0.0,safe
6531,2024-01-01T18:08:20,0.645698,0.60723,0.152289,22.51,68.0,Methane,6756.41,unsafe
6532,2024-01-01T18:08:30,0.019547,0.28936,0.102013,35.1,87.4,CO,893.23,unsafe
6533,2024-01-01T18:08:40,1.67215,1.311318,0.89558,30.45,85.15,CleanAir,0.0,safe
6534,2024-01-01T18:08:50,0.782992,0.152136,0.174254,16.39,47.55,Methane,12668.75,unsafe
6535,2024-01-01T18:09:00,0.25399,0.003132,0.06852,26.01,59.01,Smoke,118.64,unsafe
6536,2024-01-01T18:09:10,1.687203,1.292742,0.901802,20.98,72.42,CleanAir,0.0,safe
6537,2024-01-01T18:09:20,1.665464,1.32271,0.906935,13.99,55.23,CleanAir,0.0,safe
6538,2024-01-01T18:09:30,1.641864,1.28478,0.879756,26.22,88.01,CleanAir,0.0,safe
6539,2024-01-01T18:09:40,0.01604,0.18145,0.003212,17.5,59.14,LPG,440.93,safe
6540,2024-01-01T18:09:50,1.675767,1.29157,0.864673,17.7,65.93,CleanAir,0.0,safe
6541,2024-01-01T18:10:00,1.655662,1.299733,0.893753,20.26,65.32,CleanAir,0.0,safe
6542,2024-01-01T18:10:10,0.614097,0.241365,0.144704,17.33,38.76,Propane,1184.04,unsafe
6543,2024-01-01T18:10:20,0.051795,0.248751,0.015801,12.69,77.47,Hydrogen,2556.43,safe
6544,2024-01-01T18:10:30,1.717654,1.317577,0.914636,19.74,46.39,CleanAir,0.0,safe
6545,2024-01-01T18:10:40,0.032157,0.217365,0.009594,13.66,52.58,Hydrogen,1304.46,safe
6546,2024-01-01T18:10:50,0.913339,0.330615,0.19779,11.51,77.64,Propane,4215.32,unsafe
6547,2024-01-01T18:11:00,1.728807,1.333681,0.938405,34.0,45.26,CleanAir,0.0,safe
6548,2024-01-01T18:11:10,1.71391,1.360324,0.917839,20.61,36.71,CleanAir,0.0,safe
6549,2024-01-01T18:11:20,1.731594,1.337951,0.904658,27.61,51.6,CleanAir,0.0,safe
6550,2024-01-01T18:11:30,1.675725,1.313877,0.894332,11.64,45.94,CleanAir,0.0,safe
6551,2024-01-01T18:11:40,0.763576,0.766502,0.177332,11.72,63.69,Methane,14343.72,unsafe
6552,2024-01-01T18:11:50,0.056186,0.013006,0.00968,13.08,48.26,Hydrogen,1502.01,safe
6553,2024-01-01T18:12:00,0.59161,0.223861,0.009707,29.89,82.2,Smoke,719.64,unsafe
6554,2024-01-01T18:12:10,0.031786,0.22603,0.131675,37.49,33.13,Propane,736.49,safe
6555,2024-01-01T18:12:20,0.888837,0.344376,0.204634,37.93,38.94,Propane,2965.77,unsafe
6556,2024-01-01T18:12:30,0.061122,0.279917,0.227494,38.67,71.71,Hydrogen,3041.16,safe
6557,2024-01-01T18:12:40,1.721987,1.355967,0.951137,37.4,44.25,CleanAir,0.0,safe
6558,2024-01-01T18:12:50,1.636233,1.27235,0.890415,24.92,82.94,CleanAir,0.0,safe
6559,2024-01-01T18:13:00,0.380738,0.167599,0.003258,29.56,67.46,Propane,376.9,safe
6560,2024-01-01T18:13:10,0.016197,0.169042,0.003209,35.81,36.87,Smoke,229.29,unsafe
6561,2024-01-01T18:13:20,0.661498,0.357589,0.140124,24.62,68.69,LPG,2761.13,unsafe
6562,2024-01-01T18:13:30,0.968047,0.038821,0.031756,35.36,55.62,Propane,4396.23,unsafe
6563,2024-01-01T18:13:40,1.63132,1.30769,0.897537,10.92,47.49,CleanAir,0.0,safe
6564,2024-01-01T18:13:50,0.016196,0.00645,0.006438,34.03,83.57,Alcohol,485.72,safe
6565,2024-01-01T18:14:00,0.6313,0.287526,0.241683,25.31,50.29,Hydrogen,3293.97,safe
6566,2024-01-01T18:14:10,1.696787,1.382322,0.930024,20.16,34.87,CleanAir,0.0,safe
6567,2024-01-01T18:14:20,1.685308,1.344612,0.901856,34.87,81.67,CleanAir,0.0,safe
6568,2024-01-01T18:14:30,0.019553,0.019738,0.00647,11.98,86.63,CO,927.44,unsafe
6569,2024-01-01T18:14:40,1.637192,1.309235,0.905459,30.1,78.5,CleanAir,0.0,safe
6570,2024-01-01T18:14:50,0.865136,0.320621,0.196108,16.29,59.83,Propane,3293.08,unsafe
6571,2024-01-01T18:15:00,1.706436,1.364281,0.943679,30.78,43.9,CleanAir,0.0,safe
6572,2024-01-01T18:15:10,0.683296,0.666769,0.158511,33.75,63.62,Methane,7116.25,unsafe
6573,2024-01-01T18:15:20,0.325634,0.019039,0.006433,12.63,41.93,CO,993.33,unsafe
6574,2024-01-01T18:15:30,0.565182,0.299775,0.125034,27.75,78.41,LPG,1793.55,unsafe
6575,2024-01-01T18:15:40,0.003204,0.088245,0.047937,21.89,67.15,CO,67.64,unsafe
6576,2024-01-01T18:15:50,1.685726,1.302768,0.899276,19.22,59.57,CleanAir,0.0,safe
6577,2024-01-01T18:16:00,0.032363,0.205366,0.012843,28.7,46.52,Alcohol,1465.36,unsafe
6578,2024-01-01T18:16:10,0.326209,0.174972,0.135305,19.32,37.75,Alcohol,703.8,safe
6579,2024-01-01T18:16:20,1.698154,1.366441,0.930863,30.13,47.43,CleanAir,0.0,safe
6580,2024-01-01T18:16:30,1.718103,1.335163,0.921971,30.63,63.06,CleanAir,0.0,safe
6581,2024-01-01T18:16:40,1.691289,1.3291,0.932708,32.27,61.44,CleanAir,0.0,safe
6582,2024-01-01T18:16:50,0.652104,0.601431,0.15061,16.85,38.44,Methane,5746.32,unsafe
6583,2024-01-01T18:17:00,0.01613,0.27016,0.00654,37.33,64.45,CO,664.59,unsafe
6584,2024-01-01T18:17:10,0.987326,0.386919,0.238831,25.56,36.94,Propane,4632.26,unsafe
6585,2024-01-01T18:17:20,0.292862,0.158252,0.112641,38.48,86.55,Alcohol,503.71,safe
6586,2024-01-01T18:17:30,0.300538,0.710454,0.168186,30.76,82.19,Methane,10482.21,unsafe
6587,2024-01-01T18:17:40,0.378014,0.198342,0.162515,10.28,34.01,Alcohol,1208.02,unsafe
6588,2024-01-01T18:17:50,0.65317,0.29691,0.250297,24.25,50.65,Hydrogen,3774.74,safe
6589,2024-01-01T18:18:00,0.204412,0.407085,0.162246,12.95,45.59,LPG,4136.99,unsafe
6590,2024-01-01T18:18:10,0.754316,0.729647,0.173388,15.03,57.47,Methane,11613.32,unsafe
6591,2024-01-01T18:18:20,0.818979,0.070534,0.177377,37.45,35.82,LPG,4064.98,unsafe
6592,2024-01-01T18:18:30,0.834287,0.837232,0.190576,23.53,64.26,Methane,17261.73,unsafe
6593,2024-01-01T18:18:40,1.685999,1.30007,0.920977,31.47,81.1,CleanAir,0.0,safe
6594,2024-01-01T18:18:50,1.709572,1.353721,0.932895,29.93,61.06,CleanAir,0.0,safe
6595,2024-01-01T18:19:00,0.63527,0.335674,0.136164,10.66,62.72,LPG,2468.47,unsafe
6596,2024-01-01T18:19:10,0.832523,0.320744,0.034994,30.35,83.68,Methane,18051.17,unsafe
6597,2024-01-01T18:19:20,0.041815,0.198062,0.175314,11.15,58.44,Alcohol,1532.56,unsafe
6598,2024-01-01T18:19:30,0.44509,0.186071,0.119843,36.59,48.26,Smoke,333.04,unsafe
6599,2024-01-01T18:19:40,0.650251,0.340183,0.142455,15.35,54.04,LPG,2511.73,unsafe
6600,2024-01-01T18:19:50,0.051216,0.240732,0.013076,29.03,82.8,Smoke,892.36,unsafe
6601,2024-01-01T18:20:00,0.905093,0.339374,0.207236,24.65,80.89,Propane,4060.39,unsafe
6602,2024-01-01T18:20:10,0.084522,0.032499,0.022545,20.95,50.75,Hydrogen,4044.18,safe
6603,2024-01-01T18:20:20,0.699725,0.032217,0.156336,18.79,42.39,LPG,3074.11,unsafe
6604,2024-01-01T18:20:30,1.750587,1.356433,0.958347,37.45,54.21,CleanAir,0.0,safe
6605,2024-01-01T18:20:40,1.695648,1.30723,0.895823,15.3,58.4,CleanAir,0.0,safe
6606,2024-01-01T18:20:50,0.642026,0.081508,0.150961,20.09,46.59,Methane,5591.55,unsafe
6607,2024-01-01T18:21:00,0.029224,0.032876,0.131567,37.45,58.0,CO,1507.86,unsafe
6608,2024-01-01T18:21:10,0.464473,0.009774,0.124176,20.42,72.99,Smoke,451.88,unsafe
6609,2024-01-01T18:21:20,1.74175,1.349934,0.948396,38.73,56.82,CleanAir,0.0,safe
6610,2024-01-01T18:21:30,0.265192,0.128066,0.071361,29.74,44.56,Smoke,115.4,unsafe
6611,2024-01-01T18:21:40,0.304125,0.006541,0.079969,29.69,56.03,LPG,303.56,safe
6612,2024-01-01T18:21:50,1.727359,1.359264,0.948214,35.43,46.0,CleanAir,0.0,safe
6613,2024-01-01T18:22:00,0.644047,0.016216,0.148467,21.08,62.0,Propane,1450.82,unsafe
6614,2024-01-01T18:22:10,1.668588,1.305434,0.912311,21.01,46.29,CleanAir,0.0,safe
6615,2024-01-01T18:22:20,1.735392,1.369093,0.946125,32.87,36.15,CleanAir,0.0,safe
6616,2024-01-01T18:22:30,1.689632,1.311844,0.904392,23.47,64.12,CleanAir,0.0,safe
6617,2024-01-01T18:22:40,0.457048,0.241221,0.108318,27.88,81.83,LPG,963.58,safe
6618,2024-01-01T18:22:50,0.051301,0.302624,0.126127,31.33,54.93,LPG,1536.52,unsafe
6619,2024-01-01T18:23:00,0.02897,0.202923,0.006452,27.64,59.9,Smoke,487.6,unsafe
6620,2024-01-01T18:23:10,0.00653,0.003206,0.057638,36.54,58.96,Smoke,75.65,unsafe
6621,2024-01-01T18:23:20,1.721181,1.348364,0.936142,35.35,57.25,CleanAir,0.0,safe
6622,2024-01-01T18:23:30,0.978888,0.371478,0.022578,14.96,35.1,Propane,4673.91,unsafe
6623,2024-01-01T18:23:40,0.294816,0.009803,0.112256,21.58,89.88,Alcohol,604.17,safe
6624,2024-01-01T18:23:50,1.733214,1.330893,0.910938,35.48,76.77,CleanAir,0.0,safe
6625,2024-01-01T18:24:00,1.660438,1.280025,0.884479,28.17,81.89,CleanAir,0.0,safe
6626,2024-01-01T18:24:10,0.050706,0.311557,0.131308,23.04,62.4,LPG,1813.81,unsafe
6627,2024-01-01T18:24:20,1.672473,1.289621,0.879825,19.12,68.65,CleanAir,0.0,safe
6628,2024-01-01T18:24:30,0.025619,0.195282,0.181324,17.44,88.56,Alcohol,1712.22,unsafe
6629,2024-01-01T18:24:40,0.735385,0.321478,0.029107,24.16,84.99,Hydrogen,5948.47,safe
6630,2024-01-01T18:24:50,1.718189,1.320379,0.90751,23.81,47.32,CleanAir,0.0,safe
6631,2024-01-01T18:25:00,0.619332,0.245772,0.150925,38.86,61.85,Propane,1155.23,unsafe
6632,2024-01-01T18:25:10,1.741231,1.36076,0.962754,35.56,40.12,CleanAir,0.0,safe
6633,2024-01-01T18:25:20,1.678128,1.344488,0.924745,33.86,77.61,CleanAir,0.0,safe
6634,2024-01-01T18:25:30,1.727638,1.34231,0.952119,27.66,36.89,CleanAir,0.0,safe
6635,2024-01-01T18:25:40,1.734057,1.333105,0.90971,29.73,63.34,CleanAir,0.0,safe
6636,2024-01-01T18:25:50,0.67386,0.298363,0.257896,27.27,68.91,Hydrogen,4298.33,safe
6637,2024-01-01T18:26:00,1.696922,1.344366,0.909472,19.74,44.46,CleanAir,0.0,safe
6638,2024-01-01T18:26:10,0.765029,0.764329,0.174794,37.29,74.3,Methane,11731.14,unsafe
6639,2024-01-01T18:26:20,0.674018,0.250903,0.180827,20.61,80.0,Smoke,1052.23,unsafe
6640,2024-01-01T18:26:30,0.588372,0.263307,0.21029,35.2,88.42,Hydrogen,2693.38,safe
6641,2024-01-01T18:26:40,0.044745,0.01618,0.185612,36.06,59.66,Smoke,924.21,unsafe
6642,2024-01-01T18:26:50,0.0291,0.395247,0.131488,18.65,45.76,CO,1752.9,unsafe
6643,2024-01-01T18:27:00,0.580745,0.229819,0.009423,25.27,40.53,Smoke,636.81,unsafe
6644,2024-01-01T18:27:10,0.642258,0.04127,0.233521,11.87,59.29,Hydrogen,3752.09,safe
6645,2024-01-01T18:27:20,0.04239,0.247602,0.172799,29.09,34.47,Smoke,749.16,unsafe
6646,2024-01-01T18:27:30,0.339161,0.354841,0.115715,18.48,64.21,CO,1412.98,unsafe
6647,2024-01-01T18:27:40,0.120174,0.114269,0.163129,38.56,64.81,Methane,7365.62,unsafe
6648,2024-01-01T18:27:50,0.340339,0.182422,0.009707,37.86,80.85,Alcohol,884.43,safe
6649,2024-01-01T18:28:00,0.383553,0.01276,0.170557,38.18,64.04,Alcohol,1182.81,unsafe
6650,2024-01-01T18:28:10,1.702742,1.363801,0.913833,15.87,32.93,CleanAir,0.0,safe
6651,2024-01-01T18:28:20,1.663321,1.305543,0.900099,27.62,70.68,CleanAir,0.0,safe
6652,2024-01-01T18:28:30,1.679777,1.320864,0.920207,38.82,77.28,CleanAir,0.0,safe
6653,2024-01-01T18:28:40,1.717967,1.373547,0.956334,27.17,30.52,CleanAir,0.0,safe
6654,2024-01-01T18:28:50,0.053335,0.016195,0.00962,37.86,60.35,Smoke,733.56,unsafe
6655,2024-01-01T18:29:00,0.02827,0.019535,0.00645,24.4,81.81,LPG,912.87,safe
6656,2024-01-01T18:29:10,1.649124,1.321768,0.891978,10.22,50.22,CleanAir,0.0,safe
6657,2024-01-01T18:29:20,0.621082,0.329282,0.009665,18.23,72.31,LPG,2432.35,unsafe
6658,2024-01-01T18:29:30,1.713198,1.350536,0.947605,31.2,38.19,CleanAir,0.0,safe
6659,2024-01-01T18:29:40,1.652094,1.283527,0.904448,16.03,65.63,CleanAir,0.0,safe
6660,2024-01-01T18:29:50,0.754406,0.730249,0.173969,20.85,49.47,Methane,11173.83,unsafe
6661,2024-01-01T18:30:00,0.175516,0.102466,0.048833,36.57,41.24,Smoke,49.97,safe
6662,2024-01-01T18:30:10,0.275836,0.15353,0.074961,30.6,89.41,LPG,288.76,safe
6663,2024-01-01T18:30:20,0.265379,0.746951,0.022558,18.77,87.94,Methane,13896.27,unsafe
6664,2024-01-01T18:30:30,0.746203,0.75065,0.022457,13.39,62.49,Methane,12345.66,unsafe
6665,2024-01-01T18:30:40,0.214597,0.006388,0.063922,11.68,72.27,CO,220.34,unsafe
6666,2024-01-01T18:30:50,1.684343,1.324226,0.923345,16.85,39.72,CleanAir,0.0,safe
6667,2024-01-01T18:31:00,0.360284,0.393834,0.012896,14.88,51.45,CO,1751.9,unsafe
6668,2024-01-01T18:31:10,0.339151,0.343198,0.118346,23.99,44.48,CO,1229.36,unsafe
6669,2024-01-01T18:31:20,1.675199,1.274883,0.875559,28.21,87.15,CleanAir,0.0,safe
6670,2024-01-01T18:31:30,0.333329,0.345441,0.114713,26.69,73.55,CO,1391.14,unsafe
6671,2024-01-01T18:31:40,0.723685,0.703006,0.166609,30.11,49.59,Methane,8650.46,unsafe
6672,2024-01-01T18:31:50,1.682785,1.31985,0.892328,18.5,56.93,CleanAir,0.0,safe
6673,2024-01-01T18:32:00,1.731538,1.358504,0.916087,33.99,51.68,CleanAir,0.0,safe
6674,2024-01-01T18:32:10,0.061165,0.268985,0.159836,13.07,80.73,Propane,2131.78,unsafe
6675,2024-01-01T18:32:20,0.382688,0.016111,0.013027,10.57,50.64,Alcohol,1491.6,unsafe
6676,2024-01-01T18:32:30,1.672749,1.313702,0.909163,13.45,56.28,CleanAir,0.0,safe
6677,2024-01-01T18:32:40,0.629976,0.232085,0.171764,27.08,79.52,Smoke,886.72,unsafe
6678,2024-01-01T18:32:50,0.716032,0.383414,0.153185,38.25,41.21,LPG,2737.25,unsafe
6679,2024-01-01T18:33:00,1.702704,1.321223,0.923504,35.7,63.35,CleanAir,0.0,safe
6680,2024-01-01T18:33:10,1.662193,1.278654,0.892719,10.02,55.61,CleanAir,0.0,safe
6681,2024-01-01T18:33:20,1.706227,1.359482,0.929835,25.41,42.32,CleanAir,0.0,safe
6682,2024-01-01T18:33:30,1.748774,1.355071,0.941895,32.81,34.69,CleanAir,0.0,safe
6683,2024-01-01T18:33:40,0.06981,0.269925,0.210468,29.82,50.53,Hydrogen,2376.68,safe
6684,2024-01-01T18:33:50,0.751264,0.285101,0.169555,15.81,81.98,Propane,2361.47,unsafe
6685,2024-01-01T18:34:00,1.67164,1.293632,0.887601,10.1,62.49,CleanAir,0.0,safe
6686,2024-01-01T18:34:10,0.381624,0.401826,0.133106,31.37,38.22,CO,1625.27,unsafe
6687,2024-01-01T18:34:20,0.009627,0.132392,0.003186,32.25,56.73,Smoke,124.36,unsafe
6688,2024-01-01T18:34:30,1.746793,1.363652,0.951883,27.44,39.99,CleanAir,0.0,safe
6689,2024-01-01T18:34:40,0.048587,0.015943,0.006478,10.65,72.25,LPG,1145.76,unsafe
6690,2024-01-01T18:34:50,1.651837,1.273699,0.878987,23.01,84.05,CleanAir,0.0,safe
6691,2024-01-01T18:35:00,1.668301,1.288115,0.89909,16.33,50.18,CleanAir,0.0,safe
6692,2024-01-01T18:35:10,0.269943,0.1999,0.003204,39.7,33.83,CO,306.2,unsafe
6693,2024-01-01T18:35:20,0.182558,0.454111,0.175836,38.54,38.96,LPG,4331.77,unsafe
6694,2024-01-01T18:35:30,0.385235,0.199392,0.16284,39.19,38.07,Alcohol,995.58,safe
6695,2024-01-01T18:35:40,0.355592,0.186679,0.144216,11.12,32.27,Alcohol,942.77,safe
6696,2024-01-01T18:35:50,0.203177,0.679417,0.160884,15.08,38.28,Methane,8255.18,unsafe
6697,2024-01-01T18:36:00,0.689328,0.026049,0.254167,26.88,81.57,Hydrogen,4797.24,safe
6698,2024-01-01T18:36:10,1.689532,1.353895,0.926263,25.97,46.1,CleanAir,0.0,safe
6699,2024-01-01T18:36:20,1.747294,1.345457,0.93565,38.33,53.74,CleanAir,0.0,safe
6700,2024-01-01T18:36:30,1.687686,1.308334,0.88184,11.62,67.77,CleanAir,0.0,safe
6701,2024-01-01T18:36:40,1.688564,1.298396,0.895192,26.24,77.79,CleanAir,0.0,safe
6702,2024-01-01T18:36:50,0.044665,0.217813,0.200177,12.96,37.04,Alcohol,1938.09,unsafe
6703,2024-01-01T18:37:00,0.051326,0.016142,0.182719,38.81,73.53,Smoke,971.6,unsafe
6704,2024-01-01T18:37:10,1.692474,1.339896,0.91291,16.47,32.27,CleanAir,0.0,safe
6705,2024-01-01T18:37:20,1.662883,1.284852,0.874416,22.19,88.73,CleanAir,0.0,safe
6706,2024-01-01T18:37:30,0.074196,0.578001,0.141799,14.76,61.76,Methane,5605.21,unsafe
6707,2024-01-01T18:37:40,0.622596,0.33296,0.134643,26.27,60.4,LPG,2092.42,unsafe
6708,2024-01-01T18:37:50,1.690025,1.360981,0.919544,19.78,34.35,CleanAir,0.0,safe
6709,2024-01-01T18:38:00,1.688275,1.331046,0.890165,17.32,58.51,CleanAir,0.0,safe
6710,2024-01-01T18:38:10,1.707324,1.360373,0.942779,29.16,35.75,CleanAir,0.0,safe
6711,2024-01-01T18:38:20,0.917187,0.344,0.029498,20.92,82.98,Propane,4345.09,unsafe
6712,2024-01-01T18:38:30,0.340519,0.18726,0.081289,21.51,74.46,LPG,441.38,safe
6713,2024-01-01T18:38:40,1.722476,1.349001,0.911826,30.11,47.52,CleanAir,0.0,safe
6714,2024-01-01T18:38:50,1.736067,1.34843,0.939251,36.18,51.52,CleanAir,0.0,safe
6715,2024-01-01T18:39:00,0.794335,0.022811,0.178335,18.7,60.88,Propane,2490.66,unsafe
6716,2024-01-01T18:39:10,0.302323,0.159826,0.10872,19.68,30.3,Alcohol,434.39,safe
6717,2024-01-01T18:39:20,0.248081,0.009765,0.003255,22.75,79.4,CO,390.56,unsafe
6718,2024-01-01T18:39:30,0.819212,0.449893,0.019666,38.7,74.33,LPG,4868.94,unsafe
6719,2024-01-01T18:39:40,1.685682,1.346765,0.916688,11.56,31.45,CleanAir,0.0,safe
6720,2024-01-01T18:39:50,1.649841,1.277897,0.860416,13.82,85.67,CleanAir,0.0,safe
6721,2024-01-01T18:40:00,1.709459,1.317087,0.896492,33.24,73.94,CleanAir,0.0,safe
6722,2024-01-01T18:40:10,0.099171,0.304831,0.012811,25.81,60.92,Propane,2509.88,unsafe
6723,2024-01-01T18:40:20,0.317052,0.052476,0.032639,35.49,47.08,Propane,4754.57,unsafe
6724,2024-01-01T18:40:30,0.370442,0.191733,0.155401,19.96,48.85,Alcohol,1061.89,unsafe
6725,2024-01-01T18:40:40,0.498602,0.268986,0.110573,15.63,63.91,LPG,1248.85,unsafe
6726,2024-01-01T18:40:50,0.483633,0.256227,0.10694,14.18,63.25,LPG,1100.21,unsafe
6727,2024-01-01T18:41:00,1.679681,1.331352,0.908912,37.8,77.14,CleanAir,0.0,safe
6728,2024-01-01T18:41:10,0.064715,0.032366,0.012544,38.74,41.45,Propane,1900.1,unsafe
6729,2024-01-01T18:41:20,0.035329,0.223736,0.006482,21.35,57.29,Smoke,640.19,unsafe
6730,2024-01-01T18:41:30,0.685996,0.64398,0.026086,30.26,63.0,Methane,7101.32,unsafe
6731,2024-01-01T18:41:40,0.377195,0.376155,0.006501,38.94,38.99,CO,1245.01,unsafe
6732,2024-01-01T18:41:50,0.79309,0.414385,0.158376,20.44,63.81,LPG,4362.61,unsafe
6733,2024-01-01T18:42:00,0.414209,0.20779,0.192071,35.26,76.72,Alcohol,1761.17,unsafe
6734,2024-01-01T18:42:10,1.694678,1.350012,0.910211,32.35,58.94,CleanAir,0.0,safe
6735,2024-01-01T18:42:20,0.597684,0.330016,0.012785,30.37,69.73,LPG,1990.16,unsafe
6736,2024-01-01T18:42:30,1.666486,1.294129,0.87948,17.08,74.85,CleanAir,0.0,safe
6737,2024-01-01T18:42:40,1.687022,1.325184,0.92356,29.03,62.95,CleanAir,0.0,safe
6738,2024-01-01T18:42:50,1.683837,1.340205,0.914958,27.29,66.73,CleanAir,0.0,safe
6739,2024-01-01T18:43:00,1.73027,1.360534,0.920151,39.75,65.75,CleanAir,0.0,safe
6740,2024-01-01T18:43:10,1.723675,1.355056,0.929619,39.51,72.99,CleanAir,0.0,safe
6741,2024-01-01T18:43:20,0.843865,0.856708,0.192977,16.37,46.54,Methane,17568.61,unsafe
6742,2024-01-01T18:43:30,0.426478,0.215527,0.019369,17.23,50.91,Alcohol,1920.93,unsafe
6743,2024-01-01T18:43:40,1.652589,1.28417,0.854566,13.6,86.17,CleanAir,0.0,safe
6744,2024-01-01T18:43:50,0.108046,0.061222,0.159978,38.28,55.56,LPG,3427.45,unsafe
6745,2024-01-01T18:44:00,1.720387,1.341099,0.931407,18.06,35.3,CleanAir,0.0,safe
6746,2024-01-01T18:44:10,0.830244,0.839187,0.189753,32.39,65.87,Methane,16367.6,unsafe
6747,2024-01-01T18:44:20,0.605866,0.339853,0.009638,25.25,36.5,LPG,1840.15,unsafe
6748,2024-01-01T18:44:30,1.691782,1.348065,0.930704,29.36,59.54,CleanAir,0.0,safe
6749,2024-01-01T18:44:40,1.712686,1.312673,0.905661,25.73,66.29,CleanAir,0.0,safe
6750,2024-01-01T18:44:50,0.654373,0.298703,0.240106,12.73,40.03,Hydrogen,3506.9,safe
6751,2024-01-01T18:45:00,0.838682,0.197977,0.187423,34.29,80.29,Methane,16262.09,unsafe
6752,2024-01-01T18:45:10,1.714552,1.355855,0.937752,18.57,35.2,CleanAir,0.0,safe
6753,2024-01-01T18:45:20,0.396407,0.00639,0.106956,22.8,56.8,Smoke,291.61,unsafe
6754,2024-01-01T18:45:30,1.697002,1.327045,0.920247,13.41,41.63,CleanAir,0.0,safe
6755,2024-01-01T18:45:40,1.680481,1.322658,0.917614,26.67,62.68,CleanAir,0.0,safe
6756,2024-01-01T18:45:50,1.651536,1.324287,0.910355,16.51,63.97,CleanAir,0.0,safe
6757,2024-01-01T18:46:00,0.031783,0.423344,0.016352,34.88,68.13,CO,1873.0,unsafe
6758,2024-01-01T18:46:10,0.576037,0.542115,0.132011,12.37,88.01,Methane,5203.52,unsafe
6759,2024-01-01T18:46:20,1.650389,1.309916,0.890125,25.06,86.37,CleanAir,0.0,safe
6760,2024-01-01T18:46:30,1.667903,1.30686,0.89797,21.95,74.6,CleanAir,0.0,safe
6761,2024-01-01T18:46:40,1.632644,1.276359,0.877781,14.27,89.91,CleanAir,0.0,safe
6762,2024-01-01T18:46:50,1.689668,1.347236,0.911985,22.91,55.56,CleanAir,0.0,safe
6763,2024-01-01T18:47:00,1.681564,1.317581,0.899304,20.41,61.26,CleanAir,0.0,safe
6764,2024-01-01T18:47:10,1.681852,1.318437,0.924923,32.99,68.83,CleanAir,0.0,safe
6765,2024-01-01T18:47:20,0.067718,0.035926,0.259699,15.8,55.37,Hydrogen,4252.65,safe
6766,2024-01-01T18:47:30,1.719102,1.358309,0.960251,33.04,37.01,CleanAir,0.0,safe
6767,2024-01-01T18:47:40,0.009771,0.127603,0.081615,17.31,60.44,Alcohol,228.66,safe
6768,2024-01-01T18:47:50,1.739943,1.355479,0.97059,38.32,43.26,CleanAir,0.0,safe
6769,2024-01-01T18:48:00,1.756476,1.375701,0.975954,39.7,41.72,CleanAir,0.0,safe
6770,2024-01-01T18:48:10,1.713236,1.380897,0.95798,30.75,45.87,CleanAir,0.0,safe
6771,2024-01-01T18:48:20,0.225016,0.693338,0.019365,37.14,86.21,Methane,9615.81,unsafe
6772,2024-01-01T18:48:30,0.728072,0.108126,0.16773,16.79,78.13,Methane,11527.96,unsafe
6773,2024-01-01T18:48:40,0.219537,0.145338,0.06766,26.37,87.99,CO,209.92,unsafe
6774,2024-01-01T18:48:50,0.130123,0.054785,0.019371,18.48,39.0,Propane,3789.27,unsafe
6775,2024-01-01T18:49:00,1.738721,1.375974,0.971105,37.52,37.84,CleanAir,0.0,safe
6776,2024-01-01T18:49:10,0.019396,0.221603,0.003233,18.41,82.55,CO,536.83,unsafe
6777,2024-01-01T18:49:20,0.711213,0.670725,0.022549,34.78,53.03,Methane,7739.84,unsafe
6778,2024-01-01T18:49:30,1.680218,1.295165,0.876298,13.03,66.68,CleanAir,0.0,safe
6779,2024-01-01T18:49:40,0.548375,0.295074,0.009696,20.44,34.73,LPG,1374.21,unsafe
6780,2024-01-01T18:49:50,0.303867,0.297591,0.105179,14.29,68.99,CO,999.87,unsafe
6781,2024-01-01T18:50:00,0.790678,0.776603,0.183852,30.29,53.8,Methane,12097.02,unsafe
6782,2024-01-01T18:50:10,0.582827,0.234529,0.160765,18.37,41.84,Smoke,674.24,unsafe
6783,2024-01-01T18:50:20,1.687048,1.322374,0.926691,11.38,39.3,CleanAir,0.0,safe
6784,2024-01-01T18:50:30,0.035465,0.226372,0.009678,38.96,65.36,Smoke,606.64,unsafe
6785,2024-01-01T18:50:40,0.449971,0.210381,0.158406,35.63,85.87,Hydrogen,1137.87,safe
6786,2024-01-01T18:50:50,0.100336,0.314596,0.129368,14.52,46.8,LPG,1913.01,unsafe
6787,2024-01-01T18:51:00,0.044448,0.028806,0.195853,14.13,83.46,Hydrogen,2543.55,safe
6788,2024-01-01T18:51:10,1.741587,1.351229,0.927851,33.03,55.64,CleanAir,0.0,safe
6789,2024-01-01T18:51:20,0.055427,0.246103,0.180855,29.49,61.6,Smoke,902.32,unsafe
6790,2024-01-01T18:51:30,0.363595,0.156478,0.096958,17.08,69.8,Smoke,255.08,unsafe
6791,2024-01-01T18:51:40,0.865428,0.306817,0.197959,31.11,30.72,Methane,15068.39,unsafe
6792,2024-01-01T18:51:50,0.478393,0.009629,0.123677,22.35,65.2,Smoke,447.39,unsafe
6793,2024-01-01T18:52:00,1.637318,1.290092,0.868823,16.68,88.3,CleanAir,0.0,safe
6794,2024-01-01T18:52:10,0.283745,0.006425,0.104306,17.82,59.04,Alcohol,430.82,safe
6795,2024-01-01T18:52:20,0.322145,0.174209,0.138103,21.35,57.51,Alcohol,755.12,safe
6796,2024-01-01T18:52:30,0.068029,0.251785,0.190023,13.29,33.15,Smoke,945.87,unsafe
6797,2024-01-01T18:52:40,1.671317,1.336648,0.899382,20.6,61.82,CleanAir,0.0,safe
6798,2024-01-01T18:52:50,1.694237,1.324578,0.938068,32.42,48.88,CleanAir,0.0,safe
6799,2024-01-01T18:53:00,0.041849,0.026315,0.117049,19.31,58.43,CO,1301.68,unsafe
6800,2024-01-01T18:53:10,0.695684,0.122272,0.156812,19.83,69.09,Methane,8440.42,unsafe
6801,2024-01-01T18:53:20,1.671983,1.329099,0.901023,15.09,41.88,CleanAir,0.0,safe
6802,2024-01-01T18:53:30,1.732191,1.394632,0.950858,37.43,44.67,CleanAir,0.0,safe
6803,2024-01-01T18:53:40,1.67213,1.345743,0.926859,31.63,75.61,CleanAir,0.0,safe
6804,2024-01-01T18:53:50,1.729293,1.317816,0.936035,22.19,51.26,CleanAir,0.0,safe
6805,2024-01-01T18:54:00,1.699835,1.370169,0.960411,21.1,34.82,CleanAir,0.0,safe
6806,2024-01-01T18:54:10,1.683757,1.364306,0.937807,33.52,51.03,CleanAir,0.0,safe
6807,2024-01-01T18:54:20,1.694133,1.306486,0.90851,28.33,73.6,CleanAir,0.0,safe
6808,2024-01-01T18:54:30,0.659356,0.351696,0.144183,29.33,52.93,LPG,2359.62,unsafe
6809,2024-01-01T18:54:40,0.616719,0.015878,0.169553,14.1,68.28,Smoke,885.89,unsafe
6810,2024-01-01T18:54:50,1.695457,1.356677,0.900279,36.14,70.5,CleanAir,0.0,safe
6811,2024-01-01T18:55:00,1.683715,1.306445,0.899972,11.77,52.11,CleanAir,0.0,safe
6812,2024-01-01T18:55:10,0.186336,0.39443,0.035987,36.58,39.94,Propane,4871.31,unsafe
6813,2024-01-01T18:55:20,0.119571,0.828629,0.192156,24.34,34.81,Methane,14372.04,unsafe
6814,2024-01-01T18:55:30,0.236444,0.879244,0.194809,18.08,56.7,Methane,19517.69,unsafe
6815,2024-01-01T18:55:40,0.025978,0.199261,0.006417,30.68,65.53,Smoke,459.34,unsafe
6816,2024-01-01T18:55:50,1.654435,1.293697,0.872288,13.22,76.87,CleanAir,0.0,safe
6817,2024-01-01T18:56:00,1.74837,1.401457,0.964954,36.38,30.17,CleanAir,0.0,safe
6818,2024-01-01T18:56:10,1.690209,1.310265,0.891113,19.97,69.33,CleanAir,0.0,safe
6819,2024-01-01T18:56:20,1.696945,1.356777,0.917849,35.39,68.25,CleanAir,0.0,safe
6820,2024-01-01T18:56:30,0.828845,0.445954,0.176987,22.08,37.56,LPG,4815.18,unsafe
6821,2024-01-01T18:56:40,0.135406,0.031708,0.136062,13.14,83.69,LPG,2870.43,unsafe
6822,2024-01-01T18:56:50,0.239171,0.00643,0.073739,26.56,59.55,CO,250.28,unsafe
6823,2024-01-01T18:57:00,1.672136,1.313623,0.895353,27.59,81.07,CleanAir,0.0,safe
6824,2024-01-01T18:57:10,0.594638,0.311954,0.129477,10.17,44.67,LPG,1824.37,unsafe
6825,2024-01-01T18:57:20,0.807738,0.074168,0.174465,32.5,39.09,LPG,4325.93,unsafe
6826,2024-01-01T18:57:30,1.718171,1.354412,0.942613,39.59,52.1,CleanAir,0.0,safe
6827,2024-01-01T18:57:40,0.362915,0.193127,0.009666,28.3,66.33,Alcohol,1095.5,unsafe
6828,2024-01-01T18:57:50,0.862542,0.325521,0.190606,10.9,73.93,Propane,3553.46,unsafe
6829,2024-01-01T18:58:00,0.861206,0.325802,0.193921,21.49,61.37,Propane,3143.71,unsafe
6830,2024-01-01T18:58:10,1.644613,1.303718,0.878505,19.91,76.36,CleanAir,0.0,safe
6831,2024-01-01T18:58:20,1.65936,1.311812,0.885557,17.98,65.38,CleanAir,0.0,safe
6832,2024-01-01T18:58:30,0.616102,0.016143,0.009562,38.2,79.25,Smoke,805.93,unsafe
6833,2024-01-01T18:58:40,0.346539,0.028892,0.119702,16.23,72.48,CO,1649.24,unsafe
6834,2024-01-01T18:58:50,0.698662,0.156947,0.158139,16.77,35.73,Methane,7268.13,unsafe
6835,2024-01-01T18:59:00,1.694546,1.345901,0.918792,17.57,43.62,CleanAir,0.0,safe
6836,2024-01-01T18:59:10,0.625752,0.28487,0.231553,20.0,58.41,Hydrogen,3381.74,safe
6837,2024-01-01T18:59:20,0.659155,0.019356,0.17939,24.21,51.85,Smoke,920.83,unsafe
6838,2024-01-01T18:59:30,1.70993,1.34061,0.937667,28.01,56.21,CleanAir,0.0,safe
6839,2024-01-01T18:59:40,1.739395,1.408318,0.960567,33.79,31.02,CleanAir,0.0,safe
6840,2024-01-01T18:59:50,0.051285,0.24708,0.173936,38.25,83.78,Smoke,880.71,unsafe
6841,2024-01-01T19:00:00,1.685675,1.317604,0.893939,38.13,88.9,CleanAir,0.0,safe
6842,2024-01-01T19:00:10,0.032606,0.216152,0.006388,35.86,58.81,Propane,732.57,safe
6843,2024-01-01T19:00:20,1.681938,1.34309,0.88846,16.3,58.94,CleanAir,0.0,safe
6844,2024-01-01T19:00:30,0.753849,0.416318,0.15693,38.53,88.83,LPG,3910.63,unsafe
6845,2024-01-01T19:00:40,1.735991,1.397806,0.948619,28.87,32.26,CleanAir,0.0,safe
6846,2024-01-01T19:00:50,1.73882,1.329891,0.901975,37.38,77.42,CleanAir,0.0,safe
6847,2024-01-01T19:01:00,0.629097,0.58461,0.143224,30.04,89.41,Methane,5780.84,unsafe
6848,2024-01-01T19:01:10,0.338881,0.009709,0.1283,36.71,41.58,Alcohol,589.43,safe
6849,2024-01-01T19:01:20,0.57961,0.012798,0.009635,23.62,68.02,Smoke,689.74,unsafe
6850,2024-01-01T19:01:30,0.31603,0.016144,0.10213,32.74,62.27,CO,775.05,unsafe
6851,2024-01-01T19:01:40,0.071636,0.232363,0.210237,34.3,40.14,Alcohol,1923.58,unsafe
6852,2024-01-01T19:01:50,0.608667,0.015921,0.167833,26.3,44.88,Smoke,716.93,unsafe
6853,2024-01-01T19:02:00,0.550027,0.02562,0.194964,19.37,31.72,Hydrogen,1748.19,safe
6854,2024-01-01T19:02:10,1.643969,1.271997,0.830152,10.35,88.75,CleanAir,0.0,safe
6855,2024-01-01T19:02:20,0.295601,0.252114,0.092824,35.13,72.48,CO,623.18,unsafe
6856,2024-01-01T19:02:30,1.706607,1.322245,0.894947,30.22,78.58,CleanAir,0.0,safe
6857,2024-01-01T19:02:40,0.186794,0.099686,0.051597,36.87,61.96,CO,75.6,unsafe
6858,2024-01-01T19:02:50,1.693707,1.349888,0.927639,15.88,51.31,CleanAir,0.0,safe
6859,2024-01-01T19:03:00,0.671562,0.309944,0.041983,38.87,80.95,Hydrogen,3895.72,safe
6860,2024-01-01T19:03:10,0.382677,0.429234,0.012914,10.05,32.29,CO,1996.68,unsafe
6861,2024-01-01T19:03:20,0.708546,0.319755,0.270122,35.14,59.4,Hydrogen,4336.31,safe
6862,2024-01-01T19:03:30,0.974604,0.369799,0.217133,10.98,66.12,Propane,5009.59,unsafe
6863,2024-01-01T19:03:40,1.68532,1.313679,0.897597,24.96,84.63,CleanAir,0.0,safe
6864,2024-01-01T19:03:50,1.664123,1.334451,0.914718,14.97,50.05,CleanAir,0.0,safe
6865,2024-01-01T19:04:00,1.709861,1.368164,0.914069,30.27,63.02,CleanAir,0.0,safe
6866,2024-01-01T19:04:10,0.265809,0.009519,0.00324,14.11,52.4,CO,428.13,unsafe
6867,2024-01-01T19:04:20,1.696213,1.311948,0.909892,30.48,83.14,CleanAir,0.0,safe
6868,2024-01-01T19:04:30,1.705687,1.327213,0.938151,17.56,38.39,CleanAir,0.0,safe
6869,2024-01-01T19:04:40,1.695797,1.318194,0.902306,24.66,65.39,CleanAir,0.0,safe
6870,2024-01-01T19:04:50,0.347966,0.177521,0.142832,14.36,48.59,Alcohol,901.55,safe
6871,2024-01-01T19:05:00,1.720717,1.36772,0.954796,34.89,50.01,CleanAir,0.0,safe
6872,2024-01-01T19:05:10,0.041797,0.227392,0.130926,15.89,68.64,Propane,1014.53,unsafe
6873,2024-01-01T19:05:20,0.214,0.114111,0.0,17.4,33.86,Smoke,73.07,unsafe
6874,2024-01-01T19:05:30,0.494677,0.022345,0.006381,19.16,75.01,LPG,1193.38,unsafe
6875,2024-01-01T19:05:40,0.940891,0.044971,0.016044,21.28,75.32,Propane,4300.59,unsafe
6876,2024-01-01T19:05:50,1.722252,1.350972,0.951936,22.95,30.75,CleanAir,0.0,safe
6877,2024-01-01T19:06:00,0.211223,0.123021,0.061886,24.92,39.49,CO,119.37,unsafe
6878,2024-01-01T19:06:10,1.684797,1.323983,0.89921,23.19,77.99,CleanAir,0.0,safe
6879,2024-01-01T19:06:20,1.68501,1.321162,0.950669,39.21,71.73,CleanAir,0.0,safe
6880,2024-01-01T19:06:30,0.686013,0.039008,0.260036,33.31,74.32,Hydrogen,4439.41,safe
6881,2024-01-01T19:06:40,1.710448,1.332627,0.926674,27.22,30.77,CleanAir,0.0,safe
6882,2024-01-01T19:06:50,0.875721,0.223661,0.207198,36.97,37.22,Methane,16400.94,unsafe
6883,2024-01-01T19:07:00,0.134165,0.368655,0.148696,24.05,87.42,LPG,3453.04,unsafe
6884,2024-01-01T19:07:10,1.693733,1.342683,0.917033,24.26,67.47,CleanAir,0.0,safe
6885,2024-01-01T19:07:20,1.707103,1.329536,0.903034,26.78,59.56,CleanAir,0.0,safe
6886,2024-01-01T19:07:30,1.711775,1.317682,0.916874,37.32,81.84,CleanAir,0.0,safe
6887,2024-01-01T19:07:40,0.077952,0.031912,0.184688,31.62,89.82,Propane,2832.97,unsafe
6888,2024-01-01T19:07:50,1.714084,1.356137,0.939309,24.47,41.71,CleanAir,0.0,safe
6889,2024-01-01T19:08:00,0.025828,0.012808,0.00963,27.18,87.6,Alcohol,1073.76,unsafe
6890,2024-01-01T19:08:10,1.685041,1.322575,0.909008,22.3,65.22,CleanAir,0.0,safe
6891,2024-01-01T19:08:20,0.683649,0.645876,0.166088,25.9,46.23,Methane,6948.97,unsafe
6892,2024-01-01T19:08:30,0.683598,0.015893,0.01275,36.66,41.95,Smoke,857.36,unsafe
6893,2024-01-01T19:08:40,0.180758,0.099226,0.051562,10.4,75.71,Alcohol,101.74,safe
6894,2024-01-01T19:08:50,0.819899,0.312049,0.182806,15.57,76.63,Propane,2975.93,unsafe
6895,2024-01-01T19:09:00,1.652332,1.305395,0.902013,12.34,46.69,CleanAir,0.0,safe
6896,2024-01-01T19:09:10,1.698912,1.400445,0.94782,35.68,43.9,CleanAir,0.0,safe
6897,2024-01-01T19:09:20,0.134499,0.143565,0.052066,27.82,71.1,Methane,19813.91,unsafe
6898,2024-01-01T19:09:30,1.665566,1.314183,0.901945,29.47,72.41,CleanAir,0.0,safe
6899,2024-01-01T19:09:40,0.833724,0.174336,0.199984,37.28,35.69,Methane,13736.23,unsafe
6900,2024-01-01T19:09:50,0.33022,0.025812,0.114923,23.63,77.53,CO,1302.53,unsafe
6901,2024-01-01T19:10:00,1.699797,1.365049,0.923475,24.48,41.35,CleanAir,0.0,safe
6902,2024-01-01T19:10:10,1.739003,1.32728,0.930129,25.49,43.28,CleanAir,0.0,safe
6903,2024-01-01T19:10:20,0.028805,0.019131,0.013017,38.42,73.91,Alcohol,1623.45,unsafe
6904,2024-01-01T19:10:30,0.662054,0.031983,0.144792,33.22,47.66,LPG,2410.49,unsafe
6905,2024-01-01T19:10:40,1.648552,1.301153,0.880397,21.15,67.51,CleanAir,0.0,safe
6906,2024-01-01T19:10:50,0.206605,0.120472,0.061594,25.28,41.81,CO,115.68,unsafe
6907,2024-01-01T19:11:00,1.698732,1.326454,0.917025,27.59,51.93,CleanAir,0.0,safe
6908,2024-01-01T19:11:10,1.695129,1.325401,0.916182,30.38,73.08,CleanAir,0.0,safe
6909,2024-01-01T19:11:20,0.025699,0.022562,0.122742,28.43,36.49,CO,1202.39,unsafe
6910,2024-01-01T19:11:30,1.650619,1.309004,0.880593,19.34,78.91,CleanAir,0.0,safe
6911,2024-01-01T19:11:40,0.009697,0.006546,0.077095,12.83,32.24,CO,296.42,unsafe
6912,2024-01-01T19:11:50,0.264055,0.006412,0.093785,26.54,49.77,Alcohol,298.04,safe
6913,2024-01-01T19:12:00,0.507433,0.009475,0.136698,21.39,55.81,Smoke,495.54,unsafe
6914,2024-01-01T19:12:10,0.094973,0.303621,0.265887,21.71,77.74,Hydrogen,4922.7,safe
6915,2024-01-01T19:12:20,1.731534,1.370992,0.948553,32.0,40.83,CleanAir,0.0,safe
6916,2024-01-01T19:12:30,1.686577,1.343108,0.925152,14.45,42.47,CleanAir,0.0,safe
6917,2024-01-01T19:12:40,0.75557,0.416613,0.158039,14.07,82.47,LPG,4694.83,unsafe
6918,2024-01-01T19:12:50,0.086429,0.065607,0.026061,32.2,53.17,Smoke,13.67,safe
6919,2024-01-01T19:13:00,0.451389,0.194373,0.124074,23.3,32.15,Smoke,362.64,unsafe
6920,2024-01-01T19:13:10,0.839586,0.314259,0.190086,13.52,45.95,Propane,2879.22,unsafe
6921,2024-01-01T19:13:20,1.671531,1.323785,0.897933,23.93,58.68,CleanAir,0.0,safe
6922,2024-01-01T19:13:30,0.041905,0.228141,0.210847,28.89,38.76,Alcohol,1867.75,unsafe
6923,2024-01-01T19:13:40,0.055186,0.02574,0.016024,24.38,73.11,Hydrogen,2591.32,safe
6924,2024-01-01T19:13:50,0.456925,0.200035,0.00639,35.47,32.58,Smoke,351.37,unsafe
6925,2024-01-01T19:14:00,1.652517,1.316205,0.917446,10.77,56.18,CleanAir,0.0,safe
6926,2024-01-01T19:14:10,0.038595,0.205694,0.019592,25.91,70.6,Alcohol,1686.79,unsafe
6927,2024-01-01T19:14:20,0.136306,0.331999,0.016125,37.21,66.67,Propane,3182.34,unsafe
6928,2024-01-01T19:14:30,0.772564,0.430937,0.019147,39.04,74.3,LPG,4348.72,unsafe
6929,2024-01-01T19:14:40,0.672782,0.019021,0.191217,19.01,36.21,Smoke,991.96,unsafe
6930,2024-01-01T19:14:50,1.737244,1.340175,0.945965,26.55,49.66,CleanAir,0.0,safe
6931,2024-01-01T19:15:00,0.812137,0.319865,0.193229,13.65,31.1,Propane,2620.42,unsafe
6932,2024-01-01T19:15:10,0.263708,0.155228,0.025717,31.09,62.36,Methane,16658.73,unsafe
6933,2024-01-01T19:15:20,1.707816,1.376147,0.942133,30.18,36.48,CleanAir,0.0,safe
6934,2024-01-01T19:15:30,1.728254,1.368397,0.952534,34.24,41.12,CleanAir,0.0,safe
6935,2024-01-01T19:15:40,0.087052,0.099093,0.160807,18.52,70.25,Methane,9569.7,unsafe
6936,2024-01-01T19:15:50,0.378248,0.012808,0.162919,13.61,58.75,Alcohol,1310.08,unsafe
6937,2024-01-01T19:16:00,1.723368,1.332979,0.919221,30.91,57.36,CleanAir,0.0,safe
6938,2024-01-01T19:16:10,0.031966,0.329939,0.112263,15.28,69.05,CO,1300.19,unsafe
6939,2024-01-01T19:16:20,1.68551,1.359949,0.935741,30.22,51.18,CleanAir,0.0,safe
6940,2024-01-01T19:16:30,1.740204,1.322157,0.916928,33.63,61.04,CleanAir,0.0,safe
6941,2024-01-01T19:16:40,1.73326,1.358489,0.941004,28.05,43.77,CleanAir,0.0,safe
6942,2024-01-01T19:16:50,0.360638,0.026028,0.12659,13.38,34.75,CO,1508.69,unsafe
6943,2024-01-01T19:17:00,1.645177,1.301165,0.886168,12.98,63.78,CleanAir,0.0,safe
6944,2024-01-01T19:17:10,0.109237,0.404153,0.019174,28.9,84.66,LPG,4044.65,unsafe
6945,2024-01-01T19:17:20,1.715468,1.331519,0.927144,38.09,67.93,CleanAir,0.0,safe
6946,2024-01-01T19:17:30,0.026047,0.009697,0.121789,27.24,79.54,Alcohol,622.59,safe
6947,2024-01-01T19:17:40,0.015889,0.15895,0.103661,38.73,55.42,Hydrogen,304.74,safe
6948,2024-01-01T19:17:50,1.702712,1.321574,0.902915,16.32,56.35,CleanAir,0.0,safe
6949,2024-01-01T19:18:00,0.518614,0.213869,0.006338,20.76,74.78,Propane,845.39,safe
6950,2024-01-01T19:18:10,1.6455,1.304534,0.898512,13.63,64.49,CleanAir,0.0,safe
6951,2024-01-01T19:18:20,0.042003,0.203769,0.009795,26.6,62.68,Alcohol,1428.4,unsafe
6952,2024-01-01T19:18:30,1.749438,1.371131,0.979212,31.81,32.62,CleanAir,0.0,safe
6953,2024-01-01T19:18:40,0.300724,0.163248,0.122031,25.57,78.87,Alcohol,658.08,safe
6954,2024-01-01T19:18:50,0.88435,0.226137,0.204539,39.59,46.37,Methane,17023.07,unsafe
6955,2024-01-01T19:19:00,0.965505,0.378181,0.019441,29.64,45.62,Propane,4036.32,unsafe
6956,2024-01-01T19:19:10,0.390405,0.205647,0.187106,19.52,72.78,Alcohol,1764.79,unsafe
6957,2024-01-01T19:19:20,1.693309,1.368038,0.960864,35.85,60.24,CleanAir,0.0,safe
6958,2024-01-01T19:19:30,0.731119,0.710268,0.172056,37.21,46.47,Methane,7851.62,unsafe
6959,2024-01-01T19:19:40,1.668286,1.32901,0.909941,31.05,69.75,CleanAir,0.0,safe
6960,2024-01-01T19:19:50,0.25887,0.006424,0.00321,33.93,42.6,CO,297.07,unsafe
6961,2024-01-01T19:20:00,1.711417,1.362474,0.928288,22.04,43.85,CleanAir,0.0,safe
6962,2024-01-01T19:20:10,1.700186,1.353557,0.935826,28.29,46.86,CleanAir,0.0,safe
6963,2024-01-01T19:20:20,0.633366,0.297677,0.242387,39.31,46.54,Hydrogen,2966.96,safe
6964,2024-01-01T19:20:30,1.696394,1.315504,0.893411,36.7,87.87,CleanAir,0.0,safe
6965,2024-01-01T19:20:40,0.572254,0.022633,0.132384,34.66,50.06,LPG,1580.46,unsafe
6966,2024-01-01T19:20:50,1.707566,1.379746,0.968516,33.3,39.99,CleanAir,0.0,safe
6967,2024-01-01T19:21:00,0.616257,0.24687,0.012902,33.95,68.97,Smoke,796.27,unsafe
6968,2024-01-01T19:21:10,1.667841,1.334457,0.905269,13.39,50.77,CleanAir,0.0,safe
6969,2024-01-01T19:21:20,0.032227,0.204798,0.179767,21.62,36.64,Alcohol,1314.68,unsafe
6970,2024-01-01T19:21:30,0.39858,0.213421,0.180816,39.46,38.68,Alcohol,1275.8,unsafe
6971,2024-01-01T19:21:40,0.403205,0.17993,0.003206,39.8,53.9,Smoke,273.33,unsafe
6972,2024-01-01T19:21:50,0.647302,0.02561,0.247873,19.66,46.24,Hydrogen,3753.46,safe
6973,2024-01-01T19:22:00,0.006452,0.12401,0.057141,13.62,71.35,CO,140.87,unsafe
6974,2024-01-01T19:22:10,0.430224,0.184701,0.003218,23.88,41.91,Smoke,325.53,unsafe
6975,2024-01-01T19:22:20,1.714311,1.363891,0.933969,27.37,51.38,CleanAir,0.0,safe
6976,2024-01-01T19:22:30,0.045243,0.257821,0.184694,33.34,81.2,Smoke,979.26,unsafe
6977,2024-01-01T19:22:40,1.680734,1.335926,0.915368,17.66,42.99,CleanAir,0.0,safe
6978,2024-01-01T19:22:50,0.92753,0.365305,0.221738,21.07,56.27,Propane,4214.63,unsafe
6979,2024-01-01T19:23:00,1.735219,1.360618,0.9582,38.94,52.73,CleanAir,0.0,safe
6980,2024-01-01T19:23:10,1.730671,1.38292,0.972428,34.63,40.27,CleanAir,0.0,safe
6981,2024-01-01T19:23:20,0.300247,0.009689,0.115652,22.05,75.67,Alcohol,571.23,safe
6982,2024-01-01T19:23:30,0.770599,0.426796,0.168582,29.16,57.77,LPG,4051.25,unsafe
6983,2024-01-01T19:23:40,0.055538,0.330464,0.135759,31.68,50.14,LPG,1800.8,unsafe
6984,2024-01-01T19:23:50,0.778355,0.17313,0.183273,30.13,58.32,Methane,12711.8,unsafe
6985,2024-01-01T19:24:00,0.183036,0.042059,0.171379,22.53,53.46,LPG,4656.24,unsafe
6986,2024-01-01T19:24:10,1.664579,1.329408,0.933838,31.08,67.19,CleanAir,0.0,safe
6987,2024-01-01T19:24:20,0.364881,0.009756,0.129087,39.77,43.25,Hydrogen,510.1,safe
6988,2024-01-01T19:24:30,1.725517,1.388191,0.929846,18.97,35.99,CleanAir,0.0,safe
6989,2024-01-01T19:24:40,0.065633,0.39218,0.152412,10.95,50.72,LPG,3269.35,unsafe
6990,2024-01-01T19:24:50,1.686941,1.361724,0.909414,30.48,63.67,CleanAir,0.0,safe
6991,2024-01-01T19:25:00,1.608701,1.296216,0.858709,15.25,82.44,CleanAir,0.0,safe
6992,2024-01-01T19:25:10,0.009709,0.00644,0.003262,35.78,86.78,CO,216.51,unsafe
6993,2024-01-01T19:25:20,0.563636,0.035607,0.127531,19.43,73.02,LPG,1935.44,unsafe
6994,2024-01-01T19:25:30,1.652683,1.340469,0.885895,22.33,84.99,CleanAir,0.0,safe
6995,2024-01-01T19:25:40,0.33987,0.184222,0.145924,29.16,63.15,Alcohol,854.99,safe
6996,2024-01-01T19:25:50,0.019461,0.161777,0.116741,24.18,66.49,Alcohol,519.58,safe
6997,2024-01-01T19:26:00,0.898923,0.938374,0.219557,35.77,30.97,Methane,18502.58,unsafe
6998,2024-01-01T19:26:10,1.691456,1.331245,0.917642,27.34,61.56,CleanAir,0.0,safe
6999,2024-01-01T19:26:20,0.405333,0.216525,0.192753,33.66,79.65,Alcohol,1784.78,unsafe
7000,2024-01-01T19:26:30,0.503747,0.009686,0.137847,39.35,60.07,Smoke,474.29,unsafe
7001,2024-01-01T19:26:40,1.668506,1.379467,0.948013,19.78,30.83,CleanAir,0.0,safe
7002,2024-01-01T19:26:50,0.634492,0.025804,0.154478,12.99,78.04,Propane,1651.66,unsafe
7003,2024-01-01T19:27:00,0.386629,0.212494,0.01917,25.45,58.4,Alcohol,1498.75,unsafe
7004,2024-01-01T19:27:10,1.660449,1.34927,0.905123,27.3,72.2,CleanAir,0.0,safe
7005,2024-01-01T19:27:20,0.016139,0.156986,0.003225,23.26,30.01,Propane,233.01,safe
7006,2024-01-01T19:27:30,0.86224,0.34506,0.201774,32.21,60.49,Propane,3213.08,unsafe
7007,2024-01-01T19:27:40,0.708581,0.287922,0.167911,37.21,77.78,Propane,1827.51,unsafe
7008,2024-01-01T19:27:50,0.019395,0.194776,0.116541,35.71,38.27,Smoke,310.19,unsafe
7009,2024-01-01T19:28:00,1.634031,1.379215,0.918419,24.75,45.2,CleanAir,0.0,safe
7010,2024-01-01T19:28:10,0.590329,0.013002,0.164062,30.69,47.56,Smoke,682.77,unsafe
7011,2024-01-01T19:28:20,0.625107,0.032067,0.012682,36.79,84.43,LPG,2342.58,unsafe
7012,2024-01-01T19:28:30,1.674521,1.326469,0.891863,28.52,75.97,CleanAir,0.0,safe
7013,2024-01-01T19:28:40,1.721311,1.350664,0.907674,22.37,60.4,CleanAir,0.0,safe
7014,2024-01-01T19:28:50,1.67515,1.366171,0.92492,36.11,72.51,CleanAir,0.0,safe
7015,2024-01-01T19:29:00,0.443084,0.244258,0.10273,21.06,54.71,LPG,842.78,safe
7016,2024-01-01T19:29:10,0.516645,0.24838,0.012894,37.93,49.54,Hydrogen,1505.55,safe
7017,2024-01-01T19:29:20,0.419231,0.022582,0.199898,37.4,67.05,Alcohol,1801.77,unsafe
7018,2024-01-01T19:29:30,0.016313,0.227133,0.090533,20.86,35.04,CO,423.16,unsafe
7019,2024-01-01T19:29:40,0.199757,0.124836,0.003291,20.59,57.21,CO,128.03,unsafe
7020,2024-01-01T19:29:50,0.67538,0.387231,0.022475,28.6,59.81,LPG,2923.04,unsafe
7021,2024-01-01T19:30:00,1.69049,1.347087,0.917656,22.44,51.75,CleanAir,0.0,safe
7022,2024-01-01T19:30:10,0.649221,0.016195,0.179261,24.15,41.63,Smoke,841.37,unsafe
7023,2024-01-01T19:30:20,0.610738,0.601142,0.019057,25.27,76.41,Methane,5383.79,unsafe
7024,2024-01-01T19:30:30,0.516909,0.250844,0.19074,25.57,52.39,Hydrogen,1746.38,safe
7025,2024-01-01T19:30:40,1.647256,1.346137,0.894258,21.99,59.89,CleanAir,0.0,safe
7026,2024-01-01T19:30:50,0.815752,0.338366,0.200257,26.07,54.92,Propane,3004.35,unsafe
7027,2024-01-01T19:31:00,1.718816,1.395213,0.945138,34.42,49.01,CleanAir,0.0,safe
7028,2024-01-01T19:31:10,0.530748,0.286878,0.00965,11.51,61.5,LPG,1488.86,unsafe
7029,2024-01-01T19:31:20,0.404918,0.180809,0.113845,25.29,64.34,Smoke,332.15,unsafe
7030,2024-01-01T19:31:30,1.705496,1.389566,0.970704,38.86,43.76,CleanAir,0.0,safe
7031,2024-01-01T19:31:40,0.491982,0.016441,0.116081,31.5,39.15,LPG,1021.27,unsafe
7032,2024-01-01T19:31:50,0.667398,0.670162,0.154243,29.79,87.23,Methane,7989.28,unsafe
7033,2024-01-01T19:32:00,1.654411,1.316138,0.880116,12.41,73.94,CleanAir,0.0,safe
7034,2024-01-01T19:32:10,0.532488,0.29606,0.006529,28.2,61.62,LPG,1384.14,unsafe
7035,2024-01-01T19:32:20,0.56472,0.239278,0.009567,37.44,42.26,Smoke,592.56,unsafe
7036,2024-01-01T19:32:30,0.01611,0.170592,0.117538,36.28,68.49,Alcohol,529.19,safe
7037,2024-01-01T19:32:40,1.647729,1.347014,0.885266,24.2,78.81,CleanAir,0.0,safe
7038,2024-01-01T19:32:50,1.701602,1.361986,0.930492,21.05,37.59,CleanAir,0.0,safe
7039,2024-01-01T19:33:00,1.654733,1.338747,0.913996,24.2,55.15,CleanAir,0.0,safe
7040,2024-01-01T19:33:10,1.681555,1.334984,0.906235,24.64,52.95,CleanAir,0.0,safe
7041,2024-01-01T19:33:20,0.692362,0.04208,0.051684,39.13,83.62,Hydrogen,4852.43,safe
7042,2024-01-01T19:33:30,0.499475,0.24049,0.185172,18.53,70.19,Hydrogen,1791.85,safe
7043,2024-01-01T19:33:40,0.298394,0.273092,0.100266,33.09,58.43,CO,668.85,unsafe
7044,2024-01-01T19:33:50,1.675833,1.352589,0.900828,14.55,47.77,CleanAir,0.0,safe
7045,2024-01-01T19:34:00,0.794302,0.83211,0.185222,11.47,55.11,Methane,16314.59,unsafe
7046,2024-01-01T19:34:10,0.707964,0.319462,0.280265,33.36,61.94,Hydrogen,4663.51,safe
7047,2024-01-01T19:34:20,0.315962,0.156282,0.086946,32.74,46.81,Smoke,171.25,unsafe
7048,2024-01-01T19:34:30,0.798413,0.444139,0.171593,32.42,68.21,LPG,4555.9,unsafe
7049,2024-01-01T19:34:40,1.65429,1.344668,0.886743,27.53,74.32,CleanAir,0.0,safe
7050,2024-01-01T19:34:50,1.668263,1.279064,0.856755,10.2,81.95,CleanAir,0.0,safe
7051,2024-01-01T19:35:00,1.683692,1.315816,0.885632,17.64,72.7,CleanAir,0.0,safe
7052,2024-01-01T19:35:10,1.687718,1.349304,0.904464,31.76,82.67,CleanAir,0.0,safe
7053,2024-01-01T19:35:20,0.034679,0.022328,0.176914,31.68,86.06,Hydrogen,1683.03,safe
7054,2024-01-01T19:35:30,1.710668,1.377861,0.930876,33.73,57.29,CleanAir,0.0,safe
7055,2024-01-01T19:35:40,0.504993,0.013176,0.136954,10.12,79.68,Smoke,607.46,unsafe
7056,2024-01-01T19:35:50,0.274546,0.006526,0.003164,11.72,33.0,Alcohol,397.69,safe
7057,2024-01-01T19:36:00,0.487173,0.009643,0.133295,15.63,33.56,Smoke,455.87,unsafe
7058,2024-01-01T19:36:10,0.674173,0.676705,0.022206,13.95,70.55,Methane,8624.32,unsafe
7059,2024-01-01T19:36:20,0.331995,0.367944,0.11488,11.25,63.03,CO,1515.59,unsafe
7060,2024-01-01T19:36:30,1.718225,1.374717,0.907195,35.85,67.82,CleanAir,0.0,safe
7061,2024-01-01T19:36:40,0.394329,0.896053,0.038578,20.3,44.01,Methane,19773.83,unsafe
7062,2024-01-01T19:36:50,1.649341,1.345099,0.931523,33.27,68.68,CleanAir,0.0,safe
7063,2024-01-01T19:37:00,0.376078,0.411627,0.009627,32.39,44.42,CO,1623.55,unsafe
7064,2024-01-01T19:37:10,0.628611,0.032225,0.241597,11.8,50.75,Hydrogen,3687.24,safe
7065,2024-01-01T19:37:20,0.13718,0.368193,0.141419,14.02,67.67,LPG,2947.0,unsafe
7066,2024-01-01T19:37:30,0.602424,0.02923,0.01936,13.05,40.92,Hydrogen,2932.99,safe
7067,2024-01-01T19:37:40,1.69549,1.387865,0.932033,19.52,31.78,CleanAir,0.0,safe
7068,2024-01-01T19:37:50,1.641325,1.371125,0.91794,31.39,79.29,CleanAir,0.0,safe
7069,2024-01-01T19:38:00,0.088005,0.377661,0.144871,14.23,74.75,LPG,3274.72,unsafe
7070,2024-01-01T19:38:10,1.719363,1.398259,0.960837,38.62,46.16,CleanAir,0.0,safe
7071,2024-01-01T19:38:20,0.025384,0.212806,0.150822,23.57,77.9,Hydrogen,1104.59,safe
7072,2024-01-01T19:38:30,1.655623,1.367751,0.91132,21.35,50.83,CleanAir,0.0,safe
7073,2024-01-01T19:38:40,1.642067,1.359671,0.900638,17.44,41.87,CleanAir,0.0,safe
7074,2024-01-01T19:38:50,0.352489,0.192694,0.009741,36.49,81.93,Alcohol,1040.89,unsafe
7075,2024-01-01T19:39:00,1.674534,1.342272,0.90036,19.24,62.42,CleanAir,0.0,safe
7076,2024-01-01T19:39:10,1.645185,1.321704,0.897102,23.88,86.1,CleanAir,0.0,safe
7077,2024-01-01T19:39:20,0.149068,0.69627,0.160352,14.04,40.5,Methane,8300.01,unsafe
7078,2024-01-01T19:39:30,0.789396,0.826279,0.183599,28.51,85.55,Methane,16480.79,unsafe
7079,2024-01-01T19:39:40,1.706555,1.345447,0.933291,20.43,41.06,CleanAir,0.0,safe
7080,2024-01-01T19:39:50,1.653763,1.298151,0.882199,11.13,68.77,CleanAir,0.0,safe
7081,2024-01-01T19:40:00,0.012966,0.15634,0.100889,32.31,76.94,Alcohol,392.71,safe
7082,2024-01-01T19:40:10,0.275382,0.158797,0.006449,17.36,74.59,Alcohol,504.78,safe
7083,2024-01-01T19:40:20,1.696127,1.383593,0.946133,34.04,46.11,CleanAir,0.0,safe
7084,2024-01-01T19:40:30,0.19306,0.113629,0.055098,17.53,54.27,Smoke,74.61,unsafe
7085,2024-01-01T19:40:40,0.41529,0.191609,0.106696,28.0,66.99,Propane,496.26,safe
7086,2024-01-01T19:40:50,0.642264,0.643302,0.151222,36.07,89.68,Methane,6993.24,unsafe
7087,2024-01-01T19:41:00,0.437024,0.25164,0.102895,20.34,88.53,LPG,998.83,safe
7088,2024-01-01T19:41:10,1.676806,1.377055,0.928381,27.4,48.26,CleanAir,0.0,safe
7089,2024-01-01T19:41:20,1.691914,1.337703,0.91187,34.16,69.88,CleanAir,0.0,safe
7090,2024-01-01T19:41:30,0.022412,0.009494,0.006527,32.39,65.78,Alcohol,615.89,safe
7091,2024-01-01T19:41:40,0.087056,0.026263,0.186121,27.72,73.59,Propane,2831.11,unsafe
7092,2024-01-01T19:41:50,1.685563,1.357962,0.92531,31.71,69.25,CleanAir,0.0,safe
7093,2024-01-01T19:42:00,0.309442,0.022724,0.00649,18.16,75.8,CO,1145.07,unsafe
7094,2024-01-01T19:42:10,0.197898,0.003204,0.055345,24.51,86.75,Smoke,81.26,unsafe
7095,2024-01-01T19:42:20,0.776368,0.32354,0.182102,31.08,70.99,Propane,2543.37,unsafe
7096,2024-01-01T19:42:30,0.640079,0.045051,0.137511,25.31,78.57,LPG,2628.07,unsafe
7097,2024-01-01T19:42:40,1.692112,1.369422,0.901493,24.09,54.95,CleanAir,0.0,safe
7098,2024-01-01T19:42:50,0.103503,0.353293,0.032098,24.5,51.69,Propane,3438.8,unsafe
7099,2024-01-01T19:43:00,0.54686,0.227992,0.006474,19.32,60.12,Smoke,651.29,unsafe
7100,2024-01-01T19:43:10,0.410076,0.223808,0.012874,14.58,34.68,Alcohol,1836.83,unsafe
7101,2024-01-01T19:43:20,0.078202,0.275548,0.160056,11.16,62.87,Propane,1842.66,unsafe
7102,2024-01-01T19:43:30,1.69897,1.378942,0.918259,22.28,43.89,CleanAir,0.0,safe
7103,2024-01-01T19:43:40,1.650485,1.271632,0.891049,11.77,71.39,CleanAir,0.0,safe
7104,2024-01-01T19:43:50,0.661677,0.265761,0.012797,26.87,36.57,Smoke,908.91,unsafe
7105,2024-01-01T19:44:00,0.628564,0.019428,0.009478,38.77,78.27,Smoke,873.95,unsafe
7106,2024-01-01T19:44:10,1.678947,1.357105,0.919248,29.77,60.19,CleanAir,0.0,safe
7107,2024-01-01T19:44:20,1.634337,1.315884,0.875739,11.51,79.44,CleanAir,0.0,safe
7108,2024-01-01T19:44:30,1.676992,1.322292,0.879439,27.74,87.23,CleanAir,0.0,safe
7109,2024-01-01T19:44:40,1.658574,1.291702,0.873708,18.17,83.75,CleanAir,0.0,safe
7110,2024-01-01T19:44:50,1.708338,1.376168,0.930596,33.7,65.39,CleanAir,0.0,safe
7111,2024-01-01T19:45:00,1.636736,1.299928,0.88673,17.36,78.55,CleanAir,0.0,safe
7112,2024-01-01T19:45:10,0.52766,0.217607,0.149788,24.81,82.6,Smoke,641.53,unsafe
7113,2024-01-01T19:45:20,1.689706,1.367041,0.92013,11.05,35.53,CleanAir,0.0,safe
7114,2024-01-01T19:45:30,0.627184,0.627601,0.149232,20.08,68.32,Methane,6429.07,unsafe
7115,2024-01-01T19:45:40,0.305101,0.288007,0.102416,33.6,43.78,CO,662.98,unsafe
7116,2024-01-01T19:45:50,1.714788,1.373973,0.932141,36.7,54.83,CleanAir,0.0,safe
7117,2024-01-01T19:46:00,0.179817,0.003257,0.054744,16.38,61.25,CO,96.24,unsafe
7118,2024-01-01T19:46:10,1.666059,1.33187,0.89672,23.9,78.4,CleanAir,0.0,safe
7119,2024-01-01T19:46:20,1.640288,1.305998,0.881403,20.46,76.02,CleanAir,0.0,safe
7120,2024-01-01T19:46:30,1.680913,1.337979,0.894315,11.35,52.93,CleanAir,0.0,safe
7121,2024-01-01T19:46:40,0.080034,0.290674,0.03174,38.88,66.01,Hydrogen,2907.37,safe
7122,2024-01-01T19:46:50,1.642828,1.347273,0.909493,11.65,51.25,CleanAir,0.0,safe
7123,2024-01-01T19:47:00,0.301616,0.168274,0.123295,10.19,59.83,Alcohol,662.24,safe
7124,2024-01-01T19:47:10,0.442593,0.019501,0.162446,24.22,37.32,Hydrogen,1044.05,safe
7125,2024-01-01T19:47:20,1.695692,1.380731,0.94835,24.53,30.48,CleanAir,0.0,safe
7126,2024-01-01T19:47:30,1.640832,1.312842,0.875408,17.5,80.16,CleanAir,0.0,safe
7127,2024-01-01T19:47:40,0.774409,0.038133,0.187012,28.02,38.25,Propane,2245.38,unsafe
7128,2024-01-01T19:47:50,0.150776,0.620116,0.152345,16.3,30.34,Methane,5625.07,unsafe
7129,2024-01-01T19:48:00,0.026052,0.211794,0.153661,39.12,58.87,Hydrogen,899.92,safe
7130,2024-01-01T19:48:10,1.643031,1.35268,0.927764,26.83,56.26,CleanAir,0.0,safe
7131,2024-01-01T19:48:20,1.625213,1.349167,0.904295,17.24,54.87,CleanAir,0.0,safe
7132,2024-01-01T19:48:30,0.799113,0.469785,0.176788,22.45,43.8,LPG,4955.17,unsafe
7133,2024-01-01T19:48:40,0.031973,0.228952,0.161975,34.68,81.2,Hydrogen,1224.74,safe
7134,2024-01-01T19:48:50,1.684939,1.365745,0.920637,20.84,48.9,CleanAir,0.0,safe
7135,2024-01-01T19:49:00,0.603419,0.581941,0.019639,22.67,80.66,Methane,5705.94,unsafe
7136,2024-01-01T19:49:10,1.707361,1.384985,0.971108,31.73,31.89,CleanAir,0.0,safe
7137,2024-01-01T19:49:20,0.166801,0.075316,0.170605,27.54,31.52,LPG,4000.3,unsafe
7138,2024-01-01T19:49:30,0.640707,0.295259,0.244413,29.86,76.01,Hydrogen,3813.1,safe
7139,2024-01-01T19:49:40,1.692926,1.367835,0.942964,27.73,36.03,CleanAir,0.0,safe
7140,2024-01-01T19:49:50,0.035124,0.23965,0.161214,29.95,58.77,Smoke,703.77,unsafe
7141,2024-01-01T19:50:00,0.015948,0.009575,0.006374,13.41,40.87,Alcohol,507.12,safe
7142,2024-01-01T19:50:10,0.844989,0.477921,0.183965,35.98,34.96,LPG,4974.81,unsafe
7143,2024-01-01T19:50:20,0.867594,0.920277,0.04181,31.58,53.27,Methane,19386.72,unsafe
7144,2024-01-01T19:50:30,1.706237,1.365092,0.964485,24.32,30.1,CleanAir,0.0,safe
7145,2024-01-01T19:50:40,1.66749,1.337986,0.905576,22.02,73.05,CleanAir,0.0,safe
7146,2024-01-01T19:50:50,0.016287,0.009735,0.080836,16.1,71.67,LPG,426.92,safe
7147,2024-01-01T19:51:00,0.516444,0.293674,0.118897,31.22,80.33,LPG,1446.75,unsafe
7148,2024-01-01T19:51:10,1.64888,1.352911,0.887628,22.15,72.15,CleanAir,0.0,safe
7149,2024-01-01T19:51:20,1.717235,1.354756,0.94619,17.15,35.55,CleanAir,0.0,safe
7150,2024-01-01T19:51:30,0.478334,0.236561,0.179217,28.62,68.45,Hydrogen,1504.02,safe
7151,2024-01-01T19:51:40,0.028949,0.016053,0.016155,18.5,58.88,Alcohol,1415.64,unsafe
7152,2024-01-01T19:51:50,0.82583,0.877602,0.193685,21.23,38.57,Methane,15733.47,unsafe
7153,2024-01-01T19:52:00,0.326315,0.173715,0.116003,21.13,88.94,Hydrogen,573.42,safe
7154,2024-01-01T19:52:10,1.711649,1.392774,0.948932,38.09,42.74,CleanAir,0.0,safe
7155,2024-01-01T19:52:20,0.613495,0.254776,0.173399,35.12,31.64,Smoke,697.07,unsafe
7156,2024-01-01T19:52:30,0.355231,0.01298,0.009626,20.14,41.4,Alcohol,1055.74,unsafe
7157,2024-01-01T19:52:40,1.686223,1.351289,0.911386,24.85,51.66,CleanAir,0.0,safe
7158,2024-01-01T19:52:50,0.023092,0.18498,0.142366,29.23,72.73,Alcohol,871.41,safe
7159,2024-01-01T19:53:00,1.622288,1.341124,0.908199,10.32,44.33,CleanAir,0.0,safe
7160,2024-01-01T19:53:10,1.623102,1.331844,0.886505,21.69,73.92,CleanAir,0.0,safe
7161,2024-01-01T19:53:20,0.185237,0.108604,0.05257,12.42,33.91,Smoke,65.85,unsafe
7162,2024-01-01T19:53:30,1.662911,1.357458,0.931497,19.9,49.37,CleanAir,0.0,safe
7163,2024-01-01T19:53:40,0.397934,0.006646,0.109619,25.46,81.95,Smoke,341.13,unsafe
7164,2024-01-01T19:53:50,0.717808,0.065462,0.012806,15.7,48.35,LPG,3768.08,unsafe
7165,2024-01-01T19:54:00,0.328284,0.009711,0.083662,32.74,68.43,LPG,408.76,safe
7166,2024-01-01T19:54:10,0.482837,0.204173,0.006252,19.34,71.93,Smoke,493.99,unsafe
7167,2024-01-01T19:54:20,0.486314,0.21028,0.00654,15.54,42.43,Smoke,471.72,unsafe
7168,2024-01-01T19:54:30,0.746348,0.299967,0.171334,11.98,88.8,Propane,2661.32,unsafe
7169,2024-01-01T19:54:40,0.868802,0.35555,0.207172,33.86,60.13,Propane,3390.85,unsafe
7170,2024-01-01T19:54:50,1.676005,1.401361,0.940274,29.36,40.5,CleanAir,0.0,safe
7171,2024-01-01T19:55:00,1.621389,1.322751,0.883965,20.84,75.02,CleanAir,0.0,safe
7172,2024-01-01T19:55:10,1.691089,1.330729,0.929239,28.25,61.62,CleanAir,0.0,safe
7173,2024-01-01T19:55:20,0.363152,0.805314,0.022147,25.2,73.19,Methane,13980.11,unsafe
7174,2024-01-01T19:55:30,0.35326,0.19706,0.156555,16.8,51.67,Alcohol,1067.72,unsafe
7175,2024-01-01T19:55:40,0.318621,0.009521,0.081541,38.67,86.39,LPG,375.96,safe
7176,2024-01-01T19:55:50,0.56421,0.327181,0.127789,21.95,42.44,LPG,1685.61,unsafe
7177,2024-01-01T19:56:00,0.074353,0.310903,0.24069,28.52,55.95,Hydrogen,3431.4,safe
7178,2024-01-01T19:56:10,0.016055,0.290056,0.00646,17.28,66.6,CO,788.07,unsafe
7179,2024-01-01T19:56:20,1.670216,1.373989,0.898906,39.83,83.38,CleanAir,0.0,safe
7180,2024-01-01T19:56:30,1.683071,1.369195,0.906703,13.92,40.63,CleanAir,0.0,safe
7181,2024-01-01T19:56:40,0.830313,0.47969,0.01595,38.26,40.83,LPG,4512.97,unsafe
7182,2024-01-01T19:56:50,1.659438,1.290282,0.876589,18.19,87.29,CleanAir,0.0,safe
7183,2024-01-01T19:57:00,1.676896,1.359272,0.913728,32.25,57.56,CleanAir,0.0,safe
7184,2024-01-01T19:57:10,0.603603,0.038402,0.128323,20.99,56.91,LPG,2030.19,unsafe
7185,2024-01-01T19:57:20,1.654765,1.352726,0.903642,29.09,74.23,CleanAir,0.0,safe
7186,2024-01-01T19:57:30,0.633815,0.025954,0.240314,31.26,51.9,Hydrogen,3320.47,safe
7187,2024-01-01T19:57:40,0.214414,0.05233,0.204719,24.72,35.31,Propane,3275.17,unsafe
7188,2024-01-01T19:57:50,0.003249,0.08791,0.045066,21.74,81.57,CO,64.59,unsafe
7189,2024-01-01T19:58:00,1.672017,1.338553,0.874591,18.65,68.9,CleanAir,0.0,safe
7190,2024-01-01T19:58:10,0.738585,0.05187,0.012637,16.01,57.92,LPG,3796.04,unsafe
7191,2024-01-01T19:58:20,1.644916,1.359228,0.895617,16.5,55.62,CleanAir,0.0,safe
7192,2024-01-01T19:58:30,0.681157,0.27762,0.009775,30.9,35.18,Smoke,937.83,unsafe
7193,2024-01-01T19:58:40,0.269886,0.140822,0.069375,16.26,53.05,Smoke,144.99,unsafe
7194,2024-01-01T19:58:50,1.677708,1.337235,0.871128,17.75,68.57,CleanAir,0.0,safe
7195,2024-01-01T19:59:00,1.682543,1.361191,0.915673,13.44,35.39,CleanAir,0.0,safe
7196,2024-01-01T19:59:10,1.688011,1.366337,0.898204,17.82,45.82,CleanAir,0.0,safe
7197,2024-01-01T19:59:20,1.641467,1.31388,0.862504,15.97,80.2,CleanAir,0.0,safe
7198,2024-01-01T19:59:30,0.273168,0.012875,0.087783,29.89,41.82,CO,426.31,unsafe
7199,2024-01-01T19:59:40,1.613717,1.322874,0.866878,18.8,73.53,CleanAir,0.0,safe
7200,2024-01-01T19:59:50,1.638554,1.31394,0.844723,10.38,77.92,CleanAir,0.0,safe
7201,2024-01-01T20:00:00,0.432981,0.222031,0.009698,27.71,56.83,Hydrogen,1053.41,safe
7202,2024-01-01T20:00:10,0.022611,0.009602,0.006376,31.12,65.56,Smoke,409.17,unsafe
7203,2024-01-01T20:00:20,1.664311,1.373872,0.901199,18.26,30.66,CleanAir,0.0,safe
7204,2024-01-01T20:00:30,1.641233,1.338347,0.85607,16.41,68.46,CleanAir,0.0,safe
7205,2024-01-01T20:00:40,1.696649,1.415977,0.937061,33.55,35.6,CleanAir,0.0,safe
7206,2024-01-01T20:00:50,0.746594,0.173453,0.035652,21.24,56.79,Methane,12569.77,unsafe
7207,2024-01-01T20:01:00,0.612825,0.299856,0.22725,33.53,75.59,Hydrogen,3216.88,safe
7208,2024-01-01T20:01:10,1.649782,1.365447,0.894185,11.55,37.66,CleanAir,0.0,safe
7209,2024-01-01T20:01:20,1.749959,1.399197,0.946568,39.69,42.24,CleanAir,0.0,safe
7210,2024-01-01T20:01:30,0.674711,0.321389,0.25698,32.97,89.38,Hydrogen,4844.95,safe
7211,2024-01-01T20:01:40,0.025808,0.18805,0.00992,18.99,72.68,Alcohol,1058.1,unsafe
7212,2024-01-01T20:01:50,0.344673,0.403371,0.120676,39.81,88.87,CO,1612.25,unsafe
7213,2024-01-01T20:02:00,0.726937,0.068431,0.150051,16.42,62.06,LPG,4079.59,unsafe
7214,2024-01-01T20:02:10,0.029127,0.202739,0.120896,32.67,62.56,Smoke,419.11,unsafe
7215,2024-01-01T20:02:20,0.589277,0.337439,0.12633,11.86,43.63,LPG,1962.4,unsafe
7216,2024-01-01T20:02:30,1.700557,1.373034,0.907948,24.41,43.01,CleanAir,0.0,safe
7217,2024-01-01T20:02:40,0.406654,0.016031,0.17435,35.55,47.02,Alcohol,1374.28,unsafe
7218,2024-01-01T20:02:50,1.656797,1.337756,0.880639,11.2,59.23,CleanAir,0.0,safe
7219,2024-01-01T20:03:00,0.035216,0.249108,0.136195,37.91,32.75,Propane,835.05,safe
7220,2024-01-01T20:03:10,0.622376,0.305399,0.019219,26.29,34.76,Hydrogen,2871.92,safe
7221,2024-01-01T20:03:20,0.306089,0.15008,0.078079,29.64,68.63,Smoke,173.87,unsafe
7222,2024-01-01T20:03:30,1.661483,1.364564,0.905598,20.05,37.55,CleanAir,0.0,safe
7223,2024-01-01T20:03:40,0.229595,0.174801,0.071656,16.13,58.1,CO,261.11,unsafe
7224,2024-01-01T20:03:50,1.703794,1.384367,0.92641,32.19,47.4,CleanAir,0.0,safe
7225,2024-01-01T20:04:00,0.728421,0.754403,0.026126,25.82,50.41,Methane,9799.75,unsafe
7226,2024-01-01T20:04:10,0.664096,0.31771,0.244711,18.62,69.32,Hydrogen,4678.34,safe
7227,2024-01-01T20:04:20,0.425704,0.215135,0.009643,17.48,35.3,Hydrogen,965.32,safe
7228,2024-01-01T20:04:30,1.610193,1.320548,0.860075,17.88,76.85,CleanAir,0.0,safe
7229,2024-01-01T20:04:40,1.649134,1.357399,0.887505,21.82,51.51,CleanAir,0.0,safe
7230,2024-01-01T20:04:50,1.731726,1.435792,0.934376,31.03,32.67,CleanAir,0.0,safe
7231,2024-01-01T20:05:00,0.418798,0.009592,0.107898,19.05,57.21,Smoke,352.33,unsafe
7232,2024-01-01T20:05:10,1.75195,1.398582,0.940287,36.82,36.09,CleanAir,0.0,safe
7233,2024-01-01T20:05:20,0.548195,0.032207,0.012977,13.93,35.42,LPG,1556.01,unsafe
7234,2024-01-01T20:05:30,1.67429,1.368864,0.887113,21.08,53.76,CleanAir,0.0,safe
7235,2024-01-01T20:05:40,1.68649,1.364833,0.900264,31.74,53.59,CleanAir,0.0,safe
7236,2024-01-01T20:05:50,0.54547,0.230096,0.009556,21.36,69.6,Smoke,685.58,unsafe
7237,2024-01-01T20:06:00,0.063993,0.267118,0.190252,12.32,67.22,Hydrogen,2481.92,safe
7238,2024-01-01T20:06:10,1.691938,1.382822,0.918359,26.02,47.95,CleanAir,0.0,safe
7239,2024-01-01T20:06:20,1.690851,1.356619,0.88939,34.31,59.29,CleanAir,0.0,safe
7240,2024-01-01T20:06:30,1.697732,1.376043,0.902493,36.64,72.68,CleanAir,0.0,safe
7241,2024-01-01T20:06:40,0.579772,0.23624,0.156718,28.66,78.16,Smoke,757.84,unsafe
7242,2024-01-01T20:06:50,0.562683,0.019448,0.132158,27.02,78.55,Propane,1124.19,unsafe
7243,2024-01-01T20:07:00,0.084536,0.074263,0.146733,12.67,57.31,Methane,7180.65,unsafe
7244,2024-01-01T20:07:10,0.537387,0.237693,0.141864,32.13,40.27,Smoke,552.6,unsafe
7245,2024-01-01T20:07:20,0.755532,0.318569,0.016506,24.1,51.98,Propane,2310.3,unsafe
7246,2024-01-01T20:07:30,0.009575,0.00626,0.07155,16.14,33.18,LPG,232.01,safe
7247,2024-01-01T20:07:40,1.643005,1.365642,0.874214,23.07,60.15,CleanAir,0.0,safe
7248,2024-01-01T20:07:50,1.657869,1.393419,0.919422,36.7,44.46,CleanAir,0.0,safe
7249,2024-01-01T20:08:00,1.688428,1.391928,0.886066,17.25,31.09,CleanAir,0.0,safe
7250,2024-01-01T20:08:10,0.04172,0.032158,0.111374,19.4,70.23,CO,1454.44,unsafe
7251,2024-01-01T20:08:20,0.766367,0.077023,0.155811,29.67,78.97,LPG,4587.18,unsafe
7252,2024-01-01T20:08:30,0.147816,0.862478,0.025552,28.71,83.7,Methane,18030.93,unsafe
7253,2024-01-01T20:08:40,0.02923,0.038979,0.1205,22.05,72.83,CO,1814.87,unsafe
7254,2024-01-01T20:08:50,1.695448,1.364076,0.885348,37.92,70.48,CleanAir,0.0,safe
7255,2024-01-01T20:09:00,0.081867,0.437966,0.154251,12.29,43.22,LPG,4407.82,unsafe
7256,2024-01-01T20:09:10,1.6423,1.303722,0.84888,12.08,62.59,CleanAir,0.0,safe
7257,2024-01-01T20:09:20,0.343733,0.016166,0.009613,21.99,86.24,Alcohol,1193.29,unsafe
7258,2024-01-01T20:09:30,0.8335,0.48054,0.019505,37.25,42.53,LPG,4828.05,unsafe
7259,2024-01-01T20:09:40,0.641597,0.611505,0.138675,36.01,61.56,Methane,5491.02,unsafe
7260,2024-01-01T20:09:50,1.114589,0.046065,0.029831,38.3,40.79,Smoke,3862.63,unsafe
7261,2024-01-01T20:10:00,0.385853,0.209365,0.164511,39.05,57.55,Alcohol,1282.52,unsafe
7262,2024-01-01T20:10:10,1.675008,1.382947,0.886203,39.71,67.08,CleanAir,0.0,safe
7263,2024-01-01T20:10:20,0.076508,0.362721,0.12815,18.07,86.19,LPG,2858.82,unsafe
7264,2024-01-01T20:10:30,0.042306,0.016126,0.157877,26.81,45.29,Smoke,725.12,unsafe
7265,2024-01-01T20:10:40,1.662337,1.331306,0.85691,22.59,63.52,CleanAir,0.0,safe
7266,2024-01-01T20:10:50,1.688616,1.3733,0.906356,39.06,57.91,CleanAir,0.0,safe
7267,2024-01-01T20:11:00,0.605928,0.284029,0.216203,15.28,53.25,Hydrogen,3148.97,safe
7268,2024-01-01T20:11:10,1.687589,1.327353,0.873428,19.38,60.85,CleanAir,0.0,safe
7269,2024-01-01T20:11:20,0.392949,0.170669,0.003244,14.63,70.02,Smoke,317.0,unsafe
7270,2024-01-01T20:11:30,0.418042,0.18672,0.099799,34.75,84.37,Propane,511.57,safe
7271,2024-01-01T20:11:40,0.673859,0.375904,0.140487,23.1,45.25,LPG,2620.95,unsafe
7272,2024-01-01T20:11:50,0.048776,0.255169,0.172216,22.91,50.83,Smoke,922.02,unsafe
7273,2024-01-01T20:12:00,1.679155,1.327638,0.838954,21.58,85.42,CleanAir,0.0,safe
7274,2024-01-01T20:12:10,1.71953,1.356092,0.887226,16.48,39.26,CleanAir,0.0,safe
7275,2024-01-01T20:12:20,1.647177,1.318873,0.859209,25.46,68.83,CleanAir,0.0,safe
7276,2024-01-01T20:12:30,0.088127,0.302232,0.019382,37.85,54.85,Propane,2013.61,unsafe
7277,2024-01-01T20:12:40,1.628589,1.274992,0.816017,14.37,84.13,CleanAir,0.0,safe
7278,2024-01-01T20:12:50,1.696245,1.348102,0.879416,38.37,76.19,CleanAir,0.0,safe
7279,2024-01-01T20:13:00,1.702195,1.390836,0.90981,30.8,39.65,CleanAir,0.0,safe
7280,2024-01-01T20:13:10,0.719048,0.286227,0.161376,19.37,31.19,Propane,1719.87,unsafe
7281,2024-01-01T20:13:20,0.084719,0.323669,0.122675,16.83,71.14,LPG,2066.58,unsafe
7282,2024-01-01T20:13:30,0.315871,0.321796,0.103226,27.48,76.02,CO,1056.8,unsafe
7283,2024-01-01T20:13:40,0.826747,0.320283,0.178622,13.71,57.47,Propane,2954.43,unsafe
7284,2024-01-01T20:13:50,0.518038,0.012883,0.136572,22.93,87.92,Smoke,612.28,unsafe
7285,2024-01-01T20:14:00,0.009684,0.13646,0.003267,21.65,70.29,Alcohol,292.8,safe
7286,2024-01-01T20:14:10,0.103367,0.044467,0.019142,17.22,87.16,Propane,3215.94,unsafe
7287,2024-01-01T20:14:20,0.274559,0.149979,0.095642,23.09,55.65,Alcohol,382.68,safe
7288,2024-01-01T20:14:30,1.654924,1.319425,0.888858,33.75,86.93,CleanAir,0.0,safe
7289,2024-01-01T20:14:40,0.417567,0.016027,0.140101,33.52,83.34,Hydrogen,979.24,safe
7290,2024-01-01T20:14:50,1.632226,1.30282,0.81985,12.69,82.89,CleanAir,0.0,safe
7291,2024-01-01T20:15:00,1.628134,1.271175,0.82443,11.23,89.84,CleanAir,0.0,safe
7292,2024-01-01T20:15:10,0.055289,0.232983,0.009628,13.59,73.43,Smoke,835.7,unsafe
7293,2024-01-01T20:15:20,0.067509,0.266924,0.144847,16.21,83.08,Propane,1893.17,unsafe
7294,2024-01-01T20:15:30,1.665795,1.343062,0.867217,36.18,85.54,CleanAir,0.0,safe
7295,2024-01-01T20:15:40,0.597176,0.236254,0.156827,14.64,63.97,Smoke,826.49,unsafe
7296,2024-01-01T20:15:50,1.674561,1.314727,0.875209,30.75,84.29,CleanAir,0.0,safe
7297,2024-01-01T20:16:00,1.67371,1.349071,0.879585,26.77,56.73,CleanAir,0.0,safe
7298,2024-01-01T20:16:10,0.530564,0.025392,0.113474,18.12,67.72,LPG,1482.8,unsafe
7299,2024-01-01T20:16:20,0.223759,0.163617,0.067695,11.84,72.71,CO,263.33,unsafe
7300,2024-01-01T20:16:30,0.71126,0.710179,0.029149,19.57,55.26,Methane,9461.07,unsafe
7301,2024-01-01T20:16:40,1.662336,1.338431,0.870538,17.06,59.28,CleanAir,0.0,safe
7302,2024-01-01T20:16:50,0.59878,0.318628,0.126444,32.37,83.73,LPG,2050.42,unsafe
7303,2024-01-01T20:17:00,0.06586,0.284675,0.161532,12.92,81.82,Propane,2344.82,unsafe
7304,2024-01-01T20:17:10,0.814444,0.329001,0.184944,14.58,48.01,Propane,2946.03,unsafe
7305,2024-01-01T20:17:20,1.667373,1.332432,0.895614,22.4,51.72,CleanAir,0.0,safe
7306,2024-01-01T20:17:30,0.229627,0.003272,0.003289,31.81,86.19,Smoke,102.13,unsafe
7307,2024-01-01T20:17:40,1.730349,1.393474,0.955317,39.68,30.4,CleanAir,0.0,safe
7308,2024-01-01T20:17:50,0.282406,0.012879,0.003248,18.38,30.09,CO,504.99,unsafe
7309,2024-01-01T20:18:00,1.715355,1.359975,0.913161,24.08,45.34,CleanAir,0.0,safe
7310,2024-01-01T20:18:10,0.577461,0.274867,0.207282,19.65,49.71,Hydrogen,2533.38,safe
7311,2024-01-01T20:18:20,0.791926,0.309365,0.173518,18.58,89.55,Propane,3049.66,unsafe
7312,2024-01-01T20:18:30,1.646157,1.312089,0.84651,23.49,89.92,CleanAir,0.0,safe
7313,2024-01-01T20:18:40,0.823242,0.865061,0.190578,34.32,49.36,Methane,15277.73,unsafe
7314,2024-01-01T20:18:50,0.353734,0.407669,0.012776,14.76,68.04,CO,1964.55,unsafe
7315,2024-01-01T20:19:00,0.36839,0.421122,0.126581,14.84,37.8,CO,1860.11,unsafe
7316,2024-01-01T20:19:10,0.607946,0.235564,0.160489,12.04,51.56,Smoke,801.61,unsafe
7317,2024-01-01T20:19:20,0.624664,0.022347,0.036431,20.62,63.91,Hydrogen,3611.75,safe
7318,2024-01-01T20:19:30,0.708433,0.288045,0.158037,35.42,58.86,Propane,1795.39,unsafe
7319,2024-01-01T20:19:40,1.731184,1.358848,0.905579,33.67,53.07,CleanAir,0.0,safe
7320,2024-01-01T20:19:50,0.426028,0.016201,0.14232,37.65,50.01,Hydrogen,888.94,safe
7321,2024-01-01T20:20:00,0.279562,0.009578,0.087523,33.32,41.07,CO,438.37,unsafe
7322,2024-01-01T20:20:10,0.833834,0.482995,0.176204,28.6,34.28,LPG,4967.7,unsafe
7323,2024-01-01T20:20:20,0.390539,0.206754,0.170653,12.08,49.65,Alcohol,1560.93,unsafe
7324,2024-01-01T20:20:30,1.752815,1.379648,0.91878,28.76,31.16,CleanAir,0.0,safe
7325,2024-01-01T20:20:40,1.679899,1.317436,0.886655,10.59,51.99,CleanAir,0.0,safe
7326,2024-01-01T20:20:50,1.686803,1.346285,0.898286,15.9,31.62,CleanAir,0.0,safe
7327,2024-01-01T20:21:00,0.410532,0.019568,0.177917,30.84,33.37,Alcohol,1431.2,unsafe
7328,2024-01-01T20:21:10,0.333354,0.36873,0.112033,20.15,87.02,CO,1601.55,unsafe
7329,2024-01-01T20:21:20,0.6569,0.250498,0.174641,37.34,76.69,Smoke,886.56,unsafe
7330,2024-01-01T20:21:30,1.709745,1.379332,0.926989,30.91,39.34,CleanAir,0.0,safe
7331,2024-01-01T20:21:40,0.370247,0.006437,0.00328,17.36,54.85,Propane,376.82,safe
7332,2024-01-01T20:21:50,1.688579,1.343436,0.888123,16.31,42.95,CleanAir,0.0,safe
7333,2024-01-01T20:22:00,1.69317,1.370944,0.897665,24.64,52.51,CleanAir,0.0,safe
7334,2024-01-01T20:22:10,0.074209,0.028791,0.13193,30.64,88.79,LPG,2560.55,unsafe
7335,2024-01-01T20:22:20,1.678153,1.375713,0.926602,25.11,42.83,CleanAir,0.0,safe
7336,2024-01-01T20:22:30,0.52626,0.217697,0.122524,17.15,46.03,Propane,815.24,safe
7337,2024-01-01T20:22:40,0.17893,0.038386,0.157443,32.62,33.76,LPG,3397.33,unsafe
7338,2024-01-01T20:22:50,0.071204,0.038543,0.012933,10.67,69.35,LPG,3852.47,unsafe
7339,2024-01-01T20:23:00,0.643149,0.347268,0.132686,13.09,80.18,LPG,2782.71,unsafe
7340,2024-01-01T20:23:10,0.370468,0.006485,0.00324,37.61,34.88,Smoke,218.58,unsafe
7341,2024-01-01T20:23:20,1.686469,1.333735,0.880712,14.65,44.62,CleanAir,0.0,safe
7342,2024-01-01T20:23:30,0.38958,0.506234,0.138726,10.22,76.66,CO,3383.34,unsafe
7343,2024-01-01T20:23:40,0.293335,0.154459,0.093751,14.17,55.49,Hydrogen,353.07,safe
7344,2024-01-01T20:23:50,1.681331,1.370294,0.897188,17.29,35.49,CleanAir,0.0,safe
7345,2024-01-01T20:24:00,0.675856,0.643797,0.028746,38.24,58.62,Methane,6121.95,unsafe
7346,2024-01-01T20:24:10,0.788388,0.428922,0.155114,23.48,63.36,LPG,4542.68,unsafe
7347,2024-01-01T20:24:20,0.704683,0.035377,0.260407,35.58,57.75,Hydrogen,4529.45,safe
7348,2024-01-01T20:24:30,1.711303,1.340658,0.87719,31.61,68.13,CleanAir,0.0,safe
7349,2024-01-01T20:24:40,0.236562,0.164133,0.068234,38.86,81.05,CO,239.18,unsafe
7350,2024-01-01T20:24:50,0.779729,0.791486,0.022321,23.86,87.44,Methane,15227.08,unsafe
7351,2024-01-01T20:25:00,1.692707,1.347998,0.902551,33.24,62.81,CleanAir,0.0,safe
7352,2024-01-01T20:25:10,0.439673,0.19194,0.006507,18.94,61.11,Smoke,395.21,unsafe
7353,2024-01-01T20:25:20,0.615884,0.035271,0.032188,38.28,45.75,Hydrogen,2690.72,safe
7354,2024-01-01T20:25:30,0.367935,0.198667,0.012727,29.81,42.06,Alcohol,971.81,safe
7355,2024-01-01T20:25:40,0.022727,0.356783,0.112421,34.36,88.0,CO,1353.74,unsafe
7356,2024-01-01T20:25:50,0.01943,0.006513,0.003218,10.88,36.1,Propane,408.89,safe
7357,2024-01-01T20:26:00,0.784405,0.048872,0.025718,25.82,46.28,LPG,4092.66,unsafe
7358,2024-01-01T20:26:10,1.687026,1.385644,0.912605,35.79,51.12,CleanAir,0.0,safe
7359,2024-01-01T20:26:20,1.668406,1.308934,0.864497,17.31,67.08,CleanAir,0.0,safe
7360,2024-01-01T20:26:30,0.341529,0.01286,0.006442,21.76,52.52,Alcohol,882.83,safe
7361,2024-01-01T20:26:40,1.645642,1.35171,0.889889,20.78,56.34,CleanAir,0.0,safe
7362,2024-01-01T20:26:50,0.667597,0.311439,0.243027,38.83,86.05,Hydrogen,4347.43,safe
7363,2024-01-01T20:27:00,1.638226,1.292437,0.818842,11.19,83.23,CleanAir,0.0,safe
7364,2024-01-01T20:27:10,1.644768,1.320026,0.883985,26.62,55.41,CleanAir,0.0,safe
7365,2024-01-01T20:27:20,0.445288,0.009679,0.11597,19.06,82.54,Smoke,438.52,unsafe
7366,2024-01-01T20:27:30,1.706417,1.376104,0.906488,37.27,51.78,CleanAir,0.0,safe
7367,2024-01-01T20:27:40,1.70453,1.37201,0.908502,16.11,32.03,CleanAir,0.0,safe
7368,2024-01-01T20:27:50,0.62916,0.284128,0.230535,22.51,71.92,Hydrogen,3669.74,safe
7369,2024-01-01T20:28:00,0.270178,0.149448,0.099724,10.62,76.2,Alcohol,507.19,safe
7370,2024-01-01T20:28:10,0.090198,0.115137,0.152978,26.9,64.73,Methane,7734.95,unsafe
7371,2024-01-01T20:28:20,1.667945,1.322195,0.890225,19.7,54.77,CleanAir,0.0,safe
7372,2024-01-01T20:28:30,0.244654,0.183104,0.074495,30.99,50.29,CO,284.14,unsafe
7373,2024-01-01T20:28:40,1.676061,1.308887,0.882981,21.87,66.85,CleanAir,0.0,safe
7374,2024-01-01T20:28:50,1.650859,1.265736,0.84915,13.97,83.31,CleanAir,0.0,safe
7375,2024-01-01T20:29:00,1.692924,1.317684,0.883995,34.79,82.62,CleanAir,0.0,safe
7376,2024-01-01T20:29:10,1.657483,1.299844,0.869503,30.36,85.98,CleanAir,0.0,safe
7377,2024-01-01T20:29:20,1.719668,1.367928,0.913314,23.59,41.61,CleanAir,0.0,safe
7378,2024-01-01T20:29:30,0.408256,0.019112,0.187184,34.0,31.6,Alcohol,1411.34,unsafe
7379,2024-01-01T20:29:40,0.716378,0.723999,0.162375,19.31,75.74,Methane,11312.35,unsafe
7380,2024-01-01T20:29:50,0.874298,0.888632,0.199035,37.69,35.62,Methane,16558.0,unsafe
7381,2024-01-01T20:30:00,0.068335,0.286564,0.160704,11.75,48.93,Propane,2057.97,unsafe
7382,2024-01-01T20:30:10,1.675253,1.308405,0.893549,20.44,57.5,CleanAir,0.0,safe
7383,2024-01-01T20:30:20,1.644792,1.325844,0.883688,25.8,59.15,CleanAir,0.0,safe
7384,2024-01-01T20:30:30,0.41167,0.217671,0.1893,24.78,33.04,Alcohol,1663.61,unsafe
7385,2024-01-01T20:30:40,1.709951,1.356402,0.937441,39.42,45.81,CleanAir,0.0,safe
7386,2024-01-01T20:30:50,0.159326,0.620889,0.143612,29.92,65.56,Methane,6384.26,unsafe
7387,2024-01-01T20:31:00,0.819989,0.857874,0.181206,14.4,50.27,Methane,17220.76,unsafe
7388,2024-01-01T20:31:10,0.283152,0.009665,0.111036,25.88,87.65,Alcohol,575.96,safe
7389,2024-01-01T20:31:20,1.632156,1.312899,0.857665,20.9,85.08,CleanAir,0.0,safe
7390,2024-01-01T20:31:30,1.667926,1.35952,0.930871,31.62,42.53,CleanAir,0.0,safe
7391,2024-01-01T20:31:40,1.661293,1.31255,0.864902,25.03,79.36,CleanAir,0.0,safe
7392,2024-01-01T20:31:50,1.673515,1.309801,0.888804,33.88,78.8,CleanAir,0.0,safe
7393,2024-01-01T20:32:00,1.668151,1.318234,0.882001,14.15,51.92,CleanAir,0.0,safe
7394,2024-01-01T20:32:10,0.286043,0.160645,0.113077,25.83,89.18,Alcohol,609.95,safe
7395,2024-01-01T20:32:20,1.695689,1.365571,0.913823,37.17,51.66,CleanAir,0.0,safe
7396,2024-01-01T20:32:30,0.48804,0.202553,0.12938,28.11,75.57,Smoke,516.06,unsafe
7397,2024-01-01T20:32:40,1.692388,1.370554,0.927153,33.66,38.33,CleanAir,0.0,safe
7398,2024-01-01T20:32:50,0.675816,0.12614,0.153004,29.14,65.85,Methane,8108.41,unsafe
7399,2024-01-01T20:33:00,1.702917,1.354521,0.920318,29.34,44.57,CleanAir,0.0,safe
7400,2024-01-01T20:33:10,0.681607,0.383761,0.141977,13.53,85.68,LPG,3949.52,unsafe
7401,2024-01-01T20:33:20,1.71794,1.379128,0.911414,39.37,53.01,CleanAir,0.0,safe
7402,2024-01-01T20:33:30,0.054521,0.019391,0.016007,18.39,36.81,Alcohol,1552.44,unsafe
7403,2024-01-01T20:33:40,0.728082,0.170035,0.161967,11.17,68.91,Methane,12514.56,unsafe
7404,2024-01-01T20:33:50,1.666982,1.341735,0.876602,11.1,40.43,CleanAir,0.0,safe
7405,2024-01-01T20:34:00,0.637337,0.018758,0.009629,14.81,36.25,Propane,1429.34,unsafe
7406,2024-01-01T20:34:10,0.041445,0.361491,0.11898,20.96,31.31,CO,1329.45,unsafe
7407,2024-01-01T20:34:20,0.362368,0.197116,0.161415,22.38,85.67,Alcohol,1544.63,unsafe
7408,2024-01-01T20:34:30,1.64615,1.274125,0.845766,10.25,82.02,CleanAir,0.0,safe
7409,2024-01-01T20:34:40,1.692494,1.333562,0.905134,38.51,79.18,CleanAir,0.0,safe
7410,2024-01-01T20:34:50,1.616815,1.323647,0.876964,32.12,77.77,CleanAir,0.0,safe
7411,2024-01-01T20:35:00,0.612702,0.242922,0.013074,13.85,63.14,Propane,1419.24,unsafe
7412,2024-01-01T20:35:10,0.572578,0.238711,0.13279,18.9,42.76,Propane,1017.95,unsafe
7413,2024-01-01T20:35:20,0.747457,0.038087,0.157861,10.22,44.95,LPG,4283.35,unsafe
7414,2024-01-01T20:35:30,1.64219,1.325344,0.89623,11.51,43.17,CleanAir,0.0,safe
7415,2024-01-01T20:35:40,0.187395,0.805674,0.022387,19.35,43.13,Methane,13712.96,unsafe
7416,2024-01-01T20:35:50,1.657473,1.298027,0.840718,17.19,75.45,CleanAir,0.0,safe
7417,2024-01-01T20:36:00,1.674074,1.308982,0.858931,15.48,68.64,CleanAir,0.0,safe
7418,2024-01-01T20:36:10,0.270248,0.136659,0.003214,31.22,41.47,Smoke,122.22,unsafe
7419,2024-01-01T20:36:20,1.743841,1.385624,0.94308,38.96,31.83,CleanAir,0.0,safe
7420,2024-01-01T20:36:30,0.778718,0.777411,0.174153,39.08,48.77,Methane,10817.82,unsafe
7421,2024-01-01T20:36:40,1.733444,1.352294,0.910576,35.81,51.51,CleanAir,0.0,safe
7422,2024-01-01T20:36:50,0.555449,0.271619,0.019383,23.09,32.91,Hydrogen,2135.84,safe
7423,2024-01-01T20:37:00,1.655873,1.297168,0.860221,24.65,74.22,CleanAir,0.0,safe
7424,2024-01-01T20:37:10,0.574402,0.228151,0.153901,22.7,63.03,Smoke,728.5,unsafe
7425,2024-01-01T20:37:20,0.691219,0.390547,0.143368,27.64,46.35,LPG,2883.56,unsafe
7426,2024-01-01T20:37:30,1.704222,1.407018,0.940129,39.16,37.71,CleanAir,0.0,safe
7427,2024-01-01T20:37:40,1.616852,1.29708,0.843799,20.33,89.25,CleanAir,0.0,safe
7428,2024-01-01T20:37:50,1.673572,1.341579,0.879685,31.66,78.05,CleanAir,0.0,safe
7429,2024-01-01T20:38:00,0.599993,0.326879,0.127974,20.8,31.55,LPG,1767.7,unsafe
7430,2024-01-01T20:38:10,0.041757,0.250787,0.184529,13.38,39.35,Hydrogen,1923.56,safe
7431,2024-01-01T20:38:20,0.208165,0.003178,0.003226,35.41,61.59,CO,141.61,unsafe
7432,2024-01-01T20:38:30,1.700601,1.361392,0.899181,22.4,35.4,CleanAir,0.0,safe
7433,2024-01-01T20:38:40,1.687124,1.345095,0.912587,23.51,44.44,CleanAir,0.0,safe
7434,2024-01-01T20:38:50,1.686917,1.267267,0.875374,12.79,63.24,CleanAir,0.0,safe
7435,2024-01-01T20:39:00,0.659266,0.073232,0.14544,14.63,80.31,Methane,8198.9,unsafe
7436,2024-01-01T20:39:10,0.041219,0.025726,0.110423,24.64,73.1,CO,1349.87,unsafe
7437,2024-01-01T20:39:20,1.65993,1.326332,0.877695,15.16,60.54,CleanAir,0.0,safe
7438,2024-01-01T20:39:30,0.628459,0.244089,0.009732,29.51,40.99,Smoke,772.3,unsafe
7439,2024-01-01T20:39:40,1.678457,1.353939,0.896877,18.41,37.91,CleanAir,0.0,safe
7440,2024-01-01T20:39:50,0.239842,0.174194,0.071126,34.55,54.78,CO,247.47,unsafe
7441,2024-01-01T20:40:00,1.687036,1.362635,0.914115,20.97,30.88,CleanAir,0.0,safe
7442,2024-01-01T20:40:10,1.711097,1.35168,0.901236,28.62,47.65,CleanAir,0.0,safe
7443,2024-01-01T20:40:20,0.009713,0.00649,0.064103,20.77,77.66,CO,229.29,unsafe
7444,2024-01-01T20:40:30,1.66552,1.320822,0.874102,15.79,61.64,CleanAir,0.0,safe
7445,2024-01-01T20:40:40,1.636681,1.303505,0.824465,10.78,80.51,CleanAir,0.0,safe
7446,2024-01-01T20:40:50,0.586016,0.273718,0.213384,27.88,41.16,Hydrogen,2477.83,safe
7447,2024-01-01T20:41:00,1.698815,1.310115,0.860401,36.53,88.05,CleanAir,0.0,safe
7448,2024-01-01T20:41:10,0.349772,0.016113,0.145229,24.07,84.25,Alcohol,1180.19,unsafe
7449,2024-01-01T20:41:20,1.683957,1.347677,0.900409,29.54,58.87,CleanAir,0.0,safe
7450,2024-01-01T20:41:30,0.224217,0.156281,0.068425,12.35,56.76,CO,234.57,unsafe
7451,2024-01-01T20:41:40,0.589656,0.013008,0.006476,28.55,40.45,Smoke,652.68,unsafe
7452,2024-01-01T20:41:50,1.739775,1.383463,0.919609,39.0,56.03,CleanAir,0.0,safe
7453,2024-01-01T20:42:00,1.679365,1.314991,0.873815,13.58,52.44,CleanAir,0.0,safe
7454,2024-01-01T20:42:10,1.695634,1.391094,0.943504,35.72,32.33,CleanAir,0.0,safe
7455,2024-01-01T20:42:20,0.583811,0.320347,0.126595,24.98,62.96,LPG,1924.05,unsafe
7456,2024-01-01T20:42:30,0.478402,0.009488,0.126288,19.34,59.57,Smoke,467.08,unsafe
7457,2024-01-01T20:42:40,0.252507,0.006458,0.078202,39.81,45.78,CO,272.36,unsafe
7458,2024-01-01T20:42:50,1.654622,1.306604,0.874834,20.6,78.79,CleanAir,0.0,safe
7459,2024-01-01T20:43:00,0.924934,0.371736,0.215159,33.91,46.04,Propane,3787.28,unsafe
7460,2024-01-01T20:43:10,1.714788,1.375466,0.925809,32.64,40.87,CleanAir,0.0,safe
7461,2024-01-01T20:43:20,0.801406,0.44626,0.163692,23.04,50.8,LPG,4721.0,unsafe
7462,2024-01-01T20:43:30,1.703877,1.334904,0.890629,35.27,71.46,CleanAir,0.0,safe
7463,2024-01-01T20:43:40,0.671098,0.300151,0.239009,21.53,47.34,Hydrogen,3799.2,safe
7464,2024-01-01T20:43:50,0.249994,0.006435,0.073165,25.12,31.66,CO,254.73,unsafe
7465,2024-01-01T20:44:00,0.668162,0.306158,0.029622,26.18,66.24,Hydrogen,4180.73,safe
7466,2024-01-01T20:44:10,1.680867,1.306771,0.865415,16.26,69.6,CleanAir,0.0,safe
7467,2024-01-01T20:44:20,0.729335,0.291036,0.165664,37.83,73.39,Propane,1961.29,unsafe
7468,2024-01-01T20:44:30,0.876384,0.333999,0.029059,23.94,88.84,Propane,3746.41,unsafe
7469,2024-01-01T20:44:40,1.659836,1.30772,0.869982,11.19,62.52,CleanAir,0.0,safe
7470,2024-01-01T20:44:50,0.034736,0.21897,0.12084,10.68,43.38,Propane,862.16,safe
7471,2024-01-01T20:45:00,1.726474,1.360936,0.913516,26.7,31.42,CleanAir,0.0,safe
7472,2024-01-01T20:45:10,0.05446,0.210871,0.176702,19.67,33.24,Alcohol,1476.0,unsafe
7473,2024-01-01T20:45:20,1.731527,1.342008,0.90399,33.73,60.6,CleanAir,0.0,safe
7474,2024-01-01T20:45:30,0.559975,0.268245,0.023219,25.21,32.98,Hydrogen,2024.62,safe
7475,2024-01-01T20:45:40,1.704318,1.346474,0.891277,19.72,43.65,CleanAir,0.0,safe
7476,2024-01-01T20:45:50,0.743873,0.405073,0.152497,14.51,53.83,LPG,3932.95,unsafe
7477,2024-01-01T20:46:00,0.108165,0.051419,0.155285,23.13,77.62,LPG,4751.01,unsafe
7478,2024-01-01T20:46:10,1.689723,1.339046,0.899095,11.51,32.05,CleanAir,0.0,safe
7479,2024-01-01T20:46:20,1.675187,1.351314,0.895285,39.75,71.62,CleanAir,0.0,safe
7480,2024-01-01T20:46:30,0.039216,0.221101,0.145158,34.93,70.6,Smoke,614.48,unsafe
7481,2024-01-01T20:46:40,1.680758,1.309009,0.870981,27.36,74.88,CleanAir,0.0,safe
7482,2024-01-01T20:46:50,1.663974,1.333528,0.887157,19.62,54.99,CleanAir,0.0,safe
7483,2024-01-01T20:47:00,1.6939,1.316115,0.885391,36.47,83.32,CleanAir,0.0,safe
7484,2024-01-01T20:47:10,1.69089,1.324547,0.883315,25.77,70.49,CleanAir,0.0,safe
7485,2024-01-01T20:47:20,0.807705,0.435776,0.163931,32.66,50.23,LPG,4222.21,unsafe
7486,2024-01-01T20:47:30,0.404523,0.009605,0.092698,37.13,83.92,LPG,664.35,safe
7487,2024-01-01T20:47:40,1.702789,1.330376,0.901895,22.24,51.08,CleanAir,0.0,safe
7488,2024-01-01T20:47:50,0.147683,0.032044,0.158777,16.21,77.43,Propane,2319.68,unsafe
7489,2024-01-01T20:48:00,0.036013,0.193839,0.012859,12.57,42.8,Alcohol,1193.94,unsafe
7490,2024-01-01T20:48:10,1.681117,1.318301,0.860068,27.29,72.39,CleanAir,0.0,safe
7491,2024-01-01T20:48:20,0.528748,0.237452,0.181475,20.55,56.88,Hydrogen,1816.97,safe
7492,2024-01-01T20:48:30,0.006483,0.119719,0.057153,20.76,64.98,Smoke,101.57,unsafe
7493,2024-01-01T20:48:40,0.435139,0.183609,0.110097,13.24,50.02,Smoke,361.81,unsafe
7494,2024-01-01T20:48:50,1.708967,1.340981,0.890651,29.62,71.5,CleanAir,0.0,safe
7495,2024-01-01T20:49:00,1.697397,1.338881,0.884413,28.84,56.92,CleanAir,0.0,safe
7496,2024-01-01T20:49:10,0.147464,0.339415,0.19776,18.57,76.41,Propane,4205.54,unsafe
7497,2024-01-01T20:49:20,1.629194,1.297362,0.863099,19.24,66.82,CleanAir,0.0,safe
7498,2024-01-01T20:49:30,1.720736,1.361534,0.930523,31.09,33.18,CleanAir,0.0,safe
7499,2024-01-01T20:49:40,0.75001,0.130174,0.164132,39.42,69.41,Methane,10015.37,unsafe
7500,2024-01-01T20:49:50,0.565645,0.293028,0.122381,32.39,39.75,LPG,1329.13,unsafe
7501,2024-01-01T20:50:00,0.525047,0.244245,0.183083,19.58,33.52,Hydrogen,1677.06,safe
7502,2024-01-01T20:50:10,0.230871,0.125163,0.003214,16.74,53.83,Alcohol,201.3,safe
7503,2024-01-01T20:50:20,0.75324,0.406271,0.156359,32.77,69.58,LPG,3739.4,unsafe
7504,2024-01-01T20:50:30,0.427304,0.019508,0.191997,33.55,64.3,Alcohol,1892.24,unsafe
7505,2024-01-01T20:50:40,0.393506,0.171058,0.09715,38.21,66.85,Propane,366.86,safe
7506,2024-01-01T20:50:50,0.578413,0.025583,0.118432,12.04,89.2,LPG,2099.1,unsafe
7507,2024-01-01T20:51:00,1.754777,1.381675,0.930865,36.93,31.2,CleanAir,0.0,safe
7508,2024-01-01T20:51:10,1.72404,1.379323,0.917288,34.8,39.6,CleanAir,0.0,safe
7509,2024-01-01T20:51:20,1.016199,0.032263,0.287705,17.63,51.71,Smoke,2931.29,unsafe
7510,2024-01-01T20:51:30,0.925062,0.350232,0.206254,22.61,54.01,Propane,4029.81,unsafe
7511,2024-01-01T20:51:40,1.677477,1.332158,0.89241,13.75,48.16,CleanAir,0.0,safe
7512,2024-01-01T20:51:50,0.009597,0.12291,0.061256,19.74,78.47,Smoke,118.7,unsafe
7513,2024-01-01T20:52:00,0.392506,0.200958,0.17155,23.97,64.01,Alcohol,1444.92,unsafe
7514,2024-01-01T20:52:10,0.487818,0.019588,0.016121,21.37,76.64,Hydrogen,1516.34,safe
7515,2024-01-01T20:52:20,0.378886,0.382296,0.127025,37.69,39.85,CO,1442.76,unsafe
7516,2024-01-01T20:52:30,0.728182,0.710246,0.029029,36.07,47.1,Methane,7996.66,unsafe
7517,2024-01-01T20:52:40,0.387281,0.416907,0.009528,19.59,40.0,CO,1853.61,unsafe
7518,2024-01-01T20:52:50,0.006475,0.111415,0.003253,39.96,76.17,CO,108.07,unsafe
7519,2024-01-01T20:53:00,0.387686,0.412925,0.12624,14.1,45.0,CO,1894.04,unsafe
7520,2024-01-01T20:53:10,0.654227,0.042193,0.235967,24.43,35.33,Hydrogen,3304.82,safe
7521,2024-01-01T20:53:20,1.680482,1.331709,0.899226,38.99,80.93,CleanAir,0.0,safe
7522,2024-01-01T20:53:30,0.192665,0.112469,0.054787,10.05,51.32,CO,113.75,unsafe
7523,2024-01-01T20:53:40,0.578215,0.219087,0.153484,17.44,76.83,Smoke,748.06,unsafe
7524,2024-01-01T20:53:50,1.684522,1.357285,0.909056,37.39,59.84,CleanAir,0.0,safe
7525,2024-01-01T20:54:00,0.593565,0.233065,0.159268,31.19,67.46,Smoke,720.19,unsafe
7526,2024-01-01T20:54:10,0.376624,0.039344,0.130155,37.37,67.91,CO,1843.15,unsafe
7527,2024-01-01T20:54:20,1.710371,1.349854,0.899326,23.84,45.36,CleanAir,0.0,safe
7528,2024-01-01T20:54:30,0.616376,0.038557,0.224775,32.3,77.43,Hydrogen,3368.07,safe
7529,2024-01-01T20:54:40,0.826102,0.45031,0.01886,25.19,38.04,LPG,4535.68,unsafe
7530,2024-01-01T20:54:50,0.402151,0.193755,0.009595,17.61,88.58,Hydrogen,1027.71,safe
7531,2024-01-01T20:55:00,0.02844,0.022477,0.102832,22.77,70.2,CO,1019.44,unsafe
7532,2024-01-01T20:55:10,0.056883,0.236403,0.175869,14.04,88.98,Hydrogen,2067.16,safe
7533,2024-01-01T20:55:20,1.701187,1.36169,0.927569,28.08,43.67,CleanAir,0.0,safe
7534,2024-01-01T20:55:30,1.726298,1.361163,0.903775,35.47,61.66,CleanAir,0.0,safe
7535,2024-01-01T20:55:40,0.776364,0.350581,0.292559,38.44,87.27,Hydrogen,6875.73,safe
7536,2024-01-01T20:55:50,1.691202,1.329563,0.885268,35.76,85.09,CleanAir,0.0,safe
7537,2024-01-01T20:56:00,0.266344,0.201154,0.003216,23.38,35.97,CO,339.59,unsafe
7538,2024-01-01T20:56:10,0.716168,0.395898,0.14994,22.48,60.21,LPG,3409.61,unsafe
7539,2024-01-01T20:56:20,0.015997,0.165204,0.006349,36.95,69.81,Alcohol,541.05,safe
7540,2024-01-01T20:56:30,1.698665,1.309458,0.874046,15.61,53.85,CleanAir,0.0,safe
7541,2024-01-01T20:56:40,1.746505,1.353175,0.928699,37.49,40.52,CleanAir,0.0,safe
7542,2024-01-01T20:56:50,0.07155,0.359064,0.139137,30.52,51.6,LPG,2460.54,unsafe
7543,2024-01-01T20:57:00,1.630418,1.273161,0.81686,12.63,82.4,CleanAir,0.0,safe
7544,2024-01-01T20:57:10,1.725342,1.357689,0.917114,35.92,47.07,CleanAir,0.0,safe
7545,2024-01-01T20:57:20,1.64995,1.291536,0.868183,16.7,77.4,CleanAir,0.0,safe
7546,2024-01-01T20:57:30,1.723298,1.340231,0.914822,31.88,42.38,CleanAir,0.0,safe
7547,2024-01-01T20:57:40,1.689524,1.318266,0.865687,33.73,80.59,CleanAir,0.0,safe
7548,2024-01-01T20:57:50,0.052668,0.275287,0.109123,10.65,40.14,LPG,1139.99,unsafe
7549,2024-01-01T20:58:00,1.678058,1.345142,0.88044,30.48,71.78,CleanAir,0.0,safe
7550,2024-01-01T20:58:10,0.319749,0.009622,0.006497,23.93,64.69,Alcohol,664.8,safe
7551,2024-01-01T20:58:20,0.707198,0.691326,0.153478,17.61,57.62,Methane,9259.26,unsafe
7552,2024-01-01T20:58:30,1.716336,1.383237,0.910146,31.96,42.15,CleanAir,0.0,safe
7553,2024-01-01T20:58:40,1.658146,1.313693,0.878312,23.0,70.99,CleanAir,0.0,safe
7554,2024-01-01T20:58:50,0.741333,0.051422,0.150675,16.67,57.82,LPG,3920.51,unsafe
7555,2024-01-01T20:59:00,0.025388,0.186964,0.147431,13.87,73.81,Alcohol,1210.41,unsafe
7556,2024-01-01T20:59:10,0.356863,0.188343,0.145632,17.6,75.94,Alcohol,1156.14,unsafe
7557,2024-01-01T20:59:20,1.718722,1.344471,0.929575,29.38,48.07,CleanAir,0.0,safe
7558,2024-01-01T20:59:30,1.667328,1.33636,0.876397,24.75,64.99,CleanAir,0.0,safe
7559,2024-01-01T20:59:40,1.690651,1.361796,0.877688,38.0,86.03,CleanAir,0.0,safe
7560,2024-01-01T20:59:50,1.690897,1.325393,0.901414,16.06,41.82,CleanAir,0.0,safe
7561,2024-01-01T21:00:00,1.684796,1.286755,0.858045,10.78,60.61,CleanAir,0.0,safe
7562,2024-01-01T21:00:10,0.061525,0.248435,0.139826,10.19,69.52,Propane,1413.27,unsafe
7563,2024-01-01T21:00:20,1.697273,1.362799,0.897181,32.54,62.87,CleanAir,0.0,safe
7564,2024-01-01T21:00:30,0.003208,0.100838,0.045194,31.22,85.32,Smoke,56.48,unsafe
7565,2024-01-01T21:00:40,0.813049,0.827666,0.173408,28.98,89.19,Methane,16515.41,unsafe
7566,2024-01-01T21:00:50,0.365335,0.006492,0.093201,36.65,33.37,Smoke,204.54,unsafe
7567,2024-01-01T21:01:00,1.713756,1.329853,0.884098,20.94,47.7,CleanAir,0.0,safe
7568,2024-01-01T21:01:10,0.134927,0.330096,0.190046,20.7,81.91,Propane,3737.56,unsafe
7569,2024-01-01T21:01:20,1.680591,1.334571,0.862195,11.63,54.15,CleanAir,0.0,safe
7570,2024-01-01T21:01:30,1.732376,1.363847,0.898057,39.7,69.28,CleanAir,0.0,safe
7571,2024-01-01T21:01:40,0.466786,0.019246,0.102874,39.21,70.98,LPG,893.27,safe
7572,2024-01-01T21:01:50,0.612762,0.33071,0.129814,25.41,38.71,LPG,1778.24,unsafe
7573,2024-01-01T21:02:00,1.662738,1.338176,0.850496,13.9,65.27,CleanAir,0.0,safe
7574,2024-01-01T21:02:10,1.657203,1.311986,0.844414,19.94,83.41,CleanAir,0.0,safe
7575,2024-01-01T21:02:20,1.678623,1.355626,0.86982,11.07,45.56,CleanAir,0.0,safe
7576,2024-01-01T21:02:30,0.456531,0.197448,0.114864,30.61,32.88,Smoke,341.2,unsafe
7577,2024-01-01T21:02:40,1.683932,1.325089,0.855395,15.39,66.18,CleanAir,0.0,safe
7578,2024-01-01T21:02:50,0.834162,0.465618,0.172437,39.07,49.35,LPG,4662.87,unsafe
7579,2024-01-01T21:03:00,1.680243,1.359437,0.894722,26.09,51.72,CleanAir,0.0,safe
7580,2024-01-01T21:03:10,0.805014,0.180386,0.022505,39.79,67.88,Methane,13102.81,unsafe
7581,2024-01-01T21:03:20,0.314455,0.302743,0.1013,12.46,50.74,CO,927.69,unsafe
7582,2024-01-01T21:03:30,1.669094,1.307363,0.847323,18.31,76.76,CleanAir,0.0,safe
7583,2024-01-01T21:03:40,0.03562,0.207529,0.138289,12.28,59.55,Smoke,593.25,unsafe
7584,2024-01-01T21:03:50,0.655322,0.01645,0.172247,23.68,76.15,Smoke,972.86,unsafe
7585,2024-01-01T21:04:00,1.742822,1.341295,0.895428,13.28,40.82,CleanAir,0.0,safe
7586,2024-01-01T21:04:10,0.659652,0.258754,0.009586,33.14,46.14,Smoke,853.19,unsafe
7587,2024-01-01T21:04:20,0.628537,0.023033,0.219336,34.91,86.61,Hydrogen,3092.39,safe
7588,2024-01-01T21:04:30,0.168515,0.003264,0.044612,22.27,43.48,CO,47.87,safe
7589,2024-01-01T21:04:40,0.818269,0.802836,0.18105,36.44,46.67,Methane,12628.88,unsafe
7590,2024-01-01T21:04:50,1.681255,1.317955,0.87203,21.97,74.68,CleanAir,0.0,safe
7591,2024-01-01T21:05:00,1.694789,1.359793,0.90081,31.78,58.47,CleanAir,0.0,safe
7592,2024-01-01T21:05:10,1.695943,1.336769,0.869593,18.75,70.48,CleanAir,0.0,safe
7593,2024-01-01T21:05:20,0.355672,0.391325,0.116478,19.18,80.11,CO,1777.49,unsafe
7594,2024-01-01T21:05:30,0.845422,0.028725,0.181843,12.96,51.07,Propane,2988.2,unsafe
7595,2024-01-01T21:05:40,1.693428,1.351123,0.882114,21.75,64.01,CleanAir,0.0,safe
7596,2024-01-01T21:05:50,0.7791,0.769216,0.035372,29.91,59.08,Methane,11712.48,unsafe
7597,2024-01-01T21:06:00,0.291384,0.137969,0.074573,22.09,80.8,Smoke,167.92,unsafe
7598,2024-01-01T21:06:10,0.158225,0.315857,0.047787,33.61,75.53,Hydrogen,4790.82,safe
7599,2024-01-01T21:06:20,0.39908,0.207248,0.172625,35.92,69.08,Alcohol,1455.33,unsafe
7600,2024-01-01T21:06:30,0.555418,0.223002,0.143906,35.89,52.35,Smoke,575.14,unsafe
7601,2024-01-01T21:06:40,0.444805,0.016039,0.009583,28.42,69.31,Hydrogen,1117.5,safe
7602,2024-01-01T21:06:50,0.271072,0.143273,0.093212,28.79,62.05,Alcohol,338.55,safe
7603,2024-01-01T21:07:00,0.670841,0.025741,0.156529,11.97,49.21,Propane,1620.49,unsafe
7604,2024-01-01T21:07:10,0.363713,0.787202,0.039071,29.28,36.85,Methane,11895.83,unsafe
7605,2024-01-01T21:07:20,1.699238,1.346938,0.906272,16.36,35.59,CleanAir,0.0,safe
7606,2024-01-01T21:07:30,0.231913,0.165967,0.070656,17.84,59.14,CO,262.63,unsafe
7607,2024-01-01T21:07:40,1.661942,1.306421,0.893104,32.76,82.64,CleanAir,0.0,safe
7608,2024-01-01T21:07:50,1.75162,1.358395,0.923268,32.62,42.82,CleanAir,0.0,safe
7609,2024-01-01T21:08:00,1.711186,1.366318,0.876111,14.61,31.81,CleanAir,0.0,safe
7610,2024-01-01T21:08:10,0.385531,0.204977,0.172352,10.65,59.8,Alcohol,1684.95,unsafe
7611,2024-01-01T21:08:20,0.812384,0.191456,0.182402,39.08,84.93,Methane,15373.69,unsafe
7612,2024-01-01T21:08:30,0.225113,0.139207,0.003212,38.92,61.0,CO,156.27,unsafe
7613,2024-01-01T21:08:40,0.335006,0.172073,0.133378,26.75,78.65,Alcohol,853.72,safe
7614,2024-01-01T21:08:50,0.012805,0.012867,0.091095,35.14,33.29,CO,429.01,unsafe
7615,2024-01-01T21:09:00,0.807059,0.02251,0.17479,22.17,83.64,Propane,2963.32,unsafe
7616,2024-01-01T21:09:10,0.104792,0.285017,0.224821,13.28,33.0,Hydrogen,3038.06,safe
7617,2024-01-01T21:09:20,1.696055,1.32903,0.88908,29.42,57.86,CleanAir,0.0,safe
7618,2024-01-01T21:09:30,1.693005,1.339152,0.882423,14.41,45.54,CleanAir,0.0,safe
7619,2024-01-01T21:09:40,0.202917,0.295154,0.184104,13.44,52.46,Methane,15912.98,unsafe
7620,2024-01-01T21:09:50,0.303751,0.267172,0.094553,20.69,32.22,CO,642.77,unsafe
7621,2024-01-01T21:10:00,1.740325,1.369815,0.939073,36.03,35.76,CleanAir,0.0,safe
7622,2024-01-01T21:10:10,0.88811,0.339393,0.200454,21.16,57.04,Propane,3654.97,unsafe
7623,2024-01-01T21:10:20,0.406497,0.177979,0.10215,12.5,42.2,Smoke,302.45,unsafe
7624,2024-01-01T21:10:30,0.093421,0.042319,0.161011,17.04,67.31,LPG,4624.22,unsafe
7625,2024-01-01T21:10:40,1.66298,1.324969,0.867455,25.76,84.41,CleanAir,0.0,safe
7626,2024-01-01T21:10:50,0.698507,0.378903,0.144311,37.96,81.16,LPG,3153.82,unsafe
7627,2024-01-01T21:11:00,1.69815,1.333883,0.897206,29.0,64.19,CleanAir,0.0,safe
7628,2024-01-01T21:11:10,0.273352,0.147279,0.097357,10.55,33.83,Alcohol,362.45,safe
7629,2024-01-01T21:11:20,0.887012,0.887435,0.198372,25.56,37.4,Methane,19440.96,unsafe
7630,2024-01-01T21:11:30,1.717359,1.388702,0.933738,31.42,38.12,CleanAir,0.0,safe
7631,2024-01-01T21:11:40,0.074112,0.377061,0.144498,28.05,43.34,LPG,2632.82,unsafe
7632,2024-01-01T21:11:50,0.361588,0.398914,0.127232,18.44,53.98,CO,1843.81,unsafe
7633,2024-01-01T21:12:00,1.660227,1.287585,0.859765,13.18,78.89,CleanAir,0.0,safe
7634,2024-01-01T21:12:10,0.316001,0.016238,0.006425,34.96,39.49,CO,745.37,unsafe
7635,2024-01-01T21:12:20,0.63243,0.293069,0.235165,34.2,64.12,Hydrogen,3454.22,safe
7636,2024-01-01T21:12:30,1.663097,1.304486,0.855605,15.99,67.5,CleanAir,0.0,safe
7637,2024-01-01T21:12:40,1.682537,1.33332,0.899111,32.25,68.68,CleanAir,0.0,safe
7638,2024-01-01T21:12:50,1.695579,1.310754,0.911709,35.83,79.85,CleanAir,0.0,safe
7639,2024-01-01T21:13:00,0.405304,0.006401,0.003232,28.09,58.59,Smoke,301.44,unsafe
7640,2024-01-01T21:13:10,1.68618,1.346078,0.911507,35.26,68.84,CleanAir,0.0,safe
7641,2024-01-01T21:13:20,1.706306,1.314682,0.875856,27.68,61.49,CleanAir,0.0,safe
7642,2024-01-01T21:13:30,0.685959,0.310354,0.02852,19.13,36.77,Hydrogen,4173.74,safe
7643,2024-01-01T21:13:40,1.667906,1.291062,0.865891,19.45,72.14,CleanAir,0.0,safe
7644,2024-01-01T21:13:50,0.392327,0.048269,0.01298,37.52,32.02,CO,1828.83,unsafe
7645,2024-01-01T21:14:00,1.702642,1.344497,0.910566,38.62,65.01,CleanAir,0.0,safe
7646,2024-01-01T21:14:10,1.701603,1.311435,0.900859,27.96,65.73,CleanAir,0.0,safe
7647,2024-01-01T21:14:20,1.742547,1.317697,0.898126,11.93,35.17,CleanAir,0.0,safe
7648,2024-01-01T21:14:30,1.68698,1.3074,0.875126,26.29,75.95,CleanAir,0.0,safe
7649,2024-01-01T21:14:40,0.821005,0.853461,0.065304,10.51,77.48,Methane,19995.12,unsafe
7650,2024-01-01T21:14:50,1.64821,1.305096,0.853795,19.81,83.01,CleanAir,0.0,safe
7651,2024-01-01T21:15:00,1.743713,1.371613,0.944357,36.15,45.29,CleanAir,0.0,safe
7652,2024-01-01T21:15:10,1.629689,1.316698,0.850127,10.37,78.42,CleanAir,0.0,safe
7653,2024-01-01T21:15:20,0.364888,0.183827,0.009739,31.7,70.15,Alcohol,1059.24,unsafe
7654,2024-01-01T21:15:30,1.668149,1.346218,0.881238,25.98,62.68,CleanAir,0.0,safe
7655,2024-01-01T21:15:40,1.697719,1.324817,0.904945,38.12,85.18,CleanAir,0.0,safe
7656,2024-01-01T21:15:50,0.827594,0.026322,0.191689,28.06,33.33,Propane,2552.54,unsafe
7657,2024-01-01T21:16:00,1.650508,1.262807,0.860117,11.28,77.63,CleanAir,0.0,safe
7658,2024-01-01T21:16:10,0.735973,0.733656,0.170911,33.08,48.35,Methane,9629.51,unsafe
7659,2024-01-01T21:16:20,0.988495,0.061064,0.228526,38.64,42.88,Propane,4268.0,unsafe
7660,2024-01-01T21:16:30,1.697238,1.354317,0.928788,36.18,51.23,CleanAir,0.0,safe
7661,2024-01-01T21:16:40,1.649612,1.298223,0.865584,19.95,68.58,CleanAir,0.0,safe
7662,2024-01-01T21:16:50,0.133569,0.402079,0.15453,39.09,42.49,LPG,3087.81,unsafe
7663,2024-01-01T21:17:00,0.208629,0.003205,0.003183,20.01,65.31,Alcohol,145.36,safe
7664,2024-01-01T21:17:10,0.333187,0.354334,0.11184,25.44,85.2,CO,1489.19,unsafe
7665,2024-01-01T21:17:20,0.357379,0.161777,0.090728,24.85,34.7,Propane,290.31,safe
7666,2024-01-01T21:17:30,0.372505,0.871913,0.029039,20.25,36.97,Methane,18298.74,unsafe
7667,2024-01-01T21:17:40,0.552817,0.013,0.145004,33.87,40.87,Smoke,531.83,unsafe
7668,2024-01-01T21:17:50,0.446249,0.189177,0.118851,24.83,45.91,Smoke,376.91,unsafe
7669,2024-01-01T21:18:00,1.718974,1.380975,0.94858,31.01,32.28,CleanAir,0.0,safe
7670,2024-01-01T21:18:10,0.567614,0.270045,0.210635,38.87,87.08,Hydrogen,2580.25,safe
7671,2024-01-01T21:18:20,1.697725,1.332399,0.906917,15.75,44.45,CleanAir,0.0,safe
7672,2024-01-01T21:18:30,1.647787,1.283795,0.869303,20.8,80.1,CleanAir,0.0,safe
7673,2024-01-01T21:18:40,0.333937,0.183491,0.006455,17.9,66.09,Alcohol,959.94,safe
7674,2024-01-01T21:18:50,0.404482,0.208877,0.018947,19.72,68.59,Alcohol,1918.34,unsafe
7675,2024-01-01T21:19:00,1.675933,1.31469,0.88191,12.45,56.21,CleanAir,0.0,safe
7676,2024-01-01T21:19:10,1.702028,1.312318,0.88469,36.78,86.15,CleanAir,0.0,safe
7677,2024-01-01T21:19:20,0.019349,0.179803,0.112823,32.04,81.14,Smoke,354.76,unsafe
7678,2024-01-01T21:19:30,0.050706,0.319491,0.126342,19.54,86.63,LPG,2183.93,unsafe
7679,2024-01-01T21:19:40,1.655976,1.288007,0.863629,19.41,73.71,CleanAir,0.0,safe
7680,2024-01-01T21:19:50,1.637355,1.27375,0.836857,16.56,89.86,CleanAir,0.0,safe
7681,2024-01-01T21:20:00,0.707848,0.129571,0.019403,13.03,44.51,Methane,8899.36,unsafe
7682,2024-01-01T21:20:10,0.738413,0.114651,0.167015,10.37,54.18,Methane,11545.22,unsafe
7683,2024-01-01T21:20:20,0.701982,0.696683,0.161475,29.77,61.86,Methane,8400.65,unsafe
7684,2024-01-01T21:20:30,1.662932,1.255331,0.84151,10.83,84.15,CleanAir,0.0,safe
7685,2024-01-01T21:20:40,0.263799,0.362242,0.216919,32.8,63.36,Propane,4047.75,unsafe
7686,2024-01-01T21:20:50,0.693014,0.316625,0.260479,37.01,37.37,Hydrogen,3697.77,safe
7687,2024-01-01T21:21:00,0.945535,0.36546,0.215109,26.8,33.25,Propane,3788.69,unsafe
7688,2024-01-01T21:21:10,1.694487,1.324785,0.911085,11.85,36.64,CleanAir,0.0,safe
7689,2024-01-01T21:21:20,1.646525,1.320225,0.883546,12.33,55.98,CleanAir,0.0,safe
7690,2024-01-01T21:21:30,0.279127,0.227352,0.003221,12.47,36.23,CO,483.25,unsafe
7691,2024-01-01T21:21:40,1.658684,1.280367,0.853663,11.83,79.69,CleanAir,0.0,safe
7692,2024-01-01T21:21:50,0.166711,0.400332,0.154219,36.54,51.64,LPG,3164.5,unsafe
7693,2024-01-01T21:22:00,0.736055,0.288346,0.01623,31.1,37.7,Propane,1749.8,unsafe
7694,2024-01-01T21:22:10,1.669585,1.349623,0.875735,12.35,47.63,CleanAir,0.0,safe
7695,2024-01-01T21:22:20,0.370327,0.028851,0.127589,34.9,32.25,CO,1323.42,unsafe
7696,2024-01-01T21:22:30,1.68647,1.314612,0.879038,30.15,76.96,CleanAir,0.0,safe
7697,2024-01-01T21:22:40,1.649806,1.297154,0.846663,12.74,76.19,CleanAir,0.0,safe
7698,2024-01-01T21:22:50,0.348609,0.006425,0.003234,38.36,86.83,Smoke,223.05,unsafe
7699,2024-01-01T21:23:00,0.278718,0.223963,0.003198,29.98,39.04,CO,414.17,unsafe
7700,2024-01-01T21:23:10,0.461451,0.195487,0.123869,22.21,42.38,Smoke,393.82,unsafe
7701,2024-01-01T21:23:20,0.225975,0.146103,0.067482,36.41,41.3,CO,153.84,unsafe
7702,2024-01-01T21:23:30,0.501804,0.20085,0.133245,24.75,82.32,Smoke,532.54,unsafe
7703,2024-01-01T21:23:40,0.321695,0.311983,0.0064,26.57,55.6,CO,892.12,unsafe
7704,2024-01-01T21:23:50,0.268899,0.203978,0.08488,28.75,30.51,CO,343.47,unsafe
7705,2024-01-01T21:24:00,1.687963,1.32551,0.879606,15.84,57.88,CleanAir,0.0,safe
7706,2024-01-01T21:24:10,1.662313,1.320188,0.894306,23.49,82.21,CleanAir,0.0,safe
7707,2024-01-01T21:24:20,0.67198,0.378616,0.144073,25.65,89.83,LPG,3084.53,unsafe
7708,2024-01-01T21:24:30,0.528071,0.019273,0.119187,35.31,78.94,LPG,1408.89,unsafe
7709,2024-01-01T21:24:40,1.669959,1.308124,0.882502,13.17,60.68,CleanAir,0.0,safe
7710,2024-01-01T21:24:50,1.685266,1.315989,0.895127,30.72,82.48,CleanAir,0.0,safe
7711,2024-01-01T21:25:00,0.771149,0.054829,0.025746,30.98,70.1,LPG,4233.2,unsafe
7712,2024-01-01T21:25:10,1.640732,1.305228,0.863453,16.64,82.19,CleanAir,0.0,safe
7713,2024-01-01T21:25:20,0.914266,0.345254,0.201219,29.02,76.93,Propane,3917.57,unsafe
7714,2024-01-01T21:25:30,0.630842,0.080754,0.144569,18.57,52.27,Methane,5653.27,unsafe
7715,2024-01-01T21:25:40,1.674388,1.336462,0.904901,11.86,44.74,CleanAir,0.0,safe
7716,2024-01-01T21:25:50,0.322023,0.068212,0.233025,35.55,53.8,Propane,4878.74,unsafe
7717,2024-01-01T21:26:00,0.071499,0.051656,0.14841,16.95,40.76,LPG,2844.32,unsafe
7718,2024-01-01T21:26:10,1.672877,1.32008,0.89042,34.45,88.24,CleanAir,0.0,safe
7719,2024-01-01T21:26:20,1.72198,1.395325,0.95969,38.64,30.15,CleanAir,0.0,safe
7720,2024-01-01T21:26:30,1.64954,1.304242,0.883098,19.45,75.63,CleanAir,0.0,safe
7721,2024-01-01T21:26:40,1.718424,1.360696,0.916749,18.46,33.12,CleanAir,0.0,safe
7722,2024-01-01T21:26:50,1.705231,1.349708,0.920235,16.59,33.7,CleanAir,0.0,safe
7723,2024-01-01T21:27:00,0.085148,0.305114,0.178712,15.58,59.18,Propane,2664.31,unsafe
7724,2024-01-01T21:27:10,0.697418,0.316342,0.260762,37.78,57.82,Hydrogen,4114.13,safe
7725,2024-01-01T21:27:20,0.353315,0.161433,0.088733,27.61,33.7,Smoke,198.37,unsafe
7726,2024-01-01T21:27:30,1.711076,1.329808,0.912552,26.59,59.27,CleanAir,0.0,safe
7727,2024-01-01T21:27:40,1.713308,1.361268,0.938775,25.43,41.78,CleanAir,0.0,safe
7728,2024-01-01T21:27:50,0.031901,0.221579,0.145013,27.33,74.19,Smoke,610.61,unsafe
7729,2024-01-01T21:28:00,1.709982,1.348395,0.913664,32.22,62.95,CleanAir,0.0,safe
7730,2024-01-01T21:28:10,0.110035,0.398773,0.158884,15.27,54.65,LPG,3900.03,unsafe
7731,2024-01-01T21:28:20,0.065121,0.215861,0.201961,18.69,54.25,Alcohol,1929.49,unsafe
7732,2024-01-01T21:28:30,0.799994,0.116231,0.185332,29.55,73.08,Methane,14653.73,unsafe
7733,2024-01-01T21:28:40,0.521389,0.2405,0.022637,22.57,82.55,Hydrogen,1939.4,safe
7734,2024-01-01T21:28:50,1.698014,1.311703,0.932139,31.7,69.5,CleanAir,0.0,safe
7735,2024-01-01T21:29:00,0.015842,0.013106,0.093333,21.85,50.81,CO,541.93,unsafe
7736,2024-01-01T21:29:10,0.155107,0.849413,0.190833,11.63,30.53,Methane,16807.62,unsafe
7737,2024-01-01T21:29:20,0.433363,0.201415,0.147683,10.94,70.3,Hydrogen,1114.46,safe
7738,2024-01-01T21:29:30,1.688566,1.32852,0.929156,16.24,39.46,CleanAir,0.0,safe
7739,2024-01-01T21:29:40,1.690784,1.353778,0.939585,35.03,49.9,CleanAir,0.0,safe
7740,2024-01-01T21:29:50,0.336236,0.149624,0.08718,14.94,77.25,Propane,312.54,safe
7741,2024-01-01T21:30:00,0.016159,0.006428,0.106497,17.83,75.48,Alcohol,490.3,safe
7742,2024-01-01T21:30:10,0.041819,0.012874,0.136071,31.13,60.27,Propane,984.89,safe
7743,2024-01-01T21:30:20,0.67205,0.306144,0.259009,39.63,46.17,Hydrogen,3376.05,safe
7744,2024-01-01T21:30:30,1.706668,1.318686,0.918835,37.76,84.16,CleanAir,0.0,safe
7745,2024-01-01T21:30:40,0.687568,0.252659,0.190639,18.44,67.85,Smoke,1075.64,unsafe
7746,2024-01-01T21:30:50,1.664902,1.299998,0.893985,17.07,72.5,CleanAir,0.0,safe
7747,2024-01-01T21:31:00,0.390918,0.169471,0.003181,13.72,87.93,Smoke,327.24,unsafe
7748,2024-01-01T21:31:10,0.247295,0.134786,0.086688,19.92,55.46,Alcohol,262.82,safe
7749,2024-01-01T21:31:20,0.42924,0.180256,0.119421,20.04,78.79,Smoke,397.22,unsafe
7750,2024-01-01T21:31:30,1.710763,1.356651,0.940798,37.85,57.66,CleanAir,0.0,safe
7751,2024-01-01T21:31:40,1.69785,1.367687,0.927318,17.74,36.05,CleanAir,0.0,safe
7752,2024-01-01T21:31:50,1.654446,1.320923,0.918154,12.71,48.39,CleanAir,0.0,safe
7753,2024-01-01T21:32:00,0.372481,0.195877,0.16926,11.54,35.94,Alcohol,1206.12,unsafe
7754,2024-01-01T21:32:10,0.330773,0.365755,0.006413,15.41,72.58,CO,1559.17,unsafe
7755,2024-01-01T21:32:20,0.337384,0.73973,0.023135,21.08,82.68,Methane,12789.94,unsafe
7756,2024-01-01T21:32:30,1.650439,1.272039,0.883744,14.52,75.61,CleanAir,0.0,safe
7757,2024-01-01T21:32:40,0.054927,0.02262,0.134804,38.29,48.92,LPG,1573.41,unsafe
7758,2024-01-01T21:32:50,0.326157,0.009612,0.136406,20.3,36.01,Alcohol,685.73,safe
7759,2024-01-01T21:33:00,1.741099,1.386122,0.982238,39.53,38.01,CleanAir,0.0,safe
7760,2024-01-01T21:33:10,1.709999,1.337865,0.94173,12.89,33.49,CleanAir,0.0,safe
7761,2024-01-01T21:33:20,0.613093,0.275388,0.229848,17.48,60.08,Hydrogen,3135.47,safe
7762,2024-01-01T21:33:30,0.10261,0.402781,0.160316,33.02,78.66,LPG,3702.41,unsafe
7763,2024-01-01T21:33:40,0.436412,0.012811,0.009826,35.4,56.42,Hydrogen,929.66,safe
7764,2024-01-01T21:33:50,1.695177,1.333723,0.937283,35.5,67.29,CleanAir,0.0,safe
7765,2024-01-01T21:34:00,1.72421,1.3836,0.997886,37.03,35.46,CleanAir,0.0,safe
7766,2024-01-01T21:34:10,0.250911,0.200424,0.085198,30.02,69.56,CO,365.24,unsafe
7767,2024-01-01T21:34:20,1.74166,1.339911,0.973897,22.78,36.07,CleanAir,0.0,safe
7768,2024-01-01T21:34:30,1.660266,1.303406,0.885643,12.96,71.28,CleanAir,0.0,safe
7769,2024-01-01T21:34:40,1.670018,1.324489,0.955959,28.06,52.74,CleanAir,0.0,safe
7770,2024-01-01T21:34:50,0.301569,0.292539,0.106332,21.41,60.49,CO,884.59,unsafe
7771,2024-01-01T21:35:00,0.83492,0.870868,0.028625,39.75,69.8,Methane,16721.15,unsafe
7772,2024-01-01T21:35:10,1.654614,1.299552,0.897895,16.35,68.14,CleanAir,0.0,safe
7773,2024-01-01T21:35:20,0.754935,0.419168,0.170269,13.33,41.59,LPG,4156.47,unsafe
7774,2024-01-01T21:35:30,1.703634,1.380673,0.953397,33.56,44.08,CleanAir,0.0,safe
7775,2024-01-01T21:35:40,0.776661,0.441483,0.174513,39.82,39.29,LPG,3851.59,unsafe
7776,2024-01-01T21:35:50,1.654939,1.345923,0.949682,27.62,58.57,CleanAir,0.0,safe
7777,2024-01-01T21:36:00,1.697843,1.337671,0.938295,18.05,39.29,CleanAir,0.0,safe
7778,2024-01-01T21:36:10,1.699047,1.344625,0.933642,27.11,44.25,CleanAir,0.0,safe
7779,2024-01-01T21:36:20,0.275265,0.154037,0.077831,38.37,40.0,LPG,213.32,safe
7780,2024-01-01T21:36:30,0.774182,0.426601,0.170265,39.24,60.88,LPG,4037.58,unsafe
7781,2024-01-01T21:36:40,0.680408,0.374742,0.152523,32.57,49.61,LPG,2633.32,unsafe
7782,2024-01-01T21:36:50,0.238621,0.183998,0.078982,12.55,71.59,CO,351.81,unsafe
7783,2024-01-01T21:37:00,1.714734,1.358862,0.957767,27.63,34.72,CleanAir,0.0,safe
7784,2024-01-01T21:37:10,1.723047,1.298228,0.905294,15.77,53.95,CleanAir,0.0,safe
7785,2024-01-01T21:37:20,0.611781,0.333494,0.135253,12.82,46.4,LPG,2142.52,unsafe
7786,2024-01-01T21:37:30,0.591794,0.230946,0.168137,22.59,78.86,Smoke,810.59,unsafe
7787,2024-01-01T21:37:40,0.261985,0.201905,0.084535,37.27,60.77,CO,347.73,unsafe
7788,2024-01-01T21:37:50,0.85327,0.864802,0.20053,39.45,40.28,Methane,14836.71,unsafe
7789,2024-01-01T21:38:00,1.675857,1.342414,0.917434,37.62,77.93,CleanAir,0.0,safe
7790,2024-01-01T21:38:10,0.324437,0.198349,0.19374,35.92,67.91,Methane,15484.98,unsafe
7791,2024-01-01T21:38:20,0.572565,0.302234,0.126252,12.29,82.33,LPG,2054.12,unsafe
7792,2024-01-01T21:38:30,0.054014,0.268415,0.219328,16.61,47.8,Hydrogen,2677.9,safe
7793,2024-01-01T21:38:40,0.742892,0.393272,0.159481,17.09,85.95,LPG,4394.88,unsafe
7794,2024-01-01T21:38:50,0.032445,0.03883,0.129391,35.26,47.59,CO,1396.0,unsafe
7795,2024-01-01T21:39:00,0.15744,0.757946,0.181419,33.02,30.22,Methane,9442.32,unsafe
7796,2024-01-01T21:39:10,0.594582,0.029124,0.13578,25.11,69.05,LPG,2086.81,unsafe
7797,2024-01-01T21:39:20,1.671199,1.333719,0.910598,37.29,89.74,CleanAir,0.0,safe
7798,2024-01-01T21:39:30,1.699334,1.383834,0.951683,34.35,38.99,CleanAir,0.0,safe
7799,2024-01-01T21:39:40,0.587727,0.549272,0.139657,12.41,65.85,Methane,5079.64,unsafe
7800,2024-01-01T21:39:50,0.347856,0.376422,0.12297,18.16,67.81,CO,1668.62,unsafe
7801,2024-01-01T21:40:00,1.700828,1.357868,0.924727,27.65,42.79,CleanAir,0.0,safe
7802,2024-01-01T21:40:10,0.055326,0.402139,0.132029,35.12,81.65,CO,1916.71,unsafe
7803,2024-01-01T21:40:20,1.667239,1.315742,0.897093,22.21,62.99,CleanAir,0.0,safe
7804,2024-01-01T21:40:30,1.682188,1.338976,0.925283,22.05,43.33,CleanAir,0.0,safe
7805,2024-01-01T21:40:40,0.357781,0.378803,0.12594,19.68,51.44,CO,1538.52,unsafe
7806,2024-01-01T21:40:50,1.669931,1.295643,0.904831,15.67,61.96,CleanAir,0.0,safe
7807,2024-01-01T21:41:00,1.669785,1.312615,0.899473,34.67,77.2,CleanAir,0.0,safe
7808,2024-01-01T21:41:10,1.646214,1.290357,0.868407,10.96,68.61,CleanAir,0.0,safe
7809,2024-01-01T21:41:20,0.194011,0.710947,0.164298,11.9,80.32,Methane,11895.86,unsafe
7810,2024-01-01T21:41:30,0.392559,0.189427,0.009779,31.64,52.48,Hydrogen,688.02,safe
7811,2024-01-01T21:41:40,0.527118,0.20726,0.006479,26.06,86.64,Smoke,599.17,unsafe
7812,2024-01-01T21:41:50,1.666097,1.303514,0.899465,23.66,86.22,CleanAir,0.0,safe
7813,2024-01-01T21:42:00,1.65444,1.302698,0.902743,27.87,80.34,CleanAir,0.0,safe
7814,2024-01-01T21:42:10,1.656482,1.2853,0.909739,13.18,61.61,CleanAir,0.0,safe
7815,2024-01-01T21:42:20,0.81084,0.061689,0.026152,32.86,70.94,LPG,4905.85,unsafe
7816,2024-01-01T21:42:30,1.694349,1.358114,0.934017,20.47,34.92,CleanAir,0.0,safe
7817,2024-01-01T21:42:40,0.375255,0.038909,0.009589,26.82,39.2,CO,1712.45,unsafe
7818,2024-01-01T21:42:50,1.708129,1.37112,0.955881,23.2,31.16,CleanAir,0.0,safe
7819,2024-01-01T21:43:00,0.412883,0.212456,0.019289,26.82,68.43,Alcohol,1848.54,unsafe
7820,2024-01-01T21:43:10,0.063511,0.284049,0.17455,33.63,67.07,Propane,1953.31,unsafe
7821,2024-01-01T21:43:20,0.246967,0.192347,0.08008,17.31,57.79,CO,355.28,unsafe
7822,2024-01-01T21:43:30,1.633046,1.263301,0.87678,17.16,86.9,CleanAir,0.0,safe
7823,2024-01-01T21:43:40,0.399662,0.201694,0.01631,30.78,81.82,Alcohol,1705.19,unsafe
7824,2024-01-01T21:43:50,0.78846,0.43179,0.172641,28.64,65.44,LPG,4525.01,unsafe
7825,2024-01-01T21:44:00,0.233834,0.423823,0.165628,27.6,81.68,LPG,4879.8,unsafe
7826,2024-01-01T21:44:10,1.653564,1.268027,0.871235,12.42,77.64,CleanAir,0.0,safe
7827,2024-01-01T21:44:20,0.346212,0.350947,0.006425,29.62,70.12,CO,1342.1,unsafe
7828,2024-01-01T21:44:30,0.116007,0.313592,0.266333,21.94,44.51,Hydrogen,4249.94,safe
7829,2024-01-01T21:44:40,1.733527,1.375901,0.963369,39.73,45.52,CleanAir,0.0,safe
7830,2024-01-01T21:44:50,0.296041,0.006503,0.112826,37.15,64.72,Alcohol,446.21,safe
7831,2024-01-01T21:45:00,0.138255,0.363492,0.015799,36.26,57.22,LPG,2585.3,unsafe
7832,2024-01-01T21:45:10,0.02874,0.321723,0.009577,19.93,54.88,CO,1102.84,unsafe
7833,2024-01-01T21:45:20,1.719906,1.339586,0.921438,25.01,54.64,CleanAir,0.0,safe
7834,2024-01-01T21:45:30,0.375074,0.401128,0.133073,25.15,51.65,CO,1766.99,unsafe
7835,2024-01-01T21:45:40,1.665972,1.26772,0.900918,17.99,87.24,CleanAir,0.0,safe
7836,2024-01-01T21:45:50,0.451675,0.185163,0.122767,16.48,31.22,Smoke,365.14,unsafe
7837,2024-01-01T21:46:00,0.44179,0.009578,0.121101,27.77,85.93,Smoke,399.47,unsafe
7838,2024-01-01T21:46:10,1.69366,1.353997,0.940214,18.39,31.87,CleanAir,0.0,safe
7839,2024-01-01T21:46:20,0.415987,0.179946,0.006382,38.73,69.39,Smoke,309.28,unsafe
7840,2024-01-01T21:46:30,1.678666,1.317815,0.902081,10.84,58.3,CleanAir,0.0,safe
7841,2024-01-01T21:46:40,0.629561,0.08735,0.016168,24.06,41.68,Methane,5241.31,unsafe
7842,2024-01-01T21:46:50,0.673739,0.016172,0.009648,22.79,55.72,Smoke,987.54,unsafe
7843,2024-01-01T21:47:00,0.006497,0.003255,0.064503,35.98,55.71,CO,131.04,unsafe
7844,2024-01-01T21:47:10,0.016194,0.009783,0.115984,12.06,58.98,Alcohol,559.34,safe
7845,2024-01-01T21:47:20,0.371811,0.029557,0.131148,28.12,44.11,CO,1542.82,unsafe
7846,2024-01-01T21:47:30,1.680596,1.319657,0.932158,14.5,47.95,CleanAir,0.0,safe
7847,2024-01-01T21:47:40,0.720754,0.392925,0.161118,35.19,57.58,LPG,3151.3,unsafe
7848,2024-01-01T21:47:50,0.249751,0.00652,0.087159,18.9,64.58,Alcohol,279.71,safe
7849,2024-01-01T21:48:00,1.681323,1.287813,0.917848,17.12,60.54,CleanAir,0.0,safe
7850,2024-01-01T21:48:10,1.696464,1.302001,0.904354,11.39,66.34,CleanAir,0.0,safe
7851,2024-01-01T21:48:20,0.426103,0.228276,0.107646,27.79,43.82,LPG,697.91,safe
7852,2024-01-01T21:48:30,1.660481,1.297481,0.90699,23.99,78.98,CleanAir,0.0,safe
7853,2024-01-01T21:48:40,0.735898,0.705466,0.032122,36.99,81.63,Methane,9939.46,unsafe
7854,2024-01-01T21:48:50,0.570755,0.228658,0.157851,28.41,40.64,Smoke,596.25,unsafe
7855,2024-01-01T21:49:00,0.353572,0.186767,0.15054,39.89,58.16,Alcohol,806.32,safe
7856,2024-01-01T21:49:10,1.690713,1.326492,0.937218,27.6,60.01,CleanAir,0.0,safe
7857,2024-01-01T21:49:20,0.025884,0.335126,0.009528,35.06,48.34,CO,1013.65,unsafe
7858,2024-01-01T21:49:30,0.95286,0.03581,0.222347,16.81,57.94,Propane,4260.07,unsafe
7859,2024-01-01T21:49:40,0.843493,0.862494,0.197819,25.75,54.43,Methane,17106.56,unsafe
7860,2024-01-01T21:49:50,1.694608,1.324115,0.926555,26.7,44.92,CleanAir,0.0,safe
7861,2024-01-01T21:50:00,1.627283,1.285753,0.8934,14.8,74.93,CleanAir,0.0,safe
7862,2024-01-01T21:50:10,1.745846,1.363326,0.961133,34.83,39.68,CleanAir,0.0,safe
7863,2024-01-01T21:50:20,0.111178,0.264947,0.028301,24.72,58.33,Hydrogen,2558.22,safe
7864,2024-01-01T21:50:30,0.957561,0.362358,0.228014,15.33,45.86,Propane,4342.98,unsafe
7865,2024-01-01T21:50:40,0.761282,0.397048,0.165355,21.48,64.06,LPG,3962.34,unsafe
7866,2024-01-01T21:50:50,1.687056,1.319288,0.911056,30.1,72.2,CleanAir,0.0,safe
7867,2024-01-01T21:51:00,0.696094,0.358959,0.150598,22.29,67.74,LPG,3049.45,unsafe
7868,2024-01-01T21:51:10,0.350716,0.012867,0.149661,38.24,40.79,Alcohol,715.03,safe
7869,2024-01-01T21:51:20,0.653825,0.351778,0.019351,11.23,67.44,LPG,2906.62,unsafe
7870,2024-01-01T21:51:30,0.780971,0.068502,0.170844,12.87,59.61,LPG,4765.79,unsafe
7871,2024-01-01T21:51:40,1.731452,1.355151,0.957641,22.49,30.43,CleanAir,0.0,safe
7872,2024-01-01T21:51:50,1.696871,1.349088,0.964283,38.1,64.3,CleanAir,0.0,safe
7873,2024-01-01T21:52:00,1.704994,1.331137,0.944606,15.71,37.43,CleanAir,0.0,safe
7874,2024-01-01T21:52:10,0.594432,0.266569,0.222394,18.48,53.35,Hydrogen,2687.32,safe
7875,2024-01-01T21:52:20,0.032109,0.0321,0.137968,34.56,47.3,CO,1923.46,unsafe
7876,2024-01-01T21:52:30,1.713976,1.343593,0.954871,25.02,38.07,CleanAir,0.0,safe
7877,2024-01-01T21:52:40,1.702675,1.313088,0.930565,24.47,57.39,CleanAir,0.0,safe
7878,2024-01-01T21:52:50,1.666728,1.257965,0.887506,11.21,87.18,CleanAir,0.0,safe
7879,2024-01-01T21:53:00,1.710637,1.338136,0.967436,35.86,52.01,CleanAir,0.0,safe
7880,2024-01-01T21:53:10,1.743618,1.343714,0.955811,22.5,34.1,CleanAir,0.0,safe
7881,2024-01-01T21:53:20,1.700004,1.319733,0.925324,38.57,78.11,CleanAir,0.0,safe
7882,2024-01-01T21:53:30,0.455365,0.242203,0.111433,26.81,63.8,LPG,923.78,safe
7883,2024-01-01T21:53:40,0.60715,0.036224,0.235377,29.4,66.56,Hydrogen,2950.89,safe
7884,2024-01-01T21:53:50,0.323127,0.006462,0.090694,28.88,74.13,Smoke,199.1,unsafe
7885,2024-01-01T21:54:00,0.719984,0.691671,0.164241,11.28,61.7,Methane,10155.63,unsafe
7886,2024-01-01T21:54:10,1.675381,1.271679,0.908454,20.07,78.65,CleanAir,0.0,safe
7887,2024-01-01T21:54:20,0.273123,0.006522,0.074584,35.82,69.51,LPG,230.4,safe
7888,2024-01-01T21:54:30,1.717867,1.347308,0.9664,38.06,57.59,CleanAir,0.0,safe
7889,2024-01-01T21:54:40,1.627611,1.279795,0.871084,13.21,73.99,CleanAir,0.0,safe
7890,2024-01-01T21:54:50,0.763664,0.741628,0.181034,30.18,64.17,Methane,11375.4,unsafe
7891,2024-01-01T21:55:00,1.675166,1.329737,0.943186,37.04,70.11,CleanAir,0.0,safe
7892,2024-01-01T21:55:10,0.374352,0.035638,0.137337,36.76,64.56,CO,1883.54,unsafe
7893,2024-01-01T21:55:20,0.716285,0.278272,0.171771,26.73,52.11,Propane,1789.27,unsafe
7894,2024-01-01T21:55:30,0.504377,0.236535,0.191833,10.38,37.57,Hydrogen,1699.33,safe
7895,2024-01-01T21:55:40,0.763925,0.744253,0.186066,29.69,31.51,Methane,10014.79,unsafe
7896,2024-01-01T21:55:50,0.283134,0.857288,0.201467,38.36,74.22,Methane,19043.05,unsafe
7897,2024-01-01T21:56:00,0.77364,0.761424,0.022414,36.47,79.08,Methane,12930.1,unsafe
7898,2024-01-01T21:56:10,0.360434,0.400673,0.012921,21.92,75.69,CO,1991.66,unsafe
7899,2024-01-01T21:56:20,0.365474,0.029287,0.132927,30.13,59.51,CO,1832.16,unsafe
7900,2024-01-01T21:56:30,0.75379,0.406112,0.012654,38.41,42.72,LPG,3460.18,unsafe
7901,2024-01-01T21:56:40,1.691047,1.32872,0.932354,30.41,56.37,CleanAir,0.0,safe
7902,2024-01-01T21:56:50,1.700361,1.328123,0.942568,17.73,40.27,CleanAir,0.0,safe
7903,2024-01-01T21:57:00,1.651942,1.307313,0.931577,31.5,72.21,CleanAir,0.0,safe
7904,2024-01-01T21:57:10,0.930724,0.334377,0.01905,27.78,87.71,Propane,4253.88,unsafe
7905,2024-01-01T21:57:20,0.060898,0.207983,0.163539,15.47,77.55,Hydrogen,1415.91,safe
7906,2024-01-01T21:57:30,1.690312,1.349924,0.954162,26.33,36.92,CleanAir,0.0,safe
7907,2024-01-01T21:57:40,0.234932,0.003236,0.00321,23.58,50.51,Smoke,95.41,unsafe
7908,2024-01-01T21:57:50,1.721554,1.30654,0.919705,20.34,55.22,CleanAir,0.0,safe
7909,2024-01-01T21:58:00,0.598042,0.317641,0.135938,31.76,67.42,LPG,1985.2,unsafe
7910,2024-01-01T21:58:10,0.393314,0.173272,0.003267,39.71,68.48,Smoke,283.9,unsafe
7911,2024-01-01T21:58:20,0.186656,0.425368,0.176244,15.58,45.8,LPG,4750.2,unsafe
7912,2024-01-01T21:58:30,0.028567,0.183471,0.137821,35.87,81.42,Hydrogen,758.04,safe
7913,2024-01-01T21:58:40,1.718719,1.343177,0.945668,38.23,66.11,CleanAir,0.0,safe
7914,2024-01-01T21:58:50,1.678883,1.311792,0.942269,24.91,50.98,CleanAir,0.0,safe
7915,2024-01-01T21:59:00,0.717647,0.383196,0.012913,28.85,57.42,LPG,3254.06,unsafe
7916,2024-01-01T21:59:10,0.644515,0.242632,0.178762,28.22,59.38,Smoke,860.58,unsafe
7917,2024-01-01T21:59:20,0.79223,0.256634,0.177494,11.31,59.07,Methane,14275.76,unsafe
7918,2024-01-01T21:59:30,0.233521,0.117041,0.061207,38.42,52.47,Smoke,87.57,unsafe
7919,2024-01-01T21:59:40,0.615326,0.237052,0.146667,20.0,69.57,Propane,1354.67,unsafe
7920,2024-01-01T21:59:50,0.619922,0.228168,0.174128,17.34,86.94,Smoke,957.84,unsafe
7921,2024-01-01T22:00:00,1.699647,1.273467,0.900183,12.92,63.08,CleanAir,0.0,safe
7922,2024-01-01T22:00:10,0.397661,0.886263,0.054325,26.22,40.44,Methane,19804.57,unsafe
7923,2024-01-01T22:00:20,0.377469,0.161769,0.10196,10.2,62.32,Smoke,301.68,unsafe
7924,2024-01-01T22:00:30,0.01619,0.016205,0.006504,24.98,75.99,CO,767.04,unsafe
7925,2024-01-01T22:00:40,0.04173,0.232686,0.174599,39.52,89.56,Smoke,824.77,unsafe
7926,2024-01-01T22:00:50,0.645566,0.241133,0.009684,22.93,30.83,Smoke,786.21,unsafe
7927,2024-01-01T22:01:00,1.720106,1.326096,0.949208,22.43,37.89,CleanAir,0.0,safe
7928,2024-01-01T22:01:10,0.681821,0.364301,0.009505,11.2,71.27,LPG,3400.84,unsafe
7929,2024-01-01T22:01:20,0.01626,0.164223,0.105599,10.58,34.69,Smoke,275.13,unsafe
7930,2024-01-01T22:01:30,0.053943,0.262044,0.012827,25.85,31.75,Smoke,998.28,unsafe
7931,2024-01-01T22:01:40,0.636163,0.281272,0.24896,39.76,63.0,Hydrogen,3064.35,safe
7932,2024-01-01T22:01:50,0.012994,0.143794,0.111563,22.57,88.95,Alcohol,497.85,safe
7933,2024-01-01T22:02:00,0.704569,0.310287,0.274787,38.39,46.78,Hydrogen,4025.78,safe
7934,2024-01-01T22:02:10,1.669707,1.303443,0.934076,38.77,88.05,CleanAir,0.0,safe
7935,2024-01-01T22:02:20,0.357215,0.380253,0.009718,29.37,81.93,CO,1856.05,unsafe
7936,2024-01-01T22:02:30,1.649684,1.24738,0.881833,11.29,88.44,CleanAir,0.0,safe
7937,2024-01-01T22:02:40,1.688841,1.31053,0.92929,38.37,84.28,CleanAir,0.0,safe
7938,2024-01-01T22:02:50,0.754037,0.057984,0.172845,38.1,30.95,LPG,3143.3,unsafe
7939,2024-01-01T22:03:00,1.691623,1.308843,0.943346,12.77,37.69,CleanAir,0.0,safe
7940,2024-01-01T22:03:10,1.667483,1.248813,0.914666,10.14,60.46,CleanAir,0.0,safe
7941,2024-01-01T22:03:20,1.768864,1.386573,0.978398,34.24,31.81,CleanAir,0.0,safe
7942,2024-01-01T22:03:30,1.668917,1.266867,0.914661,13.37,67.14,CleanAir,0.0,safe
7943,2024-01-01T22:03:40,1.705904,1.330702,0.939432,34.87,63.82,CleanAir,0.0,safe
7944,2024-01-01T22:03:50,1.724492,1.349923,0.961563,33.02,37.86,CleanAir,0.0,safe
7945,2024-01-01T22:04:00,1.683993,1.28718,0.926479,24.22,75.35,CleanAir,0.0,safe
7946,2024-01-01T22:04:10,0.03283,0.206449,0.096193,38.46,79.25,LPG,592.85,safe
7947,2024-01-01T22:04:20,0.397807,0.016366,0.022739,17.19,78.43,Alcohol,1872.43,unsafe
7948,2024-01-01T22:04:30,0.128941,0.762107,0.022194,27.86,49.49,Methane,12154.82,unsafe
7949,2024-01-01T22:04:40,0.019101,0.167903,0.139481,18.2,59.78,Alcohol,795.66,safe
7950,2024-01-01T22:04:50,1.744797,1.341346,0.959904,27.5,38.6,CleanAir,0.0,safe
7951,2024-01-01T22:05:00,1.674397,1.269957,0.892119,18.21,86.64,CleanAir,0.0,safe
7952,2024-01-01T22:05:10,1.705141,1.345388,0.970196,33.54,56.28,CleanAir,0.0,safe
7953,2024-01-01T22:05:20,1.684313,1.33619,0.945085,14.28,30.56,CleanAir,0.0,safe
7954,2024-01-01T22:05:30,1.72445,1.323742,0.939434,13.23,41.71,CleanAir,0.0,safe
7955,2024-01-01T22:05:40,1.684564,1.273345,0.911022,10.7,53.57,CleanAir,0.0,safe
7956,2024-01-01T22:05:50,1.695063,1.310881,0.922395,31.58,72.18,CleanAir,0.0,safe
7957,2024-01-01T22:06:00,0.423315,0.178687,0.006406,38.1,64.19,Smoke,316.9,unsafe
7958,2024-01-01T22:06:10,0.986041,0.338083,0.033143,31.37,83.21,Smoke,2796.07,unsafe
7959,2024-01-01T22:06:20,1.681981,1.30963,0.910973,26.68,80.3,CleanAir,0.0,safe
7960,2024-01-01T22:06:30,0.53477,0.20697,0.006456,27.66,57.85,Smoke,547.69,unsafe
7961,2024-01-01T22:06:40,0.645232,0.233468,0.176971,22.71,78.33,Smoke,903.11,unsafe
7962,2024-01-01T22:06:50,1.711492,1.342659,0.945887,26.61,53.39,CleanAir,0.0,safe
7963,2024-01-01T22:07:00,0.100031,0.086892,0.029106,26.58,52.56,Methane,5294.14,unsafe
7964,2024-01-01T22:07:10,0.03886,0.204098,0.013012,24.53,69.93,Alcohol,1672.07,unsafe
7965,2024-01-01T22:07:20,0.283492,0.006478,0.103354,29.43,72.36,Alcohol,399.05,safe
7966,2024-01-01T22:07:30,0.006319,0.105965,0.054348,19.75,82.0,Smoke,83.99,unsafe
7967,2024-01-01T22:07:40,1.721008,1.372495,0.949443,37.3,45.7,CleanAir,0.0,safe
7968,2024-01-01T22:07:50,0.078189,0.087588,0.152874,23.26,48.83,Methane,5279.93,unsafe
7969,2024-01-01T22:08:00,0.114021,0.045522,0.306289,34.51,49.13,Smoke,2510.0,unsafe
7970,2024-01-01T22:08:10,0.224586,0.148346,0.003279,11.02,75.58,CO,221.22,unsafe
7971,2024-01-01T22:08:20,0.807741,0.309768,0.18765,18.76,34.76,Propane,2428.23,unsafe
7972,2024-01-01T22:08:30,0.536938,0.247166,0.197161,36.91,75.46,Hydrogen,1959.58,safe
7973,2024-01-01T22:08:40,0.026018,0.209462,0.009733,31.6,43.35,Hydrogen,894.48,safe
7974,2024-01-01T22:08:50,0.687781,0.035027,0.150516,26.01,80.52,LPG,3008.35,unsafe
7975,2024-01-01T22:09:00,0.171696,0.067548,0.172748,35.82,44.37,LPG,3944.32,unsafe
7976,2024-01-01T22:09:10,0.590612,0.264946,0.02301,12.51,40.05,Hydrogen,2524.11,safe
7977,2024-01-01T22:09:20,1.716491,1.327037,0.931552,16.57,41.08,CleanAir,0.0,safe
7978,2024-01-01T22:09:30,1.70739,1.314658,0.921161,16.41,59.89,CleanAir,0.0,safe
7979,2024-01-01T22:09:40,0.358181,0.387937,0.009829,10.19,52.74,CO,1734.85,unsafe
7980,2024-01-01T22:09:50,0.643645,0.23786,0.176561,36.22,89.84,Smoke,871.18,unsafe
7981,2024-01-01T22:10:00,1.688888,1.327683,0.911566,13.18,50.38,CleanAir,0.0,safe
7982,2024-01-01T22:10:10,0.280655,0.236196,0.067174,21.7,40.27,Methane,17328.37,unsafe
7983,2024-01-01T22:10:20,1.763622,1.357854,0.955725,26.12,31.88,CleanAir,0.0,safe
7984,2024-01-01T22:10:30,0.684911,0.624977,0.155664,16.02,56.16,Methane,6812.72,unsafe
7985,2024-01-01T22:10:40,1.677146,1.306676,0.902094,15.49,69.08,CleanAir,0.0,safe
7986,2024-01-01T22:10:50,1.690184,1.307912,0.932615,37.58,72.78,CleanAir,0.0,safe
7987,2024-01-01T22:11:00,0.36463,0.185795,0.01293,15.41,76.64,Alcohol,1238.32,unsafe
7988,2024-01-01T22:11:10,0.088825,0.290889,0.019272,39.67,45.56,Hydrogen,2836.2,safe
7989,2024-01-01T22:11:20,1.677499,1.288181,0.912438,29.54,83.07,CleanAir,0.0,safe
7990,2024-01-01T22:11:30,1.707788,1.307005,0.905854,11.92,64.8,CleanAir,0.0,safe
7991,2024-01-01T22:11:40,0.035566,0.200946,0.179305,19.54,38.84,Alcohol,1396.16,unsafe
7992,2024-01-01T22:11:50,1.659902,1.3092,0.887564,28.75,89.13,CleanAir,0.0,safe
7993,2024-01-01T22:12:00,1.678114,1.276021,0.875413,10.75,70.89,CleanAir,0.0,safe
7994,2024-01-01T22:12:10,0.041527,0.225041,0.00978,13.62,44.08,Propane,924.97,safe
7995,2024-01-01T22:12:20,1.735956,1.343845,0.92489,35.03,62.59,CleanAir,0.0,safe
7996,2024-01-01T22:12:30,0.022225,0.325521,0.110681,22.28,84.38,CO,1211.21,unsafe
7997,2024-01-01T22:12:40,0.109323,0.306,0.022354,13.66,55.52,Propane,2811.6,unsafe
7998,2024-01-01T22:12:50,1.757399,1.378661,0.959223,39.76,51.48,CleanAir,0.0,safe
7999,2024-01-01T22:13:00,1.708995,1.307918,0.909674,31.8,74.98,CleanAir,0.0,safe
8000,2024-01-01T22:13:10,1.685062,1.283618,0.896212,29.01,78.72,CleanAir,0.0,safe
8001,2024-01-01T22:13:20,0.143207,0.025415,0.252157,13.33,54.07,Hydrogen,4255.17,safe
8002,2024-01-01T22:13:30,0.529632,0.213102,0.129939,23.59,45.38,Propane,749.43,safe
8003,2024-01-01T22:13:40,0.664007,0.253309,0.152366,16.82,55.63,Propane,1434.13,unsafe
8004,2024-01-01T22:13:50,1.725197,1.355289,0.943058,15.84,31.45,CleanAir,0.0,safe
8005,2024-01-01T22:14:00,1.748376,1.37753,0.990029,38.14,31.71,CleanAir,0.0,safe
8006,2024-01-01T22:14:10,1.699393,1.291968,0.881717,20.26,89.65,CleanAir,0.0,safe
8007,2024-01-01T22:14:20,0.052027,0.239556,0.181826,29.35,82.64,Smoke,943.68,unsafe
8008,2024-01-01T22:14:30,0.734001,0.689614,0.165437,23.24,79.13,Methane,10036.51,unsafe
8009,2024-01-01T22:14:40,1.729497,1.33791,0.965679,30.67,44.44,CleanAir,0.0,safe
8010,2024-01-01T22:14:50,0.817309,0.441816,0.178329,39.9,60.86,LPG,4544.65,unsafe
8011,2024-01-01T22:15:00,1.773537,1.332527,0.916223,19.61,40.54,CleanAir,0.0,safe
8012,2024-01-01T22:15:10,0.848488,0.811169,0.045001,36.55,45.56,Methane,13904.2,unsafe
8013,2024-01-01T22:15:20,1.635388,1.308893,0.927703,30.81,81.01,CleanAir,0.0,safe
8014,2024-01-01T22:15:30,1.720983,1.317068,0.931667,36.23,68.75,CleanAir,0.0,safe
8015,2024-01-01T22:15:40,0.234726,0.1656,0.072699,10.52,84.42,CO,322.85,unsafe
8016,2024-01-01T22:15:50,0.990748,0.35431,0.223632,10.83,34.02,Propane,4371.76,unsafe
8017,2024-01-01T22:16:00,0.051555,0.254646,0.192735,23.57,35.11,Smoke,964.36,unsafe
8018,2024-01-01T22:16:10,0.391795,0.161887,0.09967,39.74,67.98,Smoke,246.21,unsafe
8019,2024-01-01T22:16:20,0.068641,0.029513,0.009585,20.82,51.86,LPG,2259.07,unsafe
8020,2024-01-01T22:16:30,1.678372,1.296208,0.90492,15.04,69.7,CleanAir,0.0,safe
8021,2024-01-01T22:16:40,1.704456,1.296502,0.923978,23.29,57.59,CleanAir,0.0,safe
8022,2024-01-01T22:16:50,0.436718,0.21469,0.202635,30.29,52.63,Alcohol,1781.23,unsafe
8023,2024-01-01T22:17:00,0.406387,0.012769,0.184896,39.19,67.08,Alcohol,1429.99,unsafe
8024,2024-01-01T22:17:10,0.038906,0.269817,0.120582,15.5,61.75,LPG,1360.83,unsafe
8025,2024-01-01T22:17:20,1.68093,1.27771,0.883027,20.37,88.65,CleanAir,0.0,safe
8026,2024-01-01T22:17:30,1.722591,1.338094,0.954506,24.83,43.86,CleanAir,0.0,safe
8027,2024-01-01T22:17:40,0.692181,0.646124,0.02252,21.45,36.09,Methane,7115.18,unsafe
8028,2024-01-01T22:17:50,0.648394,0.277482,0.241878,30.97,62.7,Hydrogen,3303.43,safe
8029,2024-01-01T22:18:00,1.723735,1.345288,0.957241,24.22,36.26,CleanAir,0.0,safe
8030,2024-01-01T22:18:10,1.690146,1.312832,0.945992,16.27,46.49,CleanAir,0.0,safe
8031,2024-01-01T22:18:20,0.917834,0.029339,0.21365,13.3,73.68,Propane,4069.93,unsafe
8032,2024-01-01T22:18:30,0.093907,0.43191,0.177108,17.46,46.5,LPG,4986.47,unsafe
8033,2024-01-01T22:18:40,1.663845,1.270501,0.887821,12.23,85.32,CleanAir,0.0,safe
8034,2024-01-01T22:18:50,1.762767,1.342531,0.953349,30.89,39.23,CleanAir,0.0,safe
8035,2024-01-01T22:19:00,0.288215,0.222992,0.094613,17.57,49.95,CO,516.78,unsafe
8036,2024-01-01T22:19:10,1.721608,1.318297,0.943898,24.56,59.13,CleanAir,0.0,safe
8037,2024-01-01T22:19:20,0.096728,0.019241,0.16039,39.41,63.35,Propane,1379.0,unsafe
8038,2024-01-01T22:19:30,0.025988,0.303494,0.109138,11.05,86.79,CO,1254.45,unsafe
8039,2024-01-01T22:19:40,0.527793,0.22788,0.185573,29.37,51.75,Hydrogen,1530.03,safe
8040,2024-01-01T22:19:50,0.343188,0.009669,0.135179,33.41,41.35,Alcohol,608.36,safe
8041,2024-01-01T22:20:00,0.032664,0.348681,0.121283,12.55,73.38,CO,1659.7,unsafe
8042,2024-01-01T22:20:10,1.735184,1.344759,0.963903,19.59,32.66,CleanAir,0.0,safe
8043,2024-01-01T22:20:20,0.029456,0.194996,0.15181,16.69,37.72,Hydrogen,876.96,safe
8044,2024-01-01T22:20:30,1.69883,1.237433,0.895568,16.01,83.56,CleanAir,0.0,safe
8045,2024-01-01T22:20:40,0.775391,0.401213,0.167316,21.56,52.55,LPG,3854.72,unsafe
8046,2024-01-01T22:20:50,0.074853,0.038512,0.025858,27.84,41.35,Hydrogen,3080.25,safe
8047,2024-01-01T22:21:00,1.71425,1.317708,0.916136,12.59,55.91,CleanAir,0.0,safe
8048,2024-01-01T22:21:10,1.716973,1.308227,0.939484,27.34,50.95,CleanAir,0.0,safe
8049,2024-01-01T22:21:20,0.242957,0.16949,0.074867,19.72,80.6,CO,314.5,unsafe
8050,2024-01-01T22:21:30,1.757005,1.328452,0.97325,29.16,40.52,CleanAir,0.0,safe
8051,2024-01-01T22:21:40,0.717049,0.298439,0.273695,28.14,63.52,Hydrogen,4473.15,safe
8052,2024-01-01T22:21:50,0.375998,0.012808,0.164131,14.01,32.93,Alcohol,1047.38,unsafe
8053,2024-01-01T22:22:00,1.672032,1.286307,0.909391,24.67,86.38,CleanAir,0.0,safe
8054,2024-01-01T22:22:10,1.717609,1.312037,0.949758,18.0,53.47,CleanAir,0.0,safe
8055,2024-01-01T22:22:20,1.749087,1.305677,0.955138,18.23,33.97,CleanAir,0.0,safe
8056,2024-01-01T22:22:30,1.756074,1.345388,0.980666,28.64,31.5,CleanAir,0.0,safe
8057,2024-01-01T22:22:40,1.765321,1.363183,0.96786,38.4,42.04,CleanAir,0.0,safe
8058,2024-01-01T22:22:50,1.704935,1.288193,0.91916,26.51,63.44,CleanAir,0.0,safe
8059,2024-01-01T22:23:00,0.868862,0.851504,0.202217,34.55,62.49,Methane,18353.35,unsafe
8060,2024-01-01T22:23:10,0.307092,0.143753,0.003193,38.09,40.47,Smoke,141.34,unsafe
8061,2024-01-01T22:23:20,1.739768,1.351315,0.976358,30.21,30.31,CleanAir,0.0,safe
8062,2024-01-01T22:23:30,1.66727,1.26051,0.902869,19.85,86.27,CleanAir,0.0,safe
8063,2024-01-01T22:23:40,1.651987,1.278651,0.913087,15.06,61.69,CleanAir,0.0,safe
8064,2024-01-01T22:23:50,1.732375,1.290463,0.940128,20.19,49.29,CleanAir,0.0,safe
8065,2024-01-01T22:24:00,1.69289,1.282822,0.945436,38.7,87.03,CleanAir,0.0,safe
8066,2024-01-01T22:24:10,1.682558,1.320864,0.928766,37.28,89.97,CleanAir,0.0,safe
8067,2024-01-01T22:24:20,0.188541,0.064966,0.152664,34.62,60.89,Methane,5186.66,unsafe
8068,2024-01-01T22:24:30,0.293221,0.142692,0.099774,38.57,80.04,Hydrogen,304.58,safe
8069,2024-01-01T22:24:40,0.562928,0.212838,0.1596,33.3,56.63,Smoke,589.49,unsafe
8070,2024-01-01T22:24:50,1.69257,1.268143,0.920339,19.7,69.46,CleanAir,0.0,safe
8071,2024-01-01T22:25:00,1.716994,1.316648,0.938215,32.11,66.46,CleanAir,0.0,safe
8072,2024-01-01T22:25:10,1.688027,1.284471,0.918222,17.11,59.48,CleanAir,0.0,safe
8073,2024-01-01T22:25:20,0.275779,0.126403,0.073389,15.15,50.43,Smoke,130.82,unsafe
8074,2024-01-01T22:25:30,1.740059,1.352591,0.970716,29.68,38.84,CleanAir,0.0,safe
8075,2024-01-01T22:25:40,1.743562,1.347899,0.967851,34.01,61.92,CleanAir,0.0,safe
8076,2024-01-01T22:25:50,1.661913,1.259807,0.917701,17.27,77.78,CleanAir,0.0,safe
8077,2024-01-01T22:26:00,0.041751,0.013006,0.009726,23.34,34.32,Smoke,768.33,unsafe
8078,2024-01-01T22:26:10,1.718208,1.298322,0.954627,32.58,64.55,CleanAir,0.0,safe
8079,2024-01-01T22:26:20,1.03957,0.052544,0.247072,35.88,46.77,Propane,4773.66,unsafe
8080,2024-01-01T22:26:30,1.714119,1.317796,0.960334,20.59,41.9,CleanAir,0.0,safe
8081,2024-01-01T22:26:40,1.705727,1.311221,0.913931,17.81,65.36,CleanAir,0.0,safe
8082,2024-01-01T22:26:50,1.688804,1.263844,0.911952,29.19,87.76,CleanAir,0.0,safe
8083,2024-01-01T22:27:00,0.353248,0.182764,0.08907,32.75,85.14,LPG,466.14,safe
8084,2024-01-01T22:27:10,0.571841,0.212578,0.006422,23.12,71.07,Smoke,658.27,unsafe
8085,2024-01-01T22:27:20,0.432234,0.006442,0.006434,18.14,42.15,Smoke,328.38,unsafe
8086,2024-01-01T22:27:30,0.686457,0.346659,0.016134,38.14,36.67,LPG,2089.54,unsafe
8087,2024-01-01T22:27:40,0.01593,0.006461,0.084432,19.88,47.95,LPG,322.88,safe
8088,2024-01-01T22:27:50,1.673156,1.267474,0.89673,20.47,82.87,CleanAir,0.0,safe
8089,2024-01-01T22:28:00,0.510636,0.019453,0.009623,19.54,38.53,LPG,1047.34,unsafe
8090,2024-01-01T22:28:10,0.573227,0.206697,0.009691,34.93,82.79,Smoke,628.99,unsafe
8091,2024-01-01T22:28:20,0.682137,0.019359,0.188794,39.96,52.19,Smoke,828.27,unsafe
8092,2024-01-01T22:28:30,0.335065,0.297186,0.116689,32.02,57.98,CO,911.99,unsafe
8093,2024-01-01T22:28:40,0.124257,0.300012,0.28117,25.41,57.53,Hydrogen,4624.35,safe
8094,2024-01-01T22:28:50,0.46227,0.022575,0.224415,26.92,30.8,Alcohol,1933.22,unsafe
8095,2024-01-01T22:29:00,1.671423,1.253162,0.911979,17.08,78.69,CleanAir,0.0,safe
8096,2024-01-01T22:29:10,1.725702,1.300123,0.967546,27.25,63.6,CleanAir,0.0,safe
8097,2024-01-01T22:29:20,0.032058,0.016212,0.200914,29.85,82.52,Alcohol,1865.61,unsafe
8098,2024-01-01T22:29:30,0.788924,0.413731,0.173131,21.38,46.72,LPG,4135.29,unsafe
8099,2024-01-01T22:29:40,1.743106,1.341224,0.975174,37.3,57.25,CleanAir,0.0,safe
8100,2024-01-01T22:29:50,1.739086,1.333374,0.946115,14.14,39.34,CleanAir,0.0,safe
8101,2024-01-01T22:30:00,0.221585,0.129001,0.06891,33.13,86.14,CO,166.11,unsafe
8102,2024-01-01T22:30:10,0.343746,0.311671,0.006412,23.36,62.84,CO,1120.02,unsafe
8103,2024-01-01T22:30:20,0.311273,0.268136,0.105393,13.33,57.38,CO,834.94,unsafe
8104,2024-01-01T22:30:30,1.692533,1.269669,0.931268,29.93,86.73,CleanAir,0.0,safe
8105,2024-01-01T22:30:40,1.690585,1.285651,0.925582,22.31,87.67,CleanAir,0.0,safe
8106,2024-01-01T22:30:50,1.724794,1.301143,0.941578,10.37,42.78,CleanAir,0.0,safe
8107,2024-01-01T22:31:00,1.724302,1.30866,0.949925,21.13,48.99,CleanAir,0.0,safe
8108,2024-01-01T22:31:10,0.59829,0.223527,0.169938,18.53,39.65,Smoke,680.5,unsafe
8109,2024-01-01T22:31:20,1.676523,1.30834,0.955123,23.1,66.85,CleanAir,0.0,safe
8110,2024-01-01T22:31:30,1.70648,1.332929,0.962113,21.21,48.18,CleanAir,0.0,safe
8111,2024-01-01T22:31:40,1.727879,1.340407,0.98,27.96,41.05,CleanAir,0.0,safe
8112,2024-01-01T22:31:50,0.869933,0.854775,0.054746,39.78,56.26,Methane,16939.8,unsafe
8113,2024-01-01T22:32:00,1.724851,1.328561,0.978614,34.69,69.42,CleanAir,0.0,safe
8114,2024-01-01T22:32:10,0.028474,0.019186,0.203054,17.62,58.7,Alcohol,1866.65,unsafe
8115,2024-01-01T22:32:20,0.546575,0.203204,0.152475,37.54,81.31,Smoke,559.98,unsafe
8116,2024-01-01T22:32:30,1.725159,1.288214,0.966451,12.4,40.2,CleanAir,0.0,safe
8117,2024-01-01T22:32:40,0.953137,0.340318,0.022501,25.83,71.13,Propane,4340.28,unsafe
8118,2024-01-01T22:32:50,0.411309,0.201965,0.190347,27.57,34.32,Alcohol,1292.13,unsafe
8119,2024-01-01T22:33:00,1.66054,1.289497,0.922768,21.14,82.92,CleanAir,0.0,safe
8120,2024-01-01T22:33:10,1.728037,1.353741,0.994645,35.03,35.6,CleanAir,0.0,safe
8121,2024-01-01T22:33:20,0.667538,0.019626,0.012935,39.73,82.41,Propane,1425.09,unsafe
8122,2024-01-01T22:33:30,0.019387,0.245381,0.099019,16.99,60.84,CO,643.78,unsafe
8123,2024-01-01T22:33:40,0.356847,0.164255,0.127473,12.02,85.46,Hydrogen,671.58,safe
8124,2024-01-01T22:33:50,0.422732,0.200675,0.207711,12.77,35.15,Alcohol,1763.84,unsafe
8125,2024-01-01T22:34:00,0.382543,0.188702,0.173815,24.78,40.39,Alcohol,1106.03,unsafe
8126,2024-01-01T22:34:10,0.291811,0.00651,0.112143,23.09,61.22,Alcohol,433.65,safe
8127,2024-01-01T22:34:20,1.693315,1.297196,0.946114,26.72,66.98,CleanAir,0.0,safe
8128,2024-01-01T22:34:30,0.454385,0.015863,0.164642,24.8,82.82,Hydrogen,1207.5,safe
8129,2024-01-01T22:34:40,0.897101,0.865225,0.212127,22.55,53.07,Methane,19999.02,unsafe
8130,2024-01-01T22:34:50,0.680977,0.013087,0.196267,31.17,60.68,Smoke,935.31,unsafe
8131,2024-01-01T22:35:00,1.685731,1.262381,0.941172,23.38,82.72,CleanAir,0.0,safe
8132,2024-01-01T22:35:10,0.603595,0.265072,0.241671,27.48,51.15,Hydrogen,2677.75,safe
8133,2024-01-01T22:35:20,0.945371,0.041643,0.022698,15.06,89.26,Propane,4865.93,unsafe
8134,2024-01-01T22:35:30,0.006608,0.11996,0.075478,32.14,31.93,Alcohol,136.23,safe
8135,2024-01-01T22:35:40,0.661248,0.245067,0.192372,31.96,41.88,Smoke,807.2,unsafe
8136,2024-01-01T22:35:50,1.702464,1.298306,0.96462,13.3,36.97,CleanAir,0.0,safe
8137,2024-01-01T22:36:00,0.60804,0.258932,0.230127,35.94,88.76,Hydrogen,2851.1,safe
8138,2024-01-01T22:36:10,0.823844,0.428057,0.025518,39.06,44.16,LPG,4017.8,unsafe
8139,2024-01-01T22:36:20,1.719609,1.321754,0.982149,32.42,42.82,CleanAir,0.0,safe
8140,2024-01-01T22:36:30,0.603032,0.026608,0.240715,10.84,38.36,Hydrogen,2864.59,safe
8141,2024-01-01T22:36:40,0.637596,0.274577,0.252467,12.37,46.52,Hydrogen,3369.36,safe
8142,2024-01-01T22:36:50,1.687709,1.29762,0.950679,17.62,51.4,CleanAir,0.0,safe
8143,2024-01-01T22:37:00,0.394244,0.016112,0.17648,33.8,43.91,Alcohol,1091.77,unsafe
8144,2024-01-01T22:37:10,0.354223,0.016226,0.163516,21.39,80.77,Alcohol,1167.92,unsafe
8145,2024-01-01T22:37:20,1.716951,1.311587,0.94061,21.09,63.69,CleanAir,0.0,safe
8146,2024-01-01T22:37:30,0.019726,0.165448,0.003207,34.91,89.6,Smoke,308.88,unsafe
8147,2024-01-01T22:37:40,1.665952,1.267931,0.897006,13.29,87.18,CleanAir,0.0,safe
8148,2024-01-01T22:37:50,1.681146,1.273707,0.931917,14.93,71.94,CleanAir,0.0,safe
8149,2024-01-01T22:38:00,1.733816,1.335665,0.983971,31.81,43.03,CleanAir,0.0,safe
8150,2024-01-01T22:38:10,1.691078,1.323616,0.94528,39.14,77.7,CleanAir,0.0,safe
8151,2024-01-01T22:38:20,0.606907,0.325676,0.140564,14.1,45.11,LPG,2078.59,unsafe
8152,2024-01-01T22:38:30,1.72623,1.346948,0.987025,36.82,48.52,CleanAir,0.0,safe
8153,2024-01-01T22:38:40,0.753199,0.02578,0.182664,31.99,55.65,Propane,2040.17,unsafe
8154,2024-01-01T22:38:50,1.716898,1.308722,0.950529,38.21,74.78,CleanAir,0.0,safe
8155,2024-01-01T22:39:00,0.009848,0.006376,0.083147,32.75,69.53,CO,315.28,unsafe
8156,2024-01-01T22:39:10,1.659781,1.300967,0.917792,34.08,87.3,CleanAir,0.0,safe
8157,2024-01-01T22:39:20,0.622566,0.238724,0.183102,38.29,44.91,Smoke,741.18,unsafe
8158,2024-01-01T22:39:30,0.863434,0.156186,0.208653,37.7,56.27,Methane,16714.28,unsafe
8159,2024-01-01T22:39:40,1.70484,1.327146,0.983875,32.84,49.05,CleanAir,0.0,safe
8160,2024-01-01T22:39:50,0.596294,0.01622,0.009743,16.81,88.16,Smoke,854.59,unsafe
8161,2024-01-01T22:40:00,0.125466,0.054335,0.022405,39.36,46.67,Propane,3900.84,unsafe
8162,2024-01-01T22:40:10,0.68932,0.302743,0.278862,31.43,82.01,Hydrogen,4824.98,safe
8163,2024-01-01T22:40:20,1.643846,1.274684,0.942642,10.28,55.38,CleanAir,0.0,safe
8164,2024-01-01T22:40:30,1.728747,1.29458,0.941142,25.89,61.68,CleanAir,0.0,safe
8165,2024-01-01T22:40:40,0.235825,0.114899,0.065661,26.66,53.32,Smoke,94.02,unsafe
8166,2024-01-01T22:40:50,0.651851,0.614079,0.153887,18.0,84.51,Methane,7528.96,unsafe
8167,2024-01-01T22:41:00,1.687299,1.314055,0.939655,25.79,68.11,CleanAir,0.0,safe
8168,2024-01-01T22:41:10,0.795122,0.032135,0.333806,39.1,62.97,Hydrogen,6577.97,safe
8169,2024-01-01T22:41:20,0.499607,0.197742,0.140683,32.61,62.16,Smoke,466.53,unsafe
8170,2024-01-01T22:41:30,1.646673,1.273627,0.916209,23.25,79.02,CleanAir,0.0,safe
8171,2024-01-01T22:41:40,0.242628,0.710235,0.182307,23.38,67.78,Methane,10770.83,unsafe
8172,2024-01-01T22:41:50,1.689444,1.302224,0.924656,12.34,54.57,CleanAir,0.0,safe
8173,2024-01-01T22:42:00,1.648759,1.247763,0.902012,10.12,89.08,CleanAir,0.0,safe
8174,2024-01-01T22:42:10,1.708745,1.314532,0.94373,10.55,44.52,CleanAir,0.0,safe
8175,2024-01-01T22:42:20,0.169417,0.366549,0.1665,31.62,68.06,LPG,3321.56,unsafe
8176,2024-01-01T22:42:30,1.702935,1.317853,0.961961,37.01,82.15,CleanAir,0.0,safe
8177,2024-01-01T22:42:40,0.780753,0.746484,0.18417,10.22,60.99,Methane,13896.46,unsafe
8178,2024-01-01T22:42:50,1.692462,1.29392,0.939912,24.37,82.37,CleanAir,0.0,safe
8179,2024-01-01T22:43:00,0.341438,0.341241,0.122372,14.53,78.6,CO,1595.93,unsafe
8180,2024-01-01T22:43:10,1.701836,1.318335,0.949548,31.6,68.58,CleanAir,0.0,safe
8181,2024-01-01T22:43:20,1.716396,1.335562,0.963121,23.94,43.32,CleanAir,0.0,safe
8182,2024-01-01T22:43:30,0.64927,0.028635,0.252873,13.07,51.05,Hydrogen,3649.12,safe
8183,2024-01-01T22:43:40,0.609935,0.029111,0.232354,21.76,82.01,Hydrogen,3099.89,safe
8184,2024-01-01T22:43:50,0.368595,0.383125,0.141084,27.64,41.75,CO,1541.4,unsafe
8185,2024-01-01T22:44:00,1.662891,1.258296,0.897155,10.64,77.33,CleanAir,0.0,safe
8186,2024-01-01T22:44:10,1.672456,1.26726,0.932534,10.25,61.73,CleanAir,0.0,safe
8187,2024-01-01T22:44:20,1.749615,1.372575,0.99977,39.99,50.57,CleanAir,0.0,safe
8188,2024-01-01T22:44:30,0.611175,0.31656,0.01281,39.05,35.89,LPG,1559.53,unsafe
8189,2024-01-01T22:44:40,1.729391,1.336756,0.982956,36.01,47.94,CleanAir,0.0,safe
8190,2024-01-01T22:44:50,0.748931,0.038949,0.16431,13.75,81.66,LPG,4387.58,unsafe
8191,2024-01-01T22:45:00,0.980834,0.365612,0.243761,39.54,70.92,Propane,4581.47,unsafe
8192,2024-01-01T22:45:10,1.774693,1.346542,0.980945,28.46,38.95,CleanAir,0.0,safe
8193,2024-01-01T22:45:20,1.717531,1.298879,0.941152,34.48,66.52,CleanAir,0.0,safe
8194,2024-01-01T22:45:30,1.725075,1.336634,0.965414,13.34,31.2,CleanAir,0.0,safe
8195,2024-01-01T22:45:40,1.690179,1.283123,0.927914,22.01,68.15,CleanAir,0.0,safe
8196,2024-01-01T22:45:50,1.663052,1.304001,0.921396,14.29,52.56,CleanAir,0.0,safe
8197,2024-01-01T22:46:00,1.69721,1.324663,0.962792,22.53,37.21,CleanAir,0.0,safe
8198,2024-01-01T22:46:10,0.56583,0.239866,0.213124,13.06,81.13,Hydrogen,2676.99,safe
8199,2024-01-01T22:46:20,0.515257,0.263016,0.119835,25.07,61.63,LPG,1203.25,unsafe
8200,2024-01-01T22:46:30,0.790221,0.411449,0.022612,21.0,44.58,LPG,4228.74,unsafe
8201,2024-01-01T22:46:40,0.611136,0.016222,0.176765,39.64,64.63,Smoke,709.11,unsafe
8202,2024-01-01T22:46:50,0.653737,0.016157,0.189178,32.27,67.38,Smoke,882.01,unsafe
8203,2024-01-01T22:47:00,1.733106,1.312068,0.957289,37.21,60.6,CleanAir,0.0,safe
8204,2024-01-01T22:47:10,1.73356,1.325582,0.963755,24.27,40.39,CleanAir,0.0,safe
8205,2024-01-01T22:47:20,0.412448,0.486687,0.012821,25.63,55.43,CO,2963.76,unsafe
8206,2024-01-01T22:47:30,0.167199,0.366846,0.24611,34.87,40.84,Propane,4194.99,unsafe
8207,2024-01-01T22:47:40,1.692002,1.26326,0.903871,13.21,63.39,CleanAir,0.0,safe
8208,2024-01-01T22:47:50,0.305528,0.146905,0.003154,39.18,77.19,Hydrogen,332.29,safe
8209,2024-01-01T22:48:00,0.02599,0.179922,0.15493,20.27,45.24,Alcohol,943.76,safe
8210,2024-01-01T22:48:10,0.032509,0.009695,0.006309,31.31,36.77,Smoke,564.05,unsafe
8211,2024-01-01T22:48:20,1.674843,1.263394,0.916898,23.52,78.48,CleanAir,0.0,safe
8212,2024-01-01T22:48:30,0.532713,0.009689,0.147487,27.79,80.19,Smoke,565.7,unsafe
8213,2024-01-01T22:48:40,0.496148,0.191956,0.139005,20.87,37.09,Smoke,438.69,unsafe
8214,2024-01-01T22:48:50,0.513782,0.26156,0.119681,25.63,65.23,LPG,1236.14,unsafe
8215,2024-01-01T22:49:00,0.028723,0.029477,0.128142,26.58,37.64,CO,1284.13,unsafe
8216,2024-01-01T22:49:10,1.754841,1.353818,0.982939,31.16,45.88,CleanAir,0.0,safe
8217,2024-01-01T22:49:20,0.061085,0.340865,0.148513,26.91,48.6,LPG,2243.33,unsafe
8218,2024-01-01T22:49:30,1.686075,1.28308,0.909885,11.77,50.37,CleanAir,0.0,safe
8219,2024-01-01T22:49:40,0.041938,0.258794,0.009751,21.06,89.24,LPG,1323.21,unsafe
8220,2024-01-01T22:49:50,0.809989,0.426051,0.174932,22.93,39.72,LPG,4289.77,unsafe
8221,2024-01-01T22:50:00,1.663113,1.283071,0.920738,27.72,85.79,CleanAir,0.0,safe
8222,2024-01-01T22:50:10,1.692193,1.311045,0.93261,30.12,70.33,CleanAir,0.0,safe
8223,2024-01-01T22:50:20,0.722056,0.683863,0.171797,15.09,40.13,Methane,8626.25,unsafe
8224,2024-01-01T22:50:30,0.458746,0.203525,0.015946,29.2,83.91,Hydrogen,1234.26,safe
8225,2024-01-01T22:50:40,0.369756,0.009743,0.006576,20.09,54.46,Hydrogen,663.69,safe
8226,2024-01-01T22:50:50,0.270373,0.683038,0.025852,38.69,64.2,Methane,8319.85,unsafe
8227,2024-01-01T22:51:00,0.153547,0.087137,0.042157,20.88,45.6,Smoke,41.67,safe
8228,2024-01-01T22:51:10,1.685979,1.316177,0.941791,28.03,58.58,CleanAir,0.0,safe
8229,2024-01-01T22:51:20,0.347022,0.147886,0.093655,27.28,59.8,Smoke,208.91,unsafe
8230,2024-01-01T22:51:30,1.662027,1.259655,0.889815,12.67,82.23,CleanAir,0.0,safe
8231,2024-01-01T22:51:40,1.706283,1.33516,0.983924,38.0,45.1,CleanAir,0.0,safe
8232,2024-01-01T22:51:50,0.671254,0.650435,0.169525,13.86,54.02,Methane,8265.41,unsafe
8233,2024-01-01T22:52:00,0.705846,0.66409,0.032093,13.56,75.79,Methane,9880.34,unsafe
8234,2024-01-01T22:52:10,1.720602,1.314505,0.947454,24.94,63.26,CleanAir,0.0,safe
8235,2024-01-01T22:52:20,1.710732,1.363214,0.98452,26.43,35.34,CleanAir,0.0,safe
8236,2024-01-01T22:52:30,1.690245,1.313869,0.950183,26.86,63.52,CleanAir,0.0,safe
8237,2024-01-01T22:52:40,0.511844,0.226885,0.199376,11.19,84.75,Hydrogen,2190.87,safe
8238,2024-01-01T22:52:50,0.794199,0.293939,0.193143,38.3,51.13,Propane,2170.33,unsafe
8239,2024-01-01T22:53:00,1.709201,1.314092,0.931908,30.34,69.77,CleanAir,0.0,safe
8240,2024-01-01T22:53:10,1.689505,1.310459,0.936232,35.7,80.02,CleanAir,0.0,safe
8241,2024-01-01T22:53:20,0.678934,0.36075,0.15563,30.28,40.36,LPG,2486.38,unsafe
8242,2024-01-01T22:53:30,1.68823,1.301852,0.92964,10.43,55.56,CleanAir,0.0,safe
8243,2024-01-01T22:53:40,1.681903,1.27426,0.924113,26.69,78.81,CleanAir,0.0,safe
8244,2024-01-01T22:53:50,0.484958,0.825383,0.071043,23.19,84.49,Methane,19272.57,unsafe
8245,2024-01-01T22:54:00,1.687807,1.285851,0.910701,24.48,81.93,CleanAir,0.0,safe
8246,2024-01-01T22:54:10,1.675663,1.307999,0.932058,29.06,80.29,CleanAir,0.0,safe
8247,2024-01-01T22:54:20,0.406888,0.200548,0.019233,20.29,40.9,Alcohol,1371.73,unsafe
8248,2024-01-01T22:54:30,0.492522,0.194786,0.125551,16.76,51.28,Propane,677.65,safe
8249,2024-01-01T22:54:40,0.160718,0.397289,0.165636,24.96,71.24,LPG,4064.87,unsafe
8250,2024-01-01T22:54:50,0.03881,0.016227,0.195129,29.97,69.43,Hydrogen,1770.99,safe
8251,2024-01-01T22:55:00,0.843941,0.022756,0.203124,15.45,37.62,Propane,2755.79,unsafe
8252,2024-01-01T22:55:10,0.891515,0.33679,0.219254,39.97,55.43,Propane,3038.22,unsafe
8253,2024-01-01T22:55:20,1.719561,1.337206,0.980141,28.9,40.6,CleanAir,0.0,safe
8254,2024-01-01T22:55:30,0.645365,0.245381,0.155663,14.85,70.5,Propane,1539.26,unsafe
8255,2024-01-01T22:55:40,1.681813,1.340589,0.93471,29.45,74.16,CleanAir,0.0,safe
8256,2024-01-01T22:55:50,1.756537,1.353308,0.953157,39.55,51.99,CleanAir,0.0,safe
8257,2024-01-01T22:56:00,0.766381,0.041274,0.176968,39.64,31.61,LPG,3133.41,unsafe
8258,2024-01-01T22:56:10,0.300058,0.146271,0.102647,34.88,82.24,Hydrogen,330.71,safe
8259,2024-01-01T22:56:20,0.254785,0.187861,0.003149,36.11,78.85,CO,333.26,unsafe
8260,2024-01-01T22:56:30,1.633336,1.25525,0.908822,18.79,88.56,CleanAir,0.0,safe
8261,2024-01-01T22:56:40,1.680215,1.295189,0.922299,13.05,52.46,CleanAir,0.0,safe
8262,2024-01-01T22:56:50,0.284989,0.231714,0.006555,18.03,40.44,CO,532.49,unsafe
8263,2024-01-01T22:57:00,0.642539,0.59919,0.159784,26.52,57.44,Methane,5788.94,unsafe
8264,2024-01-01T22:57:10,0.690714,0.118996,0.019316,16.99,40.3,Methane,7812.55,unsafe
8265,2024-01-01T22:57:20,0.758268,0.291416,0.19155,35.19,46.62,Propane,1934.64,unsafe
8266,2024-01-01T22:57:30,0.189399,0.003255,0.057455,27.4,70.99,CO,90.16,unsafe
8267,2024-01-01T22:57:40,1.726807,1.326466,0.983877,36.31,49.44,CleanAir,0.0,safe
8268,2024-01-01T22:57:50,0.311098,0.281924,0.006596,24.7,63.12,CO,808.28,unsafe
8269,2024-01-01T22:58:00,1.746327,1.305982,0.96125,30.99,74.0,CleanAir,0.0,safe
8270,2024-01-01T22:58:10,0.834463,0.022276,0.207502,15.03,42.92,Propane,2835.11,unsafe
8271,2024-01-01T22:58:20,1.710712,1.333678,0.988395,18.46,42.48,CleanAir,0.0,safe
8272,2024-01-01T22:58:30,0.59985,0.230559,0.146501,21.15,69.24,Propane,1139.86,unsafe
8273,2024-01-01T22:58:40,1.729771,1.380753,0.986688,36.01,47.76,CleanAir,0.0,safe
8274,2024-01-01T22:58:50,0.464818,0.843909,0.028878,34.42,60.09,Methane,17102.39,unsafe
8275,2024-01-01T22:59:00,0.055476,0.273097,0.237575,32.06,68.37,Hydrogen,2853.91,safe
8276,2024-01-01T22:59:10,1.692811,1.288345,0.92862,24.56,81.11,CleanAir,0.0,safe
8277,2024-01-01T22:59:20,1.646894,1.280768,0.904902,23.96,88.92,CleanAir,0.0,safe
8278,2024-01-01T22:59:30,1.663008,1.272486,0.911404,19.56,82.39,CleanAir,0.0,safe
8279,2024-01-01T22:59:40,0.681671,0.032008,0.016088,32.77,47.82,LPG,2354.36,unsafe
8280,2024-01-01T22:59:50,1.67447,1.281388,0.948092,29.37,87.44,CleanAir,0.0,safe
8281,2024-01-01T23:00:00,1.655115,1.303,0.933753,13.76,63.7,CleanAir,0.0,safe
8282,2024-01-01T23:00:10,1.680791,1.276895,0.93053,17.18,66.13,CleanAir,0.0,safe
8283,2024-01-01T23:00:20,0.041358,0.019497,0.132528,23.35,40.08,LPG,1405.2,unsafe
8284,2024-01-01T23:00:30,1.73921,1.366115,0.986358,24.2,30.79,CleanAir,0.0,safe
8285,2024-01-01T23:00:40,0.432353,0.216378,0.212104,30.78,56.02,Alcohol,1845.4,unsafe
8286,2024-01-01T23:00:50,0.606337,0.230275,0.009816,11.64,46.17,Smoke,788.43,unsafe
8287,2024-01-01T23:01:00,1.701789,1.315669,0.960909,23.07,51.96,CleanAir,0.0,safe
8288,2024-01-01T23:01:10,0.288022,0.012915,0.101002,10.86,36.01,CO,592.15,unsafe
8289,2024-01-01T23:01:20,1.651242,1.268944,0.911235,17.22,88.09,CleanAir,0.0,safe
8290,2024-01-01T23:01:30,1.664904,1.281603,0.904056,21.44,81.72,CleanAir,0.0,safe
8291,2024-01-01T23:01:40,1.661892,1.30301,0.962893,26.19,64.28,CleanAir,0.0,safe
8292,2024-01-01T23:01:50,1.701055,1.303723,0.948087,12.71,47.08,CleanAir,0.0,safe
8293,2024-01-01T23:02:00,1.690917,1.308805,0.946539,28.89,64.3,CleanAir,0.0,safe
8294,2024-01-01T23:02:10,1.658765,1.284489,0.917471,17.43,80.87,CleanAir,0.0,safe
8295,2024-01-01T23:02:20,1.732984,1.369964,0.984746,38.53,51.53,CleanAir,0.0,safe
8296,2024-01-01T23:02:30,0.526207,0.206428,0.146935,19.18,74.13,Smoke,592.29,unsafe
8297,2024-01-01T23:02:40,1.674886,1.291559,0.919366,32.4,86.0,CleanAir,0.0,safe
8298,2024-01-01T23:02:50,0.015811,0.009676,0.129615,31.3,41.01,Alcohol,524.45,safe
8299,2024-01-01T23:03:00,1.708109,1.346213,0.955151,14.8,37.83,CleanAir,0.0,safe
8300,2024-01-01T23:03:10,0.763577,0.135757,0.189888,33.1,48.48,Methane,10674.86,unsafe
8301,2024-01-01T23:03:20,0.707143,0.114083,0.171168,28.74,43.23,Methane,7305.2,unsafe
8302,2024-01-01T23:03:30,0.034841,0.171962,0.148198,13.14,82.54,Alcohol,1006.82,unsafe
8303,2024-01-01T23:03:40,1.729165,1.387614,1.009097,37.95,30.56,CleanAir,0.0,safe
8304,2024-01-01T23:03:50,1.678248,1.296302,0.926053,26.11,80.95,CleanAir,0.0,safe
8305,2024-01-01T23:04:00,0.407857,0.207923,0.196559,26.5,74.12,Alcohol,1794.75,unsafe
8306,2024-01-01T23:04:10,0.252404,0.009589,0.083881,18.1,41.6,CO,300.52,unsafe
8307,2024-01-01T23:04:20,1.657494,1.271153,0.899543,18.38,85.51,CleanAir,0.0,safe
8308,2024-01-01T23:04:30,1.753828,1.374503,0.988695,36.8,31.35,CleanAir,0.0,safe
8309,2024-01-01T23:04:40,1.698813,1.32535,0.94115,19.28,46.86,CleanAir,0.0,safe
8310,2024-01-01T23:04:50,0.048009,0.248949,0.118448,39.56,63.31,LPG,889.77,safe
8311,2024-01-01T23:05:00,0.048823,0.282789,0.00644,16.74,85.34,LPG,1763.64,unsafe
8312,2024-01-01T23:05:10,1.706551,1.320965,0.947665,33.17,82.27,CleanAir,0.0,safe
8313,2024-01-01T23:05:20,0.428194,0.174694,0.120096,25.07,79.39,Smoke,360.22,unsafe
8314,2024-01-01T23:05:30,0.398755,0.16943,0.114054,15.58,55.14,Smoke,308.45,unsafe
8315,2024-01-01T23:05:40,1.669014,1.312712,0.935918,31.56,75.28,CleanAir,0.0,safe
8316,2024-01-01T23:05:50,0.277137,0.012822,0.096625,18.9,43.53,CO,501.03,unsafe
8317,2024-01-01T23:06:00,1.684777,1.30867,0.936502,19.31,56.99,CleanAir,0.0,safe
8318,2024-01-01T23:06:10,0.449237,0.239173,0.1101,37.72,58.78,LPG,789.88,safe
8319,2024-01-01T23:06:20,1.727833,1.32756,0.934711,36.86,79.97,CleanAir,0.0,safe
8320,2024-01-01T23:06:30,1.694812,1.322308,0.943872,38.89,72.62,CleanAir,0.0,safe
8321,2024-01-01T23:06:40,0.521155,0.242577,0.19777,34.21,34.92,Hydrogen,1451.42,safe
8322,2024-01-01T23:06:50,0.735891,0.395296,0.166284,28.5,49.61,LPG,3220.78,unsafe
8323,2024-01-01T23:07:00,0.830259,0.839496,0.199884,24.96,39.27,Methane,15022.95,unsafe
8324,2024-01-01T23:07:10,0.781318,0.035397,0.019674,19.08,52.72,Propane,2328.75,unsafe
8325,2024-01-01T23:07:20,1.689956,1.332885,0.954987,10.77,33.23,CleanAir,0.0,safe
8326,2024-01-01T23:07:30,0.460281,0.181858,0.117742,14.44,82.6,Propane,664.3,safe
8327,2024-01-01T23:07:40,0.18644,0.343898,0.216936,16.07,88.53,Propane,4942.36,unsafe
8328,2024-01-01T23:07:50,0.815204,0.277728,0.19131,16.33,49.08,Methane,15047.51,unsafe
8329,2024-01-01T23:08:00,0.780656,0.776292,0.188035,30.53,73.61,Methane,13673.7,unsafe
8330,2024-01-01T23:08:10,1.729945,1.322493,0.922521,24.83,56.52,CleanAir,0.0,safe
8331,2024-01-01T23:08:20,0.087408,0.301531,0.047967,17.51,61.92,Hydrogen,4418.35,safe
8332,2024-01-01T23:08:30,0.045708,0.233438,0.146929,23.11,53.72,Propane,1066.61,unsafe
8333,2024-01-01T23:08:40,1.687917,1.324695,0.92679,26.71,78.08,CleanAir,0.0,safe
8334,2024-01-01T23:08:50,1.699517,1.302019,0.945473,27.11,75.68,CleanAir,0.0,safe
8335,2024-01-01T23:09:00,1.655936,1.281774,0.900425,10.71,78.78,CleanAir,0.0,safe
8336,2024-01-01T23:09:10,1.73534,1.357293,0.991574,39.25,47.22,CleanAir,0.0,safe
8337,2024-01-01T23:09:20,0.392762,0.421587,0.145243,32.95,35.44,CO,1743.49,unsafe
8338,2024-01-01T23:09:30,1.685781,1.297287,0.924513,17.5,50.96,CleanAir,0.0,safe
8339,2024-01-01T23:09:40,0.028908,0.012925,0.110558,32.63,59.93,LPG,812.9,safe
8340,2024-01-01T23:09:50,1.745323,1.367749,0.985423,34.43,53.04,CleanAir,0.0,safe
8341,2024-01-01T23:10:00,0.69478,0.306337,0.276842,23.67,56.45,Hydrogen,4516.66,safe
8342,2024-01-01T23:10:10,0.752047,0.286166,0.18249,19.21,46.61,Propane,2000.54,unsafe
8343,2024-01-01T23:10:20,1.736732,1.364995,0.984492,38.79,40.79,CleanAir,0.0,safe
8344,2024-01-01T23:10:30,1.712865,1.297129,0.924164,12.75,61.36,CleanAir,0.0,safe
8345,2024-01-01T23:10:40,0.359005,0.378804,0.131651,38.56,79.44,CO,1597.18,unsafe
8346,2024-01-01T23:10:50,0.230331,0.126136,0.003206,29.81,33.79,Alcohol,148.87,safe
8347,2024-01-01T23:11:00,1.712757,1.316613,0.954526,33.57,62.7,CleanAir,0.0,safe
8348,2024-01-01T23:11:10,0.592552,0.30365,0.132544,14.64,85.86,LPG,2124.34,unsafe
8349,2024-01-01T23:11:20,0.527786,0.211821,0.00967,36.48,50.51,Propane,710.3,safe
8350,2024-01-01T23:11:30,0.456181,0.182718,0.118773,20.3,53.9,Propane,547.23,safe
8351,2024-01-01T23:11:40,0.742453,0.740417,0.022368,22.46,77.48,Methane,12105.33,unsafe
8352,2024-01-01T23:11:50,0.009723,0.176776,0.003254,15.01,58.85,CO,329.49,unsafe
8353,2024-01-01T23:12:00,1.690696,1.279582,0.931761,26.25,70.11,CleanAir,0.0,safe
8354,2024-01-01T23:12:10,1.663508,1.276338,0.919022,16.73,65.33,CleanAir,0.0,safe
8355,2024-01-01T23:12:20,0.057017,0.092018,0.187842,10.06,38.47,CO,5448.66,unsafe
8356,2024-01-01T23:12:30,0.044964,0.212564,0.208439,18.21,54.02,Alcohol,1930.8,unsafe
8357,2024-01-01T23:12:40,0.519032,0.012782,0.135427,20.24,48.38,Propane,759.88,safe
8358,2024-01-01T23:12:50,0.573794,0.216599,0.16107,29.69,55.25,Smoke,600.06,unsafe
8359,2024-01-01T23:13:00,0.038406,0.252389,0.120449,16.11,64.08,LPG,1199.68,unsafe
8360,2024-01-01T23:13:10,0.888997,0.869906,0.22048,39.38,48.46,Methane,17931.08,unsafe
8361,2024-01-01T23:13:20,0.02262,0.009881,0.009446,28.08,61.68,Alcohol,699.13,safe
8362,2024-01-01T23:13:30,0.810404,0.810472,0.199938,12.91,49.53,Methane,16323.56,unsafe
8363,2024-01-01T23:13:40,1.669645,1.287331,0.931733,11.52,67.14,CleanAir,0.0,safe
8364,2024-01-01T23:13:50,1.732935,1.342993,0.995173,35.94,55.97,CleanAir,0.0,safe
8365,2024-01-01T23:14:00,0.294776,0.154499,0.184955,17.05,85.01,Methane,14726.96,unsafe
8366,2024-01-01T23:14:10,1.736335,1.3493,0.970434,36.87,70.67,CleanAir,0.0,safe
8367,2024-01-01T23:14:20,0.972587,0.361178,0.041509,22.12,62.74,Propane,4744.02,unsafe
8368,2024-01-01T23:14:30,0.902742,0.877428,0.215385,29.25,54.53,Methane,19196.28,unsafe
8369,2024-01-01T23:14:40,1.736968,1.367537,1.010508,30.59,31.96,CleanAir,0.0,safe
8370,2024-01-01T23:14:50,0.141434,0.162561,0.201374,34.47,61.56,Methane,13988.55,unsafe
8371,2024-01-01T23:15:00,0.019252,0.165682,0.141647,18.54,70.36,Alcohol,818.16,safe
8372,2024-01-01T23:15:10,0.770989,0.284646,0.01948,20.21,36.32,Propane,2048.1,unsafe
8373,2024-01-01T23:15:20,0.052113,0.244107,0.192711,26.42,34.61,Smoke,838.92,unsafe
8374,2024-01-01T23:15:30,0.678635,0.626749,0.022801,10.48,46.15,Methane,6898.03,unsafe
8375,2024-01-01T23:15:40,1.696183,1.302787,0.94115,14.21,50.91,CleanAir,0.0,safe
8376,2024-01-01T23:15:50,1.729747,1.320865,0.953026,15.09,44.88,CleanAir,0.0,safe
8377,2024-01-01T23:16:00,0.946332,0.35322,0.230491,38.47,59.76,Propane,3833.91,unsafe
8378,2024-01-01T23:16:10,1.710798,1.282013,0.939935,16.63,61.12,CleanAir,0.0,safe
8379,2024-01-01T23:16:20,1.700888,1.294099,0.962247,26.02,66.54,CleanAir,0.0,safe
8380,2024-01-01T23:16:30,1.700782,1.319305,0.967326,22.26,55.43,CleanAir,0.0,safe
8381,2024-01-01T23:16:40,0.307313,0.241751,0.006375,22.54,31.43,CO,570.17,unsafe
8382,2024-01-01T23:16:50,0.032114,0.01932,0.012819,27.22,69.22,Alcohol,1494.74,unsafe
8383,2024-01-01T23:17:00,1.712372,1.292875,0.943375,24.8,53.32,CleanAir,0.0,safe
8384,2024-01-01T23:17:10,0.036206,0.012923,0.166824,21.83,47.2,Hydrogen,994.9,safe
8385,2024-01-01T23:17:20,0.734832,0.264322,0.172783,20.01,72.26,Propane,1948.92,unsafe
8386,2024-01-01T23:17:30,1.685449,1.293586,0.961381,39.29,68.99,CleanAir,0.0,safe
8387,2024-01-01T23:17:40,1.76139,1.367948,1.021355,39.24,30.07,CleanAir,0.0,safe
8388,2024-01-01T23:17:50,0.095862,0.032564,0.188172,13.34,45.79,Propane,2300.07,unsafe
8389,2024-01-01T23:18:00,1.7596,1.346854,1.007677,35.26,44.56,CleanAir,0.0,safe
8390,2024-01-01T23:18:10,0.061528,0.036516,0.149188,31.24,33.76,LPG,1807.94,unsafe
8391,2024-01-01T23:18:20,0.032013,0.019308,0.119314,28.35,40.49,CO,900.31,unsafe
8392,2024-01-01T23:18:30,1.73138,1.3148,0.954503,28.43,58.94,CleanAir,0.0,safe
8393,2024-01-01T23:18:40,1.733955,1.34989,0.986292,39.51,50.82,CleanAir,0.0,safe
8394,2024-01-01T23:18:50,0.019251,0.163087,0.13553,23.29,38.08,Alcohol,607.63,safe
8395,2024-01-01T23:19:00,0.339827,0.143968,0.089792,16.07,80.15,Propane,299.61,safe
8396,2024-01-01T23:19:10,1.690911,1.259527,0.948261,15.86,66.8,CleanAir,0.0,safe
8397,2024-01-01T23:19:20,0.591743,0.258515,0.226212,38.42,45.53,Hydrogen,2067.18,safe
8398,2024-01-01T23:19:30,0.348072,0.348919,0.012839,31.11,77.71,CO,1464.47,unsafe
8399,2024-01-01T23:19:40,1.714076,1.341189,0.985965,29.86,33.93,CleanAir,0.0,safe
8400,2024-01-01T23:19:50,0.042319,0.199247,0.187214,38.69,72.85,Alcohol,1353.34,unsafe
8401,2024-01-01T23:20:00,1.722874,1.34504,0.99188,39.18,50.89,CleanAir,0.0,safe
8402,2024-01-01T23:20:10,0.770981,0.287725,0.191617,24.62,46.32,Propane,2085.28,unsafe
8403,2024-01-01T23:20:20,0.582977,0.216521,0.163565,35.0,49.05,Smoke,591.15,unsafe
8404,2024-01-01T23:20:30,0.636643,0.218189,0.182718,14.43,85.25,Smoke,927.86,unsafe
8405,2024-01-01T23:20:40,0.587084,0.21194,0.164648,24.47,46.97,Smoke,605.95,unsafe
8406,2024-01-01T23:20:50,0.77417,0.719054,0.190663,27.82,35.93,Methane,9659.34,unsafe
8407,2024-01-01T23:21:00,0.306106,0.156532,0.003192,21.18,30.07,LPG,268.94,safe
8408,2024-01-01T23:21:10,0.073832,0.098232,0.016378,29.09,51.32,Methane,5968.39,unsafe
8409,2024-01-01T23:21:20,0.660184,0.282873,0.254756,30.42,76.46,Hydrogen,3584.04,safe
8410,2024-01-01T23:21:30,0.032658,0.347831,0.00641,33.17,82.63,CO,1411.9,unsafe
8411,2024-01-01T23:21:40,0.369691,0.189209,0.093012,30.45,76.06,LPG,487.03,safe
8412,2024-01-01T23:21:50,0.336155,0.163468,0.009677,15.44,68.75,Alcohol,874.83,safe
8413,2024-01-01T23:22:00,0.729296,0.298207,0.281686,21.19,68.53,Hydrogen,4856.95,safe
8414,2024-01-01T23:22:10,0.56717,0.249166,0.214161,24.41,32.6,Hydrogen,1860.21,safe
8415,2024-01-01T23:22:20,0.41722,0.168899,0.006393,14.28,70.91,Propane,477.1,safe
8416,2024-01-01T23:22:30,1.770663,1.345292,1.012094,34.63,32.7,CleanAir,0.0,safe
8417,2024-01-01T23:22:40,0.844384,0.29789,0.198462,13.57,83.93,Propane,3228.82,unsafe
8418,2024-01-01T23:22:50,0.029144,0.176506,0.168355,14.21,84.13,Alcohol,1280.08,unsafe
8419,2024-01-01T23:23:00,1.737438,1.332539,0.990881,38.8,64.94,CleanAir,0.0,safe
8420,2024-01-01T23:23:10,1.694946,1.315704,0.943736,18.61,58.26,CleanAir,0.0,safe
8421,2024-01-01T23:23:20,1.740412,1.337233,0.97864,27.38,37.09,CleanAir,0.0,safe
8422,2024-01-01T23:23:30,1.759581,1.325163,1.003201,34.17,50.0,CleanAir,0.0,safe
8423,2024-01-01T23:23:40,1.764002,1.352151,1.0082,31.44,33.87,CleanAir,0.0,safe
8424,2024-01-01T23:23:50,0.724905,0.300005,0.0381,17.32,37.85,Hydrogen,4286.29,safe
8425,2024-01-01T23:24:00,1.704053,1.316785,0.952984,19.5,46.58,CleanAir,0.0,safe
8426,2024-01-01T23:24:10,0.497242,0.191549,0.126537,39.89,61.63,Propane,569.76,safe
8427,2024-01-01T23:24:20,1.765973,1.367892,0.981792,33.04,43.64,CleanAir,0.0,safe
8428,2024-01-01T23:24:30,1.681956,1.270715,0.911993,12.19,75.78,CleanAir,0.0,safe
8429,2024-01-01T23:24:40,1.697697,1.291328,0.923998,17.35,76.95,CleanAir,0.0,safe
8430,2024-01-01T23:24:50,1.725099,1.310825,0.948233,15.45,47.2,CleanAir,0.0,safe
8431,2024-01-01T23:25:00,0.028555,0.009807,0.006583,11.31,30.54,Smoke,468.78,unsafe
8432,2024-01-01T23:25:10,1.709151,1.352317,0.987117,29.42,45.89,CleanAir,0.0,safe
8433,2024-01-01T23:25:20,0.082962,0.389436,0.169861,14.05,88.1,LPG,4591.25,unsafe
8434,2024-01-01T23:25:30,0.563996,0.21855,0.158787,37.52,41.95,Smoke,508.35,unsafe
8435,2024-01-01T23:25:40,0.464505,0.230744,0.006327,18.87,30.07,LPG,740.08,safe
8436,2024-01-01T23:25:50,0.45662,0.009791,0.119138,35.53,41.96,Propane,453.25,safe
8437,2024-01-01T23:26:00,0.484284,0.187859,0.133931,14.31,53.43,Smoke,434.85,unsafe
8438,2024-01-01T23:26:10,0.073623,0.384199,0.176024,33.34,31.96,LPG,2940.16,unsafe
8439,2024-01-01T23:26:20,0.198072,0.061974,0.244003,24.75,36.37,Propane,4294.72,unsafe
8440,2024-01-01T23:26:30,0.077959,0.240986,0.009634,34.58,54.07,Propane,1089.63,unsafe
8441,2024-01-01T23:26:40,0.074315,0.257501,0.17029,10.05,67.64,Propane,1823.39,unsafe
8442,2024-01-01T23:26:50,1.678039,1.273818,0.916822,16.46,83.62,CleanAir,0.0,safe
8443,2024-01-01T23:27:00,0.029211,0.025609,0.133814,13.27,60.78,CO,1776.3,unsafe
8444,2024-01-01T23:27:10,0.918347,0.33423,0.221127,35.22,31.08,Propane,2879.21,unsafe
8445,2024-01-01T23:27:20,1.723548,1.281093,0.932578,16.11,66.58,CleanAir,0.0,safe
8446,2024-01-01T23:27:30,0.405944,0.184139,0.139287,33.7,72.06,Hydrogen,697.96,safe
8447,2024-01-01T23:27:40,1.71111,1.315876,0.955328,25.16,53.0,CleanAir,0.0,safe
8448,2024-01-01T23:27:50,0.233019,0.1135,0.0,32.35,62.84,Smoke,85.17,unsafe
8449,2024-01-01T23:28:00,1.762041,1.330871,0.997711,23.09,32.08,CleanAir,0.0,safe
8450,2024-01-01T23:28:10,0.721473,0.370671,0.159156,32.56,57.25,LPG,2795.05,unsafe
8451,2024-01-01T23:28:20,0.899497,0.322181,0.216743,39.31,82.46,Propane,3114.32,unsafe
8452,2024-01-01T23:28:30,1.771184,1.360904,1.020018,35.33,35.19,CleanAir,0.0,safe
8453,2024-01-01T23:28:40,1.765878,1.335522,0.970277,16.2,38.85,CleanAir,0.0,safe
8454,2024-01-01T23:28:50,1.696391,1.289134,0.909609,21.14,79.91,CleanAir,0.0,safe
8455,2024-01-01T23:29:00,1.721122,1.261281,0.927581,28.23,87.95,CleanAir,0.0,safe
8456,2024-01-01T23:29:10,1.751471,1.319455,0.984953,31.15,62.83,CleanAir,0.0,safe
8457,2024-01-01T23:29:20,0.369258,0.352285,0.131841,36.63,83.8,CO,1395.96,unsafe
8458,2024-01-01T23:29:30,1.666086,1.252657,0.91755,10.99,80.46,CleanAir,0.0,safe
8459,2024-01-01T23:29:40,0.102232,0.032283,0.140331,36.45,70.82,LPG,1829.12,unsafe
8460,2024-01-01T23:29:50,1.770685,1.360294,0.993525,36.77,36.82,CleanAir,0.0,safe
8461,2024-01-01T23:30:00,0.049501,0.022353,0.215793,36.72,58.56,Alcohol,1871.5,unsafe
8462,2024-01-01T23:30:10,1.742333,1.318051,0.974438,31.78,63.55,CleanAir,0.0,safe
8463,2024-01-01T23:30:20,0.736473,0.301403,0.042149,10.38,44.23,Hydrogen,4740.3,safe
8464,2024-01-01T23:30:30,1.739384,1.299925,0.956062,27.73,63.13,CleanAir,0.0,safe
8465,2024-01-01T23:30:40,0.526237,0.019223,0.190081,32.1,71.34,Hydrogen,1540.35,safe
8466,2024-01-01T23:30:50,0.048085,0.247133,0.204501,38.0,37.74,Hydrogen,1505.6,safe
8467,2024-01-01T23:31:00,0.081625,0.289802,0.264006,13.76,74.14,Hydrogen,4357.85,safe
8468,2024-01-01T23:31:10,1.703392,1.323389,0.936838,24.88,70.92,CleanAir,0.0,safe
8469,2024-01-01T23:31:20,1.800294,1.372018,0.992578,36.78,37.27,CleanAir,0.0,safe
8470,2024-01-01T23:31:30,0.422315,0.016196,0.016009,29.67,84.87,Alcohol,1592.78,unsafe
8471,2024-01-01T23:31:40,0.544717,0.009709,0.006433,25.17,81.23,Smoke,548.46,unsafe
8472,2024-01-01T23:31:50,0.93149,0.316809,0.218295,15.25,78.29,Propane,3842.62,unsafe
8473,2024-01-01T23:32:00,1.692263,1.309239,0.939278,11.83,49.78,CleanAir,0.0,safe
8474,2024-01-01T23:32:10,0.591654,0.215612,0.009641,34.4,68.95,Smoke,623.78,unsafe
8475,2024-01-01T23:32:20,1.738704,1.307019,0.946754,10.53,40.78,CleanAir,0.0,safe
8476,2024-01-01T23:32:30,0.949854,0.337618,0.22637,27.61,57.63,Propane,3758.44,unsafe
8477,2024-01-01T23:32:40,0.3279,0.009679,0.133188,13.3,62.21,Alcohol,659.34,safe
8478,2024-01-01T23:32:50,1.727647,1.31737,0.941193,21.96,57.94,CleanAir,0.0,safe
8479,2024-01-01T23:33:00,0.49736,0.188828,0.129247,39.9,88.79,Smoke,408.02,unsafe
8480,2024-01-01T23:33:10,1.746603,1.304788,0.945003,27.97,68.79,CleanAir,0.0,safe
8481,2024-01-01T23:33:20,0.428578,0.013028,0.15067,24.55,66.36,Hydrogen,885.53,safe
8482,2024-01-01T23:33:30,1.766086,1.350913,1.007165,29.61,32.44,CleanAir,0.0,safe
8483,2024-01-01T23:33:40,0.684796,0.336393,0.151421,11.96,39.59,LPG,2456.69,unsafe
8484,2024-01-01T23:33:50,1.756409,1.354097,1.001686,29.58,38.23,CleanAir,0.0,safe
8485,2024-01-01T23:34:00,0.40214,0.012845,0.176955,31.78,74.97,Alcohol,1271.33,unsafe
8486,2024-01-01T23:34:10,1.731583,1.289425,0.953751,17.49,68.31,CleanAir,0.0,safe
8487,2024-01-01T23:34:20,1.663129,1.26001,0.901175,10.26,79.06,CleanAir,0.0,safe
8488,2024-01-01T23:34:30,0.135207,0.270544,0.243856,11.61,81.17,Hydrogen,4042.03,safe
8489,2024-01-01T23:34:40,0.022026,0.009836,0.130732,25.37,39.59,Smoke,353.92,unsafe
8490,2024-01-01T23:34:50,1.737026,1.325054,0.989924,32.32,51.18,CleanAir,0.0,safe
8491,2024-01-01T23:35:00,0.073693,0.544399,0.150201,22.62,56.3,Methane,4627.08,unsafe
8492,2024-01-01T23:35:10,0.31556,0.256757,0.102806,37.95,84.53,CO,704.43,unsafe
8493,2024-01-01T23:35:20,0.300464,0.150544,0.105383,19.44,42.54,Alcohol,374.4,safe
8494,2024-01-01T23:35:30,0.535344,0.009556,0.141422,16.58,65.17,Smoke,524.91,unsafe
8495,2024-01-01T23:35:40,1.712574,1.292048,0.92966,20.88,68.5,CleanAir,0.0,safe
8496,2024-01-01T23:35:50,0.369125,0.18299,0.003205,38.66,51.18,LPG,381.27,safe
8497,2024-01-01T23:36:00,1.771753,1.359155,0.977268,34.34,55.68,CleanAir,0.0,safe
8498,2024-01-01T23:36:10,1.725128,1.321019,0.942894,21.89,51.28,CleanAir,0.0,safe
8499,2024-01-01T23:36:20,1.726995,1.307312,0.96231,34.63,80.69,CleanAir,0.0,safe
8500,2024-01-01T23:36:30,0.507068,0.248328,0.009816,27.28,55.39,LPG,966.15,safe
8501,2024-01-01T23:36:40,0.377522,0.153122,0.096968,22.03,89.81,Smoke,251.81,unsafe
8502,2024-01-01T23:36:50,1.725543,1.355276,0.971504,23.23,39.15,CleanAir,0.0,safe
8503,2024-01-01T23:37:00,1.738462,1.321865,0.948413,18.64,55.78,CleanAir,0.0,safe
8504,2024-01-01T23:37:10,1.746746,1.330265,0.958468,16.28,36.79,CleanAir,0.0,safe
8505,2024-01-01T23:37:20,1.681331,1.270421,0.893137,15.21,87.67,CleanAir,0.0,safe
8506,2024-01-01T23:37:30,1.004148,0.367937,0.029126,38.28,30.77,Propane,3606.85,unsafe
8507,2024-01-01T23:37:40,0.03184,0.197391,0.187376,19.61,34.5,Alcohol,1294.93,unsafe
8508,2024-01-01T23:37:50,0.09023,0.381301,0.012984,20.87,37.91,LPG,3030.06,unsafe
8509,2024-01-01T23:38:00,1.794978,1.361496,0.994305,38.8,38.77,CleanAir,0.0,safe
8510,2024-01-01T23:38:10,1.764424,1.354504,0.985637,29.93,49.94,CleanAir,0.0,safe
8511,2024-01-01T23:38:20,1.777829,1.324881,0.961296,28.92,57.47,CleanAir,0.0,safe
8512,2024-01-01T23:38:30,1.732672,1.270708,0.950898,31.97,83.75,CleanAir,0.0,safe
8513,2024-01-01T23:38:40,1.774651,1.348581,0.9686,27.52,36.37,CleanAir,0.0,safe
8514,2024-01-01T23:38:50,0.254217,0.317627,0.211929,10.69,71.43,Propane,3811.13,unsafe
8515,2024-01-01T23:39:00,1.704946,1.286816,0.926323,26.61,86.72,CleanAir,0.0,safe
8516,2024-01-01T23:39:10,0.060929,0.274134,0.031723,26.09,69.7,Hydrogen,3347.2,safe
8517,2024-01-01T23:39:20,1.726188,1.336843,0.992276,21.7,44.42,CleanAir,0.0,safe
8518,2024-01-01T23:39:30,1.738734,1.284121,0.933315,19.07,70.44,CleanAir,0.0,safe
8519,2024-01-01T23:39:40,1.734379,1.350327,1.003618,36.56,40.58,CleanAir,0.0,safe
8520,2024-01-01T23:39:50,1.749921,1.293307,0.975677,14.06,39.4,CleanAir,0.0,safe
8521,2024-01-01T23:40:00,0.804528,0.401771,0.175487,38.72,77.32,LPG,3928.99,unsafe
8522,2024-01-01T23:40:10,1.741883,1.340876,0.999889,26.96,35.76,CleanAir,0.0,safe
8523,2024-01-01T23:40:20,0.773694,0.273211,0.022345,12.58,87.5,Propane,2319.63,unsafe
8524,2024-01-01T23:40:30,1.739274,1.308539,0.961494,10.86,42.61,CleanAir,0.0,safe
8525,2024-01-01T23:40:40,1.775524,1.327778,0.947819,13.76,42.03,CleanAir,0.0,safe
8526,2024-01-01T23:40:50,1.724752,1.294418,0.947324,31.43,89.5,CleanAir,0.0,safe
8527,2024-01-01T23:41:00,0.12451,0.712203,0.179526,14.93,54.13,Methane,10621.9,unsafe
8528,2024-01-01T23:41:10,0.05158,0.236788,0.00991,38.35,70.68,Propane,1160.83,unsafe
8529,2024-01-01T23:41:20,0.042283,0.191381,0.151232,17.34,35.0,Hydrogen,763.39,safe
8530,2024-01-01T23:41:30,0.032582,0.204187,0.152026,30.62,74.16,Smoke,543.68,unsafe
8531,2024-01-01T23:41:40,1.764027,1.327284,0.987611,37.31,50.7,CleanAir,0.0,safe
8532,2024-01-01T23:41:50,0.019512,0.166057,0.109929,33.46,39.31,Propane,333.5,safe
8533,2024-01-01T23:42:00,0.144912,0.04797,0.222703,17.66,40.39,Propane,3430.66,unsafe
8534,2024-01-01T23:42:10,0.278551,0.195145,0.089482,10.91,41.79,CO,388.31,unsafe
8535,2024-01-01T23:42:20,1.785283,1.38599,1.004344,33.11,32.02,CleanAir,0.0,safe
8536,2024-01-01T23:42:30,0.365168,0.02571,0.125015,29.72,46.74,CO,1096.06,unsafe
8537,2024-01-01T23:42:40,1.692987,1.269148,0.91087,15.05,79.78,CleanAir,0.0,safe
8538,2024-01-01T23:42:50,1.786507,1.367746,1.007966,38.43,35.06,CleanAir,0.0,safe
8539,2024-01-01T23:43:00,0.852918,0.055194,0.185073,35.04,48.28,LPG,4267.58,unsafe
8540,2024-01-01T23:43:10,0.62975,0.01619,0.170664,21.31,78.44,Smoke,781.13,unsafe
8541,2024-01-01T23:43:20,0.401356,0.190601,0.012883,16.5,39.73,Alcohol,1231.64,unsafe
8542,2024-01-01T23:43:30,1.777454,1.361215,1.015956,37.46,35.3,CleanAir,0.0,safe
8543,2024-01-01T23:43:40,0.829165,0.051801,0.182251,28.85,70.53,LPG,4766.25,unsafe
8544,2024-01-01T23:43:50,1.688176,1.275846,0.906564,11.48,72.91,CleanAir,0.0,safe
8545,2024-01-01T23:44:00,1.718782,1.274133,0.952919,15.34,62.44,CleanAir,0.0,safe
8546,2024-01-01T23:44:10,0.473349,0.1872,0.006492,38.34,64.18,Smoke,363.27,unsafe
8547,2024-01-01T23:44:20,1.694565,1.283564,0.924078,23.55,83.88,CleanAir,0.0,safe
8548,2024-01-01T23:44:30,0.821042,0.068229,0.184896,38.25,52.48,LPG,4073.03,unsafe
8549,2024-01-01T23:44:40,0.068146,0.261689,0.226973,39.25,86.35,Hydrogen,2627.24,safe
8550,2024-01-01T23:44:50,0.00636,0.003177,0.064044,14.73,38.03,Alcohol,115.9,safe
8551,2024-01-01T23:45:00,1.744917,1.336259,0.938776,21.77,47.75,CleanAir,0.0,safe
8552,2024-01-01T23:45:10,0.530727,0.192007,0.137874,35.54,80.97,Smoke,465.23,unsafe
8553,2024-01-01T23:45:20,1.769709,1.307561,0.978322,30.65,61.1,CleanAir,0.0,safe
8554,2024-01-01T23:45:30,0.526619,0.228244,0.189009,25.42,41.75,Hydrogen,1340.2,safe
8555,2024-01-01T23:45:40,0.755489,0.035262,0.163871,10.78,53.92,LPG,3459.96,unsafe
8556,2024-01-01T23:45:50,1.737955,1.343634,0.970365,21.58,41.91,CleanAir,0.0,safe
8557,2024-01-01T23:46:00,0.23324,0.003198,0.072812,18.41,54.96,Alcohol,160.35,safe
8558,2024-01-01T23:46:10,1.757913,1.314058,0.955484,26.85,61.26,CleanAir,0.0,safe
8559,2024-01-01T23:46:20,0.311998,0.240025,0.099554,27.85,52.52,CO,547.01,unsafe
8560,2024-01-01T23:46:30,0.08833,0.346772,0.016186,12.79,75.62,LPG,2984.83,unsafe
8561,2024-01-01T23:46:40,0.251082,0.124828,0.077884,32.76,42.24,Alcohol,154.52,safe
8562,2024-01-01T23:46:50,0.073968,0.218681,0.016111,23.35,81.91,Hydrogen,1575.85,safe
8563,2024-01-01T23:47:00,0.705425,0.252548,0.009675,19.31,35.34,Propane,1400.48,unsafe
8564,2024-01-01T23:47:10,1.757347,1.329179,0.975951,20.87,41.36,CleanAir,0.0,safe
8565,2024-01-01T23:47:20,0.278065,0.662831,0.038662,38.56,75.57,Methane,7999.62,unsafe
8566,2024-01-01T23:47:30,1.724901,1.313989,0.927515,18.37,54.81,CleanAir,0.0,safe
8567,2024-01-01T23:47:40,0.312308,0.240065,0.006438,20.68,41.61,CO,560.44,unsafe
8568,2024-01-01T23:47:50,0.756354,0.112165,0.041689,20.82,51.11,Methane,8805.12,unsafe
8569,2024-01-01T23:48:00,0.048495,0.026035,0.124313,20.86,82.43,LPG,1433.43,unsafe
8570,2024-01-01T23:48:10,1.71706,1.29904,0.916303,12.23,70.27,CleanAir,0.0,safe
8571,2024-01-01T23:48:20,0.464245,0.219336,0.218914,38.69,30.38,Alcohol,1579.09,unsafe
8572,2024-01-01T23:48:30,0.149448,0.083933,0.038383,30.53,47.4,Smoke,31.59,safe
8573,2024-01-01T23:48:40,1.749104,1.320314,0.956659,22.58,54.25,CleanAir,0.0,safe
8574,2024-01-01T23:48:50,0.760466,0.668926,0.176181,21.8,53.2,Methane,8581.16,unsafe
8575,2024-01-01T23:49:00,1.700488,1.288794,0.919205,19.46,75.73,CleanAir,0.0,safe
8576,2024-01-01T23:49:10,1.720723,1.291902,0.935035,10.26,43.34,CleanAir,0.0,safe
8577,2024-01-01T23:49:20,0.038464,0.231431,0.025469,39.51,42.22,Alcohol,2217.3,unsafe
8578,2024-01-01T23:49:30,0.278905,0.00963,0.085653,18.68,62.01,CO,381.0,unsafe
8579,2024-01-01T23:49:40,1.755544,1.30225,0.968199,23.14,56.74,CleanAir,0.0,safe
8580,2024-01-01T23:49:50,1.021268,0.347444,0.234025,22.13,65.52,Propane,4546.47,unsafe
8581,2024-01-01T23:50:00,0.768267,0.036179,0.292353,37.34,59.53,Hydrogen,4797.92,safe
8582,2024-01-01T23:50:10,1.752529,1.347194,0.961868,34.83,57.72,CleanAir,0.0,safe
8583,2024-01-01T23:50:20,1.039939,0.365296,0.022897,33.16,60.73,Propane,4498.12,unsafe
8584,2024-01-01T23:50:30,0.697381,0.286967,0.259373,36.68,62.96,Hydrogen,3423.37,safe
8585,2024-01-01T23:50:40,0.431741,0.201362,0.195603,17.67,61.92,Alcohol,1708.82,unsafe
8586,2024-01-01T23:50:50,1.792182,1.343269,1.009934,34.29,40.34,CleanAir,0.0,safe
8587,2024-01-01T23:51:00,1.704021,1.312629,0.956686,23.45,65.55,CleanAir,0.0,safe
8588,2024-01-01T23:51:10,0.951168,0.038738,0.231973,35.77,43.68,Propane,3312.98,unsafe
8589,2024-01-01T23:51:20,1.770108,1.323121,0.975885,18.16,30.35,CleanAir,0.0,safe
8590,2024-01-01T23:51:30,0.370216,0.318955,0.006562,33.82,59.31,CO,1049.38,unsafe
8591,2024-01-01T23:51:40,0.317815,0.864449,0.209701,20.39,56.99,Methane,19969.26,unsafe
8592,2024-01-01T23:51:50,0.307794,0.145832,0.112125,17.92,67.22,Alcohol,449.55,safe
8593,2024-01-01T23:52:00,0.61885,0.21669,0.009796,15.49,49.37,Smoke,682.65,unsafe
8594,2024-01-01T23:52:10,0.38182,0.029376,0.012861,11.55,63.7,CO,1683.35,unsafe
8595,2024-01-01T23:52:20,0.90545,0.450388,0.193151,32.49,41.67,LPG,4814.51,unsafe
8596,2024-01-01T23:52:30,0.535383,0.194981,0.142673,25.97,65.2,Smoke,483.71,unsafe
8597,2024-01-01T23:52:40,0.39069,0.150019,0.003168,33.89,86.04,Smoke,235.78,unsafe
8598,2024-01-01T23:52:50,0.328772,0.14382,0.106273,17.97,47.22,Hydrogen,315.92,safe
8599,2024-01-01T23:53:00,0.18567,0.353794,0.238121,23.36,37.63,Propane,3876.88,unsafe
8600,2024-01-01T23:53:10,1.797715,1.338135,0.983386,17.09,31.15,CleanAir,0.0,safe
8601,2024-01-01T23:53:20,0.211903,0.739813,0.195234,31.35,42.06,Methane,10357.4,unsafe
8602,2024-01-01T23:53:30,0.096246,0.03932,0.16226,30.37,62.75,LPG,2877.53,unsafe
8603,2024-01-01T23:53:40,1.775872,1.293551,0.975932,17.17,46.82,CleanAir,0.0,safe
8604,2024-01-01T23:53:50,1.749004,1.317105,0.969975,17.59,46.71,CleanAir,0.0,safe
8605,2024-01-01T23:54:00,0.515675,0.242054,0.115749,23.62,74.33,LPG,1046.45,unsafe
8606,2024-01-01T23:54:10,0.736362,0.257062,0.012991,29.15,85.66,Propane,1760.64,unsafe
8607,2024-01-01T23:54:20,0.04244,0.219629,0.145267,25.61,37.87,Propane,806.38,safe
8608,2024-01-01T23:54:30,0.063366,0.277048,0.256906,39.85,56.75,Hydrogen,2971.15,safe
8609,2024-01-01T23:54:40,0.684842,0.229634,0.186507,18.27,62.17,Smoke,861.67,unsafe
8610,2024-01-01T23:54:50,0.431552,0.162385,0.110991,18.63,51.61,Smoke,274.87,unsafe
8611,2024-01-01T23:55:00,0.689005,0.329806,0.1514,34.84,60.7,LPG,2143.26,unsafe
8612,2024-01-01T23:55:10,0.069917,0.235481,0.009846,32.04,81.12,Propane,1364.82,unsafe
8613,2024-01-01T23:55:20,1.7798,1.282275,0.952843,34.74,82.39,CleanAir,0.0,safe
8614,2024-01-01T23:55:30,0.1107,0.247884,0.009577,32.26,89.65,Propane,1533.37,unsafe
8615,2024-01-01T23:55:40,0.437482,0.17184,0.109377,32.41,43.3,Propane,365.19,safe
8616,2024-01-01T23:55:50,0.293674,0.141573,0.095425,29.66,32.31,Alcohol,249.98,safe
8617,2024-01-01T23:56:00,0.351914,0.367946,0.250309,36.71,66.98,Propane,4845.2,unsafe
8618,2024-01-01T23:56:10,1.766433,1.332213,0.98125,27.85,40.27,CleanAir,0.0,safe
8619,2024-01-01T23:56:20,1.785233,1.300157,0.973493,26.17,58.92,CleanAir,0.0,safe
8620,2024-01-01T23:56:30,1.698878,1.301691,0.957916,35.1,84.8,CleanAir,0.0,safe
8621,2024-01-01T23:56:40,1.717884,1.300168,0.916835,15.54,62.54,CleanAir,0.0,safe
8622,2024-01-01T23:56:50,0.368366,0.009634,0.009812,22.04,71.84,Alcohol,858.68,safe
8623,2024-01-01T23:57:00,0.809097,0.061315,0.168282,21.52,65.88,LPG,3865.16,unsafe
8624,2024-01-01T23:57:10,1.800472,1.332974,0.977264,15.17,39.53,CleanAir,0.0,safe
8625,2024-01-01T23:57:20,0.935885,0.223045,0.211914,15.82,36.83,Methane,18750.92,unsafe
8626,2024-01-01T23:57:30,1.701609,1.274047,0.914674,21.02,86.91,CleanAir,0.0,safe
8627,2024-01-01T23:57:40,0.987585,0.328774,0.218217,19.01,52.0,Propane,3657.82,unsafe
8628,2024-01-01T23:57:50,0.299995,0.208669,0.0937,34.28,81.56,CO,451.32,unsafe
8629,2024-01-01T23:58:00,0.669123,0.22141,0.009692,20.31,64.3,Smoke,781.52,unsafe
8630,2024-01-01T23:58:10,0.631103,0.022615,0.013071,20.59,74.21,LPG,1790.11,unsafe
8631,2024-01-01T23:58:20,0.060697,0.032151,0.01604,12.57,74.17,LPG,2560.51,unsafe
8632,2024-01-01T23:58:30,0.545235,0.1919,0.140654,28.84,72.22,Smoke,467.87,unsafe
8633,2024-01-01T23:58:40,0.923922,0.035729,0.207185,26.15,73.67,Propane,3256.2,unsafe
8634,2024-01-01T23:58:50,1.773867,1.318205,0.979818,31.26,58.11,CleanAir,0.0,safe
8635,2024-01-01T23:59:00,0.102661,0.24556,0.160456,29.7,67.68,Propane,1364.41,unsafe
8636,2024-01-01T23:59:10,1.749116,1.304098,0.954977,17.78,55.77,CleanAir,0.0,safe
8637,2024-01-01T23:59:20,0.045926,0.372436,0.134398,19.2,48.73,CO,1620.43,unsafe
8638,2024-01-01T23:59:30,0.828183,0.729827,0.042209,20.14,88.89,Methane,13422.01,unsafe
8639,2024-01-01T23:59:40,0.051215,0.237686,0.188364,39.3,67.65,Smoke,820.7,unsafe
8640,2024-01-01T23:59:50,0.064337,0.013084,0.188008,26.14,31.82,Smoke,750.01,unsafe
8641,2024-01-02T00:00:00,1.748367,1.289668,0.951883,34.2,88.92,CleanAir,0.0,safe
8642,2024-01-02T00:00:10,0.04539,0.02239,0.12111,10.61,54.59,CO,1349.92,unsafe
8643,2024-01-02T00:00:20,1.736056,1.294927,0.939826,29.55,78.9,CleanAir,0.0,safe
8644,2024-01-02T00:00:30,1.750611,1.274098,0.919902,21.98,82.89,CleanAir,0.0,safe
8645,2024-01-02T00:00:40,0.029343,0.012935,0.149132,15.32,45.18,Hydrogen,848.81,safe
8646,2024-01-02T00:00:50,0.750668,0.315046,0.279157,36.88,37.04,Hydrogen,3638.53,safe
8647,2024-01-02T00:01:00,1.799576,1.299729,0.954436,23.4,48.79,CleanAir,0.0,safe
8648,2024-01-02T00:01:10,0.805719,0.707138,0.181419,37.2,72.06,Methane,10091.78,unsafe
8649,2024-01-02T00:01:20,0.498545,0.233388,0.110408,16.65,79.05,LPG,996.26,safe
8650,2024-01-02T00:01:30,0.506481,0.188149,0.134137,31.65,67.41,Smoke,414.17,unsafe
8651,2024-01-02T00:01:40,1.820942,1.330168,0.991946,33.63,46.22,CleanAir,0.0,safe
8652,2024-01-02T00:01:50,1.741031,1.320379,0.969177,33.04,68.31,CleanAir,0.0,safe
8653,2024-01-02T00:02:00,1.759287,1.311504,0.932959,23.55,75.09,CleanAir,0.0,safe
8654,2024-01-02T00:02:10,1.766985,1.314236,0.98365,22.6,41.97,CleanAir,0.0,safe
8655,2024-01-02T00:02:20,1.719891,1.29434,0.946085,13.82,57.78,CleanAir,0.0,safe
8656,2024-01-02T00:02:30,1.742324,1.262093,0.918147,19.49,73.72,CleanAir,0.0,safe
8657,2024-01-02T00:02:40,0.404021,0.181922,0.173423,18.61,70.24,Alcohol,1281.35,unsafe
8658,2024-01-02T00:02:50,1.784596,1.327109,0.974105,23.47,36.69,CleanAir,0.0,safe
8659,2024-01-02T00:03:00,1.800812,1.367261,1.003495,31.7,33.38,CleanAir,0.0,safe
8660,2024-01-02T00:03:10,0.185713,0.093682,0.0,39.61,52.71,Smoke,44.48,safe
8661,2024-01-02T00:03:20,1.743505,1.323145,0.958758,34.18,62.49,CleanAir,0.0,safe
8662,2024-01-02T00:03:30,0.025792,0.170532,0.126602,16.64,76.75,Smoke,405.22,unsafe
8663,2024-01-02T00:03:40,1.768736,1.31551,0.953969,39.8,79.12,CleanAir,0.0,safe
8664,2024-01-02T00:03:50,0.649095,0.012721,0.175133,36.65,74.56,Smoke,713.14,unsafe
8665,2024-01-02T00:04:00,0.298646,0.006434,0.09684,37.87,42.82,Alcohol,253.68,safe
8666,2024-01-02T00:04:10,0.608463,0.279458,0.009718,17.96,67.34,LPG,1580.8,unsafe
8667,2024-01-02T00:04:20,0.019242,0.009697,0.127628,13.27,38.37,Alcohol,570.23,safe
8668,2024-01-02T00:04:30,0.019107,0.267377,0.109316,20.19,48.71,CO,722.05,unsafe
8669,2024-01-02T00:04:40,0.799114,0.700948,0.035155,27.68,75.4,Methane,10521.91,unsafe
8670,2024-01-02T00:04:50,0.344216,0.156433,0.125814,32.58,47.16,Alcohol,480.0,safe
8671,2024-01-02T00:05:00,0.006402,0.100419,0.0,21.9,57.52,Smoke,63.06,unsafe
8672,2024-01-02T00:05:10,1.790635,1.359806,1.032257,38.94,32.18,CleanAir,0.0,safe
8673,2024-01-02T00:05:20,0.6673,0.226588,0.012952,12.17,50.22,Smoke,799.03,unsafe
8674,2024-01-02T00:05:30,0.853604,0.413358,0.016269,28.75,54.71,LPG,4126.8,unsafe
8675,2024-01-02T00:05:40,0.431334,0.196922,0.191056,30.66,71.01,Alcohol,1470.82,unsafe
8676,2024-01-02T00:05:50,0.176637,0.029695,0.238636,35.05,77.73,Propane,4174.08,unsafe
8677,2024-01-02T00:06:00,0.400217,0.375169,0.138753,23.19,47.77,CO,1625.48,unsafe
8678,2024-01-02T00:06:10,0.38739,0.028449,0.130952,15.79,61.34,CO,1604.19,unsafe
8679,2024-01-02T00:06:20,0.242033,0.114451,0.063959,21.7,52.04,Smoke,86.02,unsafe
8680,2024-01-02T00:06:30,1.72477,1.255722,0.903985,14.16,84.51,CleanAir,0.0,safe
8681,2024-01-02T00:06:40,1.707152,1.279002,0.935036,20.88,85.45,CleanAir,0.0,safe
8682,2024-01-02T00:06:50,0.608685,0.217256,0.142711,33.44,61.48,Propane,866.12,safe
8683,2024-01-02T00:07:00,1.714554,1.259567,0.917747,15.04,74.9,CleanAir,0.0,safe
8684,2024-01-02T00:07:10,0.322112,0.006427,0.112978,14.28,52.89,Alcohol,453.65,safe
8685,2024-01-02T00:07:20,1.715514,1.281487,0.930705,12.52,53.18,CleanAir,0.0,safe
8686,2024-01-02T00:07:30,0.71381,0.34797,0.151236,15.28,48.79,LPG,2556.11,unsafe
8687,2024-01-02T00:07:40,0.790824,0.032603,0.019134,11.58,39.25,LPG,3579.01,unsafe
8688,2024-01-02T00:07:50,0.338684,0.113423,0.025735,31.15,42.71,Methane,13327.33,unsafe
8689,2024-01-02T00:08:00,0.031804,0.170708,0.133037,12.64,63.02,Hydrogen,632.17,safe
8690,2024-01-02T00:08:10,1.759278,1.30079,0.945134,27.56,71.49,CleanAir,0.0,safe
8691,2024-01-02T00:08:20,0.71968,0.033085,0.016266,38.24,68.2,LPG,2535.57,unsafe
8692,2024-01-02T00:08:30,0.482221,0.009759,0.124425,11.81,62.09,Smoke,398.44,unsafe
8693,2024-01-02T00:08:40,0.552943,0.212507,0.149691,22.52,37.33,Smoke,493.73,unsafe
8694,2024-01-02T00:08:50,0.009598,0.139848,0.093489,38.41,36.42,Alcohol,222.47,safe
8695,2024-01-02T00:09:00,0.211305,0.103561,0.055344,12.8,51.77,Smoke,68.84,unsafe
8696,2024-01-02T00:09:10,0.688664,0.282138,0.019238,30.69,57.35,Hydrogen,3164.58,safe
8697,2024-01-02T00:09:20,1.796291,1.371574,0.99536,32.37,30.28,CleanAir,0.0,safe
8698,2024-01-02T00:09:30,1.689749,1.256292,0.922367,16.85,85.77,CleanAir,0.0,safe
8699,2024-01-02T00:09:40,1.751506,1.317906,0.978896,39.2,70.6,CleanAir,0.0,safe
8700,2024-01-02T00:09:50,1.744655,1.310747,0.968221,25.04,52.5,CleanAir,0.0,safe
8701,2024-01-02T00:10:00,1.696503,1.31295,0.941257,16.37,62.87,CleanAir,0.0,safe
8702,2024-01-02T00:10:10,1.766433,1.292387,0.964301,21.05,55.65,CleanAir,0.0,safe
8703,2024-01-02T00:10:20,0.602322,0.289858,0.125702,12.74,80.92,LPG,1763.06,unsafe
8704,2024-01-02T00:10:30,0.316145,0.012836,0.100664,38.16,53.61,CO,460.2,unsafe
8705,2024-01-02T00:10:40,0.932992,0.851424,0.221748,39.65,39.66,Methane,15669.22,unsafe
8706,2024-01-02T00:10:50,1.734924,1.265935,0.922223,11.77,80.64,CleanAir,0.0,safe
8707,2024-01-02T00:11:00,0.215031,0.048304,0.24896,28.83,59.49,Propane,4636.46,unsafe
8708,2024-01-02T00:11:10,1.751548,1.287981,0.927631,24.86,77.3,CleanAir,0.0,safe
8709,2024-01-02T00:11:20,1.730857,1.308676,0.948656,11.89,41.37,CleanAir,0.0,safe
8710,2024-01-02T00:11:30,0.530173,0.200808,0.130874,38.98,55.91,Propane,604.58,safe
8711,2024-01-02T00:11:40,1.733459,1.313129,0.963576,34.42,74.73,CleanAir,0.0,safe
8712,2024-01-02T00:11:50,0.026392,0.185273,0.097994,12.29,42.44,LPG,471.41,safe
8713,2024-01-02T00:12:00,1.821787,1.347555,0.98669,25.86,33.67,CleanAir,0.0,safe
8714,2024-01-02T00:12:10,1.729232,1.291179,0.949732,13.15,51.86,CleanAir,0.0,safe
8715,2024-01-02T00:12:20,0.33747,0.278152,0.109917,20.39,66.2,CO,855.44,unsafe
8716,2024-01-02T00:12:30,0.843122,0.412256,0.184426,30.99,36.29,LPG,3706.49,unsafe
8717,2024-01-02T00:12:40,1.771443,1.316468,0.980628,25.99,54.99,CleanAir,0.0,safe
8718,2024-01-02T00:12:50,1.726152,1.270542,0.937153,30.38,88.8,CleanAir,0.0,safe
8719,2024-01-02T00:13:00,0.100514,0.23712,0.016365,13.46,80.68,Propane,1475.96,unsafe
8720,2024-01-02T00:13:10,0.035362,0.351861,0.00959,36.82,44.19,CO,1259.09,unsafe
8721,2024-01-02T00:13:20,0.686437,0.32359,0.148067,29.81,70.35,LPG,2153.4,unsafe
8722,2024-01-02T00:13:30,0.83284,0.737706,0.194773,35.52,46.34,Methane,10430.84,unsafe
8723,2024-01-02T00:13:40,1.773532,1.286525,0.969702,25.29,56.83,CleanAir,0.0,safe
8724,2024-01-02T00:13:50,0.073935,0.224652,0.185734,35.33,73.92,Hydrogen,1432.6,safe
8725,2024-01-02T00:14:00,1.810244,1.340551,0.97498,28.36,46.45,CleanAir,0.0,safe
8726,2024-01-02T00:14:10,0.07896,0.227268,0.016519,38.24,39.54,Alcohol,1933.65,unsafe
8727,2024-01-02T00:14:20,0.065865,0.206327,0.206781,26.94,46.84,Alcohol,1619.65,unsafe
8728,2024-01-02T00:14:30,0.588569,0.019601,0.015935,26.87,35.25,Hydrogen,1717.22,safe
8729,2024-01-02T00:14:40,0.98989,0.334267,0.22244,32.98,68.69,Propane,3577.86,unsafe
8730,2024-01-02T00:14:50,0.431449,0.412922,0.147443,23.69,32.26,CO,1866.26,unsafe
8731,2024-01-02T00:15:00,1.739029,1.275624,0.951051,16.2,70.51,CleanAir,0.0,safe
8732,2024-01-02T00:15:10,0.395139,0.009716,0.009366,31.31,33.86,Alcohol,779.92,safe
8733,2024-01-02T00:15:20,0.955576,0.134368,0.218272,38.88,42.57,Methane,17115.14,unsafe
8734,2024-01-02T00:15:30,1.789755,1.335572,0.963376,36.52,68.28,CleanAir,0.0,safe
8735,2024-01-02T00:15:40,0.323923,0.243643,0.100069,38.69,83.94,CO,620.2,unsafe
8736,2024-01-02T00:15:50,0.903558,0.803072,0.197136,27.13,66.73,Methane,16503.53,unsafe
8737,2024-01-02T00:16:00,1.746713,1.261211,0.929679,17.96,64.23,CleanAir,0.0,safe
8738,2024-01-02T00:16:10,0.168666,0.118054,0.174123,34.56,64.64,Methane,7740.65,unsafe
8739,2024-01-02T00:16:20,0.90219,0.119226,0.208296,34.45,61.48,Methane,15432.16,unsafe
8740,2024-01-02T00:16:30,0.403482,0.144967,0.178501,15.07,87.62,Methane,14017.06,unsafe
8741,2024-01-02T00:16:40,0.659817,0.257102,0.019303,26.47,86.18,Hydrogen,3041.33,safe
8742,2024-01-02T00:16:50,0.438989,0.201725,0.183942,27.56,31.38,Alcohol,1174.43,unsafe
8743,2024-01-02T00:17:00,1.809344,1.355613,0.975972,37.02,46.31,CleanAir,0.0,safe
8744,2024-01-02T00:17:10,0.463252,0.171916,0.117823,18.03,39.91,Smoke,305.35,unsafe
8745,2024-01-02T00:17:20,1.795397,1.333961,0.989938,29.93,41.57,CleanAir,0.0,safe
8746,2024-01-02T00:17:30,0.022713,0.166444,0.115408,10.13,62.11,Smoke,344.14,unsafe
8747,2024-01-02T00:17:40,1.756365,1.304916,0.964691,15.0,43.17,CleanAir,0.0,safe
8748,2024-01-02T00:17:50,1.769407,1.345419,1.000581,31.39,42.46,CleanAir,0.0,safe
8749,2024-01-02T00:18:00,0.38895,0.342448,0.012865,12.24,46.76,CO,1388.85,unsafe
8750,2024-01-02T00:18:10,0.057502,0.013125,0.009572,20.45,46.87,Smoke,719.04,unsafe
8751,2024-01-02T00:18:20,1.79167,1.34619,1.025513,28.48,30.07,CleanAir,0.0,safe
8752,2024-01-02T00:18:30,1.762196,1.295994,0.972915,12.64,39.64,CleanAir,0.0,safe
8753,2024-01-02T00:18:40,1.753434,1.307108,0.985936,25.83,62.22,CleanAir,0.0,safe
8754,2024-01-02T00:18:50,1.754825,1.331502,0.974137,38.16,75.26,CleanAir,0.0,safe
8755,2024-01-02T00:19:00,1.801046,1.351125,0.973145,38.77,64.8,CleanAir,0.0,safe
8756,2024-01-02T00:19:10,0.938928,0.856983,0.048385,31.36,52.0,Methane,17315.48,unsafe
8757,2024-01-02T00:19:20,1.764624,1.330784,0.958028,16.2,38.14,CleanAir,0.0,safe
8758,2024-01-02T00:19:30,0.890304,0.300936,0.022962,28.88,72.36,Propane,2797.69,unsafe
8759,2024-01-02T00:19:40,0.10834,0.038694,0.212199,29.09,39.43,Propane,2521.81,unsafe
8760,2024-01-02T00:19:50,0.518152,0.182439,0.135828,19.63,51.79,Smoke,415.26,unsafe
8761,2024-01-02T00:20:00,1.744343,1.323636,0.979576,22.85,39.82,CleanAir,0.0,safe
8762,2024-01-02T00:20:10,1.740857,1.297262,0.961653,19.74,60.03,CleanAir,0.0,safe
8763,2024-01-02T00:20:20,0.503416,0.012796,0.006333,23.76,63.53,LPG,844.56,safe
8764,2024-01-02T00:20:30,0.79814,0.690112,0.179055,14.14,51.32,Methane,9446.46,unsafe
8765,2024-01-02T00:20:40,0.425065,0.006455,0.003257,32.42,70.17,Smoke,265.46,unsafe
8766,2024-01-02T00:20:50,0.019318,0.246756,0.103084,25.99,62.14,CO,648.51,unsafe
8767,2024-01-02T00:21:00,0.380378,0.324473,0.009859,32.04,62.27,CO,1118.86,unsafe
8768,2024-01-02T00:21:10,0.114815,0.114297,0.195999,28.1,34.25,Methane,10545.71,unsafe
8769,2024-01-02T00:21:20,1.712446,1.263326,0.913132,12.5,83.46,CleanAir,0.0,safe
8770,2024-01-02T00:21:30,1.768003,1.311919,0.949755,21.21,56.08,CleanAir,0.0,safe
8771,2024-01-02T00:21:40,0.41449,0.006428,0.10442,27.73,56.57,Smoke,243.01,unsafe
8772,2024-01-02T00:21:50,0.378669,0.17406,0.157648,16.76,86.04,Alcohol,1095.13,unsafe
8773,2024-01-02T00:22:00,1.827882,1.35962,0.986667,32.91,31.62,CleanAir,0.0,safe
8774,2024-01-02T00:22:10,0.757056,0.352709,0.162499,37.66,52.17,LPG,2470.69,unsafe
8775,2024-01-02T00:22:20,1.752731,1.284761,0.938232,26.42,86.96,CleanAir,0.0,safe
8776,2024-01-02T00:22:30,0.528618,0.01288,0.174739,34.69,41.15,Hydrogen,1073.6,safe
8777,2024-01-02T00:22:40,0.335805,0.149389,0.112072,27.28,41.3,Alcohol,387.62,safe
8778,2024-01-02T00:22:50,1.789817,1.297885,0.96692,15.22,38.68,CleanAir,0.0,safe
8779,2024-01-02T00:23:00,0.317613,0.006479,0.006442,17.01,84.1,Alcohol,496.12,safe
8780,2024-01-02T00:23:10,1.787968,1.32699,0.976938,33.16,60.22,CleanAir,0.0,safe
8781,2024-01-02T00:23:20,0.354176,0.159772,0.006461,33.59,40.86,Alcohol,458.82,safe
8782,2024-01-02T00:23:30,0.486209,0.006404,0.120698,12.71,83.3,Smoke,402.22,unsafe
8783,2024-01-02T00:23:40,0.016121,0.009705,0.091968,20.51,74.24,CO,452.29,unsafe
8784,2024-01-02T00:23:50,0.316981,0.2113,0.092165,16.54,31.17,CO,420.37,unsafe
8785,2024-01-02T00:24:00,1.811106,1.336104,0.97071,33.69,44.94,CleanAir,0.0,safe
8786,2024-01-02T00:24:10,0.445383,0.194072,0.190873,26.36,53.91,Alcohol,1428.43,unsafe
8787,2024-01-02T00:24:20,1.775812,1.296876,0.955268,15.97,41.36,CleanAir,0.0,safe
8788,2024-01-02T00:24:30,0.647958,0.012825,0.009627,15.15,81.11,Smoke,744.26,unsafe
8789,2024-01-02T00:24:40,1.734889,1.276618,0.929614,20.14,83.68,CleanAir,0.0,safe
8790,2024-01-02T00:24:50,0.795641,0.038413,0.028962,26.0,50.01,Hydrogen,4675.55,safe
8791,2024-01-02T00:25:00,1.768815,1.284543,0.960846,22.23,58.74,CleanAir,0.0,safe
8792,2024-01-02T00:25:10,0.245009,0.077502,0.016046,21.33,41.07,Methane,6353.23,unsafe
8793,2024-01-02T00:25:20,1.756111,1.287567,0.958454,37.75,88.54,CleanAir,0.0,safe
8794,2024-01-02T00:25:30,0.576745,0.227015,0.013072,33.2,84.13,Hydrogen,1683.19,safe
8795,2024-01-02T00:25:40,0.061852,0.252581,0.219813,27.86,35.57,Hydrogen,1920.33,safe
8796,2024-01-02T00:25:50,0.739414,0.288968,0.265583,38.65,36.58,Hydrogen,2889.98,safe
8797,2024-01-02T00:26:00,0.019415,0.15115,0.119657,23.79,70.04,Alcohol,501.95,safe
8798,2024-01-02T00:26:10,0.847036,0.726905,0.188642,32.24,78.1,Methane,12051.2,unsafe
8799,2024-01-02T00:26:20,1.770235,1.285266,0.969372,34.28,68.99,CleanAir,0.0,safe
8800,2024-01-02T00:26:30,0.795893,0.022374,0.176341,26.54,64.59,Propane,1775.78,unsafe
8801,2024-01-02T00:26:40,0.268548,0.125711,0.083741,12.83,54.46,Alcohol,224.46,safe
8802,2024-01-02T00:26:50,0.81777,0.315515,0.294726,38.32,72.79,Hydrogen,4919.86,safe
8803,2024-01-02T00:27:00,0.703858,0.013079,0.181787,34.88,87.4,Smoke,798.64,unsafe
8804,2024-01-02T00:27:10,0.92836,0.821312,0.029136,26.63,84.53,Methane,17376.28,unsafe
8805,2024-01-02T00:27:20,0.252147,0.105634,0.003296,19.34,89.85,Smoke,95.56,unsafe
8806,2024-01-02T00:27:30,1.803149,1.323636,0.978892,31.09,63.7,CleanAir,0.0,safe
8807,2024-01-02T00:27:40,0.217315,0.062197,0.165794,24.23,82.53,LPG,3927.94,unsafe
8808,2024-01-02T00:27:50,0.34505,0.009762,0.006473,15.93,58.25,Alcohol,527.72,safe
8809,2024-01-02T00:28:00,1.039393,0.051699,0.235797,29.24,44.34,Propane,3763.14,unsafe
8810,2024-01-02T00:28:10,1.80796,1.302844,0.970457,39.36,75.42,CleanAir,0.0,safe
8811,2024-01-02T00:28:20,0.390855,0.022506,0.123942,25.25,56.31,CO,1115.88,unsafe
8812,2024-01-02T00:28:30,1.760411,1.284873,0.976255,33.8,79.35,CleanAir,0.0,safe
8813,2024-01-02T00:28:40,0.364208,0.271444,0.112369,38.5,66.91,CO,761.64,unsafe
8814,2024-01-02T00:28:50,1.022563,0.354086,0.23968,28.61,30.46,Propane,3606.21,unsafe
8815,2024-01-02T00:29:00,0.379105,0.322228,0.122436,11.21,40.84,CO,1124.11,unsafe
8816,2024-01-02T00:29:10,0.886685,0.042769,0.182187,14.83,38.11,LPG,4355.67,unsafe
8817,2024-01-02T00:29:20,0.479546,0.211195,0.216432,11.57,35.4,Alcohol,1871.52,unsafe
8818,2024-01-02T00:29:30,1.73449,1.275416,0.923247,21.03,79.32,CleanAir,0.0,safe
8819,2024-01-02T00:29:40,0.670502,0.019352,0.239236,15.24,38.47,Hydrogen,2703.99,safe
8820,2024-01-02T00:29:50,1.817035,1.330442,0.96735,30.59,49.21,CleanAir,0.0,safe
8821,2024-01-02T00:30:00,0.118411,0.028798,0.200431,27.36,54.24,Propane,2484.16,unsafe
8822,2024-01-02T00:30:10,0.430724,0.413541,0.14495,16.02,34.95,CO,1915.88,unsafe
8823,2024-01-02T00:30:20,0.028711,0.012904,0.170263,24.94,32.41,Alcohol,1005.68,unsafe
8824,2024-01-02T00:30:30,0.47101,0.203367,0.016781,15.24,38.84,Alcohol,1565.0,unsafe
8825,2024-01-02T00:30:40,0.187851,0.126592,0.18535,14.62,39.35,Methane,10416.89,unsafe
8826,2024-01-02T00:30:50,0.339041,0.245938,0.006535,16.78,59.45,CO,658.28,unsafe
8827,2024-01-02T00:31:00,0.945659,0.831453,0.051547,13.28,66.51,Methane,19107.6,unsafe
8828,2024-01-02T00:31:10,0.384222,0.330203,0.125077,11.44,49.89,CO,1293.44,unsafe
8829,2024-01-02T00:31:20,1.79486,1.297185,0.949304,23.23,62.01,CleanAir,0.0,safe
8830,2024-01-02T00:31:30,1.772095,1.297085,0.946603,23.52,64.3,CleanAir,0.0,safe
8831,2024-01-02T00:31:40,1.774532,1.305888,0.925935,23.19,77.51,CleanAir,0.0,safe
8832,2024-01-02T00:31:50,1.806267,1.328176,0.96517,26.74,41.09,CleanAir,0.0,safe
8833,2024-01-02T00:32:00,0.769646,0.048141,0.01602,32.51,57.07,LPG,2771.8,unsafe
8834,2024-01-02T00:32:10,0.070954,0.222535,0.184878,38.61,55.69,Hydrogen,1233.3,safe
8835,2024-01-02T00:32:20,1.831919,1.336659,0.985859,37.32,50.58,CleanAir,0.0,safe
8836,2024-01-02T00:32:30,1.782192,1.289137,0.945681,36.84,89.17,CleanAir,0.0,safe
8837,2024-01-02T00:32:40,0.029531,0.213445,0.006431,25.71,73.85,LPG,682.67,safe
8838,2024-01-02T00:32:50,0.910711,0.813798,0.194455,17.96,89.69,Methane,18380.01,unsafe
8839,2024-01-02T00:33:00,0.048315,0.20562,0.190436,18.38,34.0,Alcohol,1382.56,unsafe
8840,2024-01-02T00:33:10,0.899695,0.790137,0.196525,17.22,31.03,Methane,13281.96,unsafe
8841,2024-01-02T00:33:20,1.793877,1.313787,0.963306,15.22,42.3,CleanAir,0.0,safe
8842,2024-01-02T00:33:30,1.796916,1.295922,0.952348,19.54,48.0,CleanAir,0.0,safe
8843,2024-01-02T00:33:40,0.035393,0.025674,0.134447,13.79,42.04,CO,1644.08,unsafe
8844,2024-01-02T00:33:50,0.31604,0.207091,0.003203,34.8,43.41,CO,356.75,unsafe
8845,2024-01-02T00:34:00,0.025881,0.169354,0.006452,10.04,79.55,Smoke,387.51,unsafe
8846,2024-01-02T00:34:10,0.660954,0.304512,0.139246,38.44,60.1,LPG,1578.0,unsafe
8847,2024-01-02T00:34:20,1.80753,1.326328,0.973372,27.61,31.49,CleanAir,0.0,safe
8848,2024-01-02T00:34:30,1.774852,1.318696,0.954291,36.73,88.85,CleanAir,0.0,safe
8849,2024-01-02T00:34:40,1.798837,1.377802,1.007425,35.79,31.75,CleanAir,0.0,safe
8850,2024-01-02T00:34:50,0.43713,0.189811,0.182616,30.43,88.06,Alcohol,1422.07,unsafe
8851,2024-01-02T00:35:00,1.776954,1.283533,0.947781,22.27,65.91,CleanAir,0.0,safe
8852,2024-01-02T00:35:10,0.757039,0.252931,0.009729,20.63,70.37,Propane,1675.13,unsafe
8853,2024-01-02T00:35:20,0.215386,0.092591,0.0,12.48,35.66,CO,80.45,unsafe
8854,2024-01-02T00:35:30,1.77205,1.347738,0.983101,19.09,37.94,CleanAir,0.0,safe
8855,2024-01-02T00:35:40,0.412606,0.378068,0.137067,28.5,84.3,CO,1808.8,unsafe
8856,2024-01-02T00:35:50,0.038744,0.197323,0.200463,37.35,69.66,Alcohol,1544.46,unsafe
8857,2024-01-02T00:36:00,1.739201,1.262056,0.929325,19.09,81.61,CleanAir,0.0,safe
8858,2024-01-02T00:36:10,0.373394,0.288745,0.009799,30.46,41.43,CO,817.95,unsafe
8859,2024-01-02T00:36:20,1.769741,1.288251,0.946237,15.82,54.09,CleanAir,0.0,safe
8860,2024-01-02T00:36:30,0.889252,0.762381,0.198803,28.5,38.37,Methane,11941.2,unsafe
8861,2024-01-02T00:36:40,1.823741,1.35816,1.017853,39.99,40.91,CleanAir,0.0,safe
8862,2024-01-02T00:36:50,0.13486,0.334331,0.14801,39.16,67.37,LPG,2225.92,unsafe
8863,2024-01-02T00:37:00,1.782632,1.266234,0.951169,37.77,89.3,CleanAir,0.0,safe
8864,2024-01-02T00:37:10,1.746839,1.288156,0.965202,27.67,80.53,CleanAir,0.0,safe
8865,2024-01-02T00:37:20,0.035914,0.181113,0.009711,23.94,70.69,Hydrogen,761.84,safe
8866,2024-01-02T00:37:30,1.77924,1.316994,0.974296,31.24,63.45,CleanAir,0.0,safe
8867,2024-01-02T00:37:40,0.422503,0.184775,0.173063,27.49,61.33,Alcohol,1126.83,unsafe
8868,2024-01-02T00:37:50,1.757997,1.244825,0.946623,26.72,80.35,CleanAir,0.0,safe
8869,2024-01-02T00:38:00,1.759803,1.292157,0.978958,20.07,48.91,CleanAir,0.0,safe
8870,2024-01-02T00:38:10,0.387782,0.022438,0.130659,38.19,57.67,CO,1142.67,unsafe
8871,2024-01-02T00:38:20,0.416667,0.188929,0.009686,34.78,46.68,Alcohol,976.88,safe
8872,2024-01-02T00:38:30,0.74886,0.29047,0.025579,16.68,81.2,Hydrogen,4838.88,safe
8873,2024-01-02T00:38:40,1.796299,1.327718,0.970945,32.2,56.95,CleanAir,0.0,safe
8874,2024-01-02T00:38:50,1.065896,0.361697,0.245839,16.46,32.39,Propane,4414.83,unsafe
8875,2024-01-02T00:39:00,0.402403,0.386097,0.012834,23.76,85.91,CO,1876.8,unsafe
8876,2024-01-02T00:39:10,0.556352,0.228517,0.190218,38.62,55.93,Hydrogen,1343.18,safe
8877,2024-01-02T00:39:20,0.814668,0.380607,0.022313,14.81,56.76,LPG,3835.7,unsafe
8878,2024-01-02T00:39:30,1.825486,1.339621,1.010845,39.36,36.37,CleanAir,0.0,safe
8879,2024-01-02T00:39:40,0.895676,0.303321,0.201576,14.72,77.04,Propane,3248.78,unsafe
8880,2024-01-02T00:39:50,0.013019,0.006448,0.099142,37.67,46.12,Alcohol,271.62,safe
8881,2024-01-02T00:40:00,0.97242,0.865095,0.215898,37.97,62.42,Methane,18744.93,unsafe
8882,2024-01-02T00:40:10,1.800631,1.356262,0.998742,25.03,34.37,CleanAir,0.0,safe
8883,2024-01-02T00:40:20,0.651538,0.251453,0.226369,17.97,49.98,Hydrogen,2447.14,safe
8884,2024-01-02T00:40:30,1.71264,1.26014,0.919466,11.11,81.87,CleanAir,0.0,safe
8885,2024-01-02T00:40:40,0.56671,0.234787,0.013035,24.55,54.18,Hydrogen,1643.17,safe
8886,2024-01-02T00:40:50,1.757085,1.306293,0.961567,29.57,70.2,CleanAir,0.0,safe
8887,2024-01-02T00:41:00,0.888818,0.300042,0.012821,28.8,72.52,Propane,2630.55,unsafe
8888,2024-01-02T00:41:10,1.737072,1.29317,0.953757,15.87,66.33,CleanAir,0.0,safe
8889,2024-01-02T00:41:20,0.693601,0.231772,0.00961,27.23,38.07,Propane,1041.25,unsafe
8890,2024-01-02T00:41:30,0.415532,0.189219,0.096384,25.21,50.81,LPG,479.18,safe
8891,2024-01-02T00:41:40,1.757153,1.284112,0.956351,11.43,66.78,CleanAir,0.0,safe
8892,2024-01-02T00:41:50,0.032146,0.183458,0.161014,32.97,30.65,Alcohol,803.19,safe
8893,2024-01-02T00:42:00,0.895587,0.791144,0.026053,18.98,35.52,Methane,13566.76,unsafe
8894,2024-01-02T00:42:10,0.737445,0.045022,0.265101,15.72,77.82,Hydrogen,4452.34,safe
8895,2024-01-02T00:42:20,0.727099,0.115475,0.161315,27.89,51.85,Methane,5563.1,unsafe
8896,2024-01-02T00:42:30,0.067754,0.237065,0.199873,15.26,56.33,Smoke,987.73,unsafe
8897,2024-01-02T00:42:40,0.730646,0.276275,0.260376,15.89,58.86,Hydrogen,3755.9,safe
8898,2024-01-02T00:42:50,0.837099,0.038585,0.174246,39.6,80.26,LPG,3817.72,unsafe
8899,2024-01-02T00:43:00,0.140863,0.028528,0.143159,13.04,68.84,LPG,2528.04,unsafe
8900,2024-01-02T00:43:10,0.405588,0.17826,0.013004,38.21,81.37,Alcohol,1063.19,unsafe
8901,2024-01-02T00:43:20,0.801224,0.379818,0.170912,39.14,55.38,LPG,2970.46,unsafe
8902,2024-01-02T00:43:30,0.087064,0.627266,0.164984,26.2,62.25,Methane,6870.66,unsafe
8903,2024-01-02T00:43:40,0.041409,0.009797,0.164519,37.47,72.45,Alcohol,965.32,safe
8904,2024-01-02T00:43:50,0.045459,0.192597,0.13005,26.26,43.19,Propane,595.38,safe
8905,2024-01-02T00:44:00,0.722487,0.028757,0.14892,26.98,77.55,LPG,2515.3,unsafe
8906,2024-01-02T00:44:10,1.725378,1.23851,0.928175,20.56,89.46,CleanAir,0.0,safe
8907,2024-01-02T00:44:20,1.776608,1.324871,0.971647,35.28,59.72,CleanAir,0.0,safe
8908,2024-01-02T00:44:30,0.802227,0.694067,0.184347,28.28,59.22,Methane,9515.63,unsafe
8909,2024-01-02T00:44:40,0.480703,0.209613,0.012897,38.37,43.47,Alcohol,1549.11,unsafe
8910,2024-01-02T00:44:50,0.465148,0.210085,0.208639,28.89,68.57,Alcohol,1832.39,unsafe
8911,2024-01-02T00:45:00,1.80198,1.33034,0.975162,38.55,57.75,CleanAir,0.0,safe
8912,2024-01-02T00:45:10,1.793861,1.350286,0.958466,31.74,58.48,CleanAir,0.0,safe
8913,2024-01-02T00:45:20,0.870186,0.752805,0.188645,22.68,71.78,Methane,13666.7,unsafe
8914,2024-01-02T00:45:30,1.762591,1.323865,0.956854,26.41,58.91,CleanAir,0.0,safe
8915,2024-01-02T00:45:40,0.730878,0.02243,0.023094,37.81,49.3,Hydrogen,3172.68,safe
8916,2024-01-02T00:45:50,0.437408,0.159342,0.006502,17.76,84.24,Propane,447.98,safe
8917,2024-01-02T00:46:00,0.519523,0.208708,0.171867,37.69,60.66,Hydrogen,1112.46,safe
8918,2024-01-02T00:46:10,0.055355,0.197095,0.197485,15.5,61.69,Alcohol,1766.89,unsafe
8919,2024-01-02T00:46:20,0.28293,0.126773,0.090929,33.62,77.34,Alcohol,261.55,safe
8920,2024-01-02T00:46:30,0.088715,0.558745,0.02233,25.12,78.0,Methane,5686.48,unsafe
8921,2024-01-02T00:46:40,0.012984,0.009462,0.083295,13.83,81.74,CO,391.3,unsafe
8922,2024-01-02T00:46:50,1.810752,1.355397,1.011154,34.57,31.97,CleanAir,0.0,safe
8923,2024-01-02T00:47:00,0.912788,0.43942,0.185598,36.06,62.47,LPG,4760.8,unsafe
8924,2024-01-02T00:47:10,0.731474,0.599715,0.022461,20.93,75.89,Methane,6939.31,unsafe
8925,2024-01-02T00:47:20,1.846897,1.339203,1.007015,38.53,37.9,CleanAir,0.0,safe
8926,2024-01-02T00:47:30,0.054837,0.022435,0.209365,36.21,88.53,Hydrogen,2127.37,safe
8927,2024-01-02T00:47:40,0.858071,0.289938,0.190765,24.08,56.18,Propane,2308.48,unsafe
8928,2024-01-02T00:47:50,1.794892,1.351695,1.009899,34.23,37.31,CleanAir,0.0,safe
8929,2024-01-02T00:48:00,1.805078,1.326997,0.973822,36.56,53.66,CleanAir,0.0,safe
8930,2024-01-02T00:48:10,1.740937,1.323761,0.958586,16.08,47.36,CleanAir,0.0,safe
8931,2024-01-02T00:48:20,0.412906,0.016195,0.170168,16.38,48.84,Alcohol,1101.6,unsafe
8932,2024-01-02T00:48:30,0.677533,0.012928,0.180827,29.72,35.01,Smoke,681.27,unsafe
8933,2024-01-02T00:48:40,0.365451,0.144009,0.003249,24.57,30.61,Smoke,168.33,unsafe
8934,2024-01-02T00:48:50,0.621929,0.285371,0.13322,33.73,62.93,LPG,1501.59,unsafe
8935,2024-01-02T00:49:00,0.717992,0.240655,0.191732,31.7,44.03,Smoke,790.48,unsafe
8936,2024-01-02T00:49:10,0.664,0.261415,0.026169,25.19,67.39,Hydrogen,2840.93,safe
8937,2024-01-02T00:49:20,0.68364,0.221013,0.00972,11.75,75.6,Smoke,871.04,unsafe
8938,2024-01-02T00:49:30,1.067052,0.044615,0.244182,26.94,45.38,Propane,4349.49,unsafe
8939,2024-01-02T00:49:40,0.561337,0.00959,0.006364,24.74,77.94,Smoke,511.95,unsafe
8940,2024-01-02T00:49:50,0.147163,0.265368,0.180203,39.19,87.01,Propane,1967.14,unsafe
8941,2024-01-02T00:50:00,1.793877,1.297514,0.949678,14.82,41.68,CleanAir,0.0,safe
8942,2024-01-02T00:50:10,1.778815,1.338727,0.959667,37.88,63.33,CleanAir,0.0,safe
8943,2024-01-02T00:50:20,1.757088,1.296335,0.941145,25.9,73.06,CleanAir,0.0,safe
8944,2024-01-02T00:50:30,0.556224,0.009639,0.13928,26.8,45.64,Smoke,455.52,unsafe
8945,2024-01-02T00:50:40,1.737403,1.285182,0.937635,27.22,84.29,CleanAir,0.0,safe
8946,2024-01-02T00:50:50,1.705857,1.303922,0.931783,29.69,89.68,CleanAir,0.0,safe
8947,2024-01-02T00:51:00,0.956159,0.228449,0.21725,34.36,33.84,Methane,16241.18,unsafe
8948,2024-01-02T00:51:10,1.761354,1.281499,0.925805,12.78,59.02,CleanAir,0.0,safe
8949,2024-01-02T00:51:20,1.789509,1.308401,0.973227,35.29,56.28,CleanAir,0.0,safe
8950,2024-01-02T00:51:30,0.559009,0.01608,0.119998,27.18,83.37,LPG,1240.93,unsafe
8951,2024-01-02T00:51:40,1.737344,1.247925,0.924915,19.98,84.85,CleanAir,0.0,safe
8952,2024-01-02T00:51:50,1.726057,1.27971,0.924939,23.08,72.57,CleanAir,0.0,safe
8953,2024-01-02T00:52:00,0.844065,0.398686,0.028876,16.07,68.53,LPG,4406.37,unsafe
8954,2024-01-02T00:52:10,1.711416,1.271083,0.917402,16.94,75.54,CleanAir,0.0,safe
8955,2024-01-02T00:52:20,0.43431,0.016231,0.016238,15.65,45.83,Alcohol,1325.07,unsafe
8956,2024-01-02T00:52:30,1.820898,1.385568,1.003786,35.47,32.68,CleanAir,0.0,safe
8957,2024-01-02T00:52:40,0.79817,0.297264,0.029473,11.53,50.29,Hydrogen,4812.04,safe
8958,2024-01-02T00:52:50,0.371854,0.316914,0.117324,29.82,64.6,CO,1046.84,unsafe
8959,2024-01-02T00:53:00,0.754,0.612117,0.169049,38.91,39.02,Methane,5791.76,unsafe
8960,2024-01-02T00:53:10,0.893163,0.285345,0.026071,22.31,56.68,Methane,15738.34,unsafe
8961,2024-01-02T00:53:20,0.762769,0.048526,0.022416,25.62,71.02,Hydrogen,4579.34,safe
8962,2024-01-02T00:53:30,0.677989,0.275921,0.242058,37.39,52.54,Hydrogen,2705.46,safe
8963,2024-01-02T00:53:40,0.032217,0.222878,0.00629,15.69,67.89,LPG,852.0,safe
8964,2024-01-02T00:53:50,1.796921,1.346569,0.967983,25.23,36.0,CleanAir,0.0,safe
8965,2024-01-02T00:54:00,1.722603,1.254728,0.880851,17.5,85.17,CleanAir,0.0,safe
8966,2024-01-02T00:54:10,0.038784,0.24578,0.115284,30.11,51.5,LPG,970.59,safe
8967,2024-01-02T00:54:20,1.766477,1.259602,0.925047,13.49,53.69,CleanAir,0.0,safe
8968,2024-01-02T00:54:30,0.768961,0.350101,0.151527,29.82,87.92,LPG,3149.36,unsafe
8969,2024-01-02T00:54:40,0.16965,0.048399,0.263474,14.91,89.69,Hydrogen,4968.71,safe
8970,2024-01-02T00:54:50,0.710221,0.323958,0.144673,28.45,60.34,LPG,2180.41,unsafe
8971,2024-01-02T00:55:00,1.759739,1.295136,0.928146,28.35,84.33,CleanAir,0.0,safe
8972,2024-01-02T00:55:10,1.777572,1.299163,0.938174,17.21,48.02,CleanAir,0.0,safe
8973,2024-01-02T00:55:20,0.258793,0.667223,0.168274,16.03,73.59,Methane,10153.51,unsafe
8974,2024-01-02T00:55:30,1.779978,1.304306,0.974638,37.02,61.77,CleanAir,0.0,safe
8975,2024-01-02T00:55:40,1.76482,1.287284,0.938123,24.15,64.42,CleanAir,0.0,safe
8976,2024-01-02T00:55:50,1.814292,1.361175,0.953452,37.37,43.58,CleanAir,0.0,safe
8977,2024-01-02T00:56:00,0.782089,0.03872,0.28647,12.16,33.93,Hydrogen,4852.9,safe
8978,2024-01-02T00:56:10,1.785679,1.273059,0.92003,18.38,61.45,CleanAir,0.0,safe
8979,2024-01-02T00:56:20,0.03526,0.36938,0.135318,34.8,65.81,CO,1634.65,unsafe
8980,2024-01-02T00:56:30,1.751353,1.26822,0.919564,34.41,85.34,CleanAir,0.0,safe
8981,2024-01-02T00:56:40,1.769612,1.307005,0.937725,16.51,39.8,CleanAir,0.0,safe
8982,2024-01-02T00:56:50,1.815704,1.355604,0.98512,36.73,41.86,CleanAir,0.0,safe
8983,2024-01-02T00:57:00,1.76607,1.288318,0.93033,21.07,72.44,CleanAir,0.0,safe
8984,2024-01-02T00:57:10,0.937685,0.841349,0.071091,15.32,52.93,Methane,18834.8,unsafe
8985,2024-01-02T00:57:20,1.763674,1.297774,0.969616,32.82,64.99,CleanAir,0.0,safe
8986,2024-01-02T00:57:30,1.738541,1.295924,0.956338,32.54,63.02,CleanAir,0.0,safe
8987,2024-01-02T00:57:40,0.121815,0.316164,0.205506,31.69,57.77,Propane,3005.44,unsafe
8988,2024-01-02T00:57:50,1.748132,1.287767,0.93988,27.54,74.32,CleanAir,0.0,safe
8989,2024-01-02T00:58:00,0.463336,0.186973,0.146084,18.88,77.17,Hydrogen,955.72,safe
8990,2024-01-02T00:58:10,0.215992,0.022072,0.19853,35.0,72.1,Propane,2879.98,unsafe
8991,2024-01-02T00:58:20,1.775599,1.322473,0.95551,19.6,45.44,CleanAir,0.0,safe
8992,2024-01-02T00:58:30,1.761263,1.303115,0.939618,30.26,63.87,CleanAir,0.0,safe
8993,2024-01-02T00:58:40,0.414903,0.378694,0.134611,29.91,75.3,CO,1844.5,unsafe
8994,2024-01-02T00:58:50,0.49531,0.225793,0.103118,17.01,81.78,LPG,903.89,safe
8995,2024-01-02T00:59:00,1.725541,1.278324,0.89202,10.47,62.69,CleanAir,0.0,safe
8996,2024-01-02T00:59:10,1.791646,1.286187,0.929099,23.8,57.18,CleanAir,0.0,safe
8997,2024-01-02T00:59:20,0.389291,0.006373,0.089269,20.76,33.68,LPG,367.98,safe
8998,2024-01-02T00:59:30,1.739564,1.249201,0.889238,16.54,89.88,CleanAir,0.0,safe
8999,2024-01-02T00:59:40,1.759607,1.257306,0.889108,18.45,80.95,CleanAir,0.0,safe
9000,2024-01-02T00:59:50,1.800031,1.287118,0.928442,12.12,33.06,CleanAir,0.0,safe
9001,2024-01-02T01:00:00,0.391388,0.171858,0.009732,39.37,41.17,Alcohol,641.55,safe
9002,2024-01-02T01:00:10,1.796683,1.321385,0.967016,28.07,40.22,CleanAir,0.0,safe
9003,2024-01-02T01:00:20,1.728541,1.261348,0.899597,15.98,75.97,CleanAir,0.0,safe
9004,2024-01-02T01:00:30,0.790859,0.035602,0.155765,14.15,71.0,LPG,3722.02,unsafe
9005,2024-01-02T01:00:40,0.876609,0.775322,0.191935,31.12,34.61,Methane,11758.86,unsafe
9006,2024-01-02T01:00:50,0.110696,0.324448,0.018966,35.98,73.1,LPG,2309.72,unsafe
9007,2024-01-02T01:01:00,1.832903,1.350299,0.99048,38.23,35.63,CleanAir,0.0,safe
9008,2024-01-02T01:01:10,0.102849,0.533388,0.015981,29.83,85.1,Methane,5038.68,unsafe
9009,2024-01-02T01:01:20,0.168101,0.003217,0.04149,34.76,47.83,Smoke,35.38,safe
9010,2024-01-02T01:01:30,0.025705,0.166134,0.140771,33.21,88.58,Alcohol,848.1,safe
9011,2024-01-02T01:01:40,0.569138,0.261126,0.115207,18.86,80.96,LPG,1348.03,unsafe
9012,2024-01-02T01:01:50,1.778495,1.322658,0.929231,19.98,51.44,CleanAir,0.0,safe
9013,2024-01-02T01:02:00,0.364616,0.162477,0.006483,10.35,44.42,Alcohol,705.85,safe
9014,2024-01-02T01:02:10,0.776821,0.019431,0.165875,27.47,72.3,Propane,1757.03,unsafe
9015,2024-01-02T01:02:20,1.789075,1.300979,0.933018,39.8,82.91,CleanAir,0.0,safe
9016,2024-01-02T01:02:30,0.019737,0.176829,0.087297,12.81,37.36,LPG,415.46,safe
9017,2024-01-02T01:02:40,1.74873,1.314004,0.941519,39.61,85.36,CleanAir,0.0,safe
9018,2024-01-02T01:02:50,1.737575,1.275351,0.898532,24.04,81.85,CleanAir,0.0,safe
9019,2024-01-02T01:03:00,0.828498,0.032173,0.154332,11.08,85.63,LPG,4277.72,unsafe
9020,2024-01-02T01:03:10,0.785331,0.039009,0.274186,24.65,46.23,Hydrogen,4404.43,safe
9021,2024-01-02T01:03:20,1.783266,1.365536,0.964614,37.1,51.75,CleanAir,0.0,safe
9022,2024-01-02T01:03:30,1.771763,1.279305,0.920136,27.96,70.08,CleanAir,0.0,safe
9023,2024-01-02T01:03:40,0.385833,0.003249,0.003246,39.98,61.68,Smoke,184.39,unsafe
9024,2024-01-02T01:03:50,1.768826,1.305665,0.938474,38.3,73.48,CleanAir,0.0,safe
9025,2024-01-02T01:04:00,0.637296,0.012806,0.138014,31.88,35.79,Propane,832.98,safe
9026,2024-01-02T01:04:10,0.40221,0.345717,0.009522,32.68,52.61,CO,1248.32,unsafe
9027,2024-01-02T01:04:20,0.911942,0.206577,0.045064,20.62,89.93,Methane,17514.94,unsafe
9028,2024-01-02T01:04:30,0.659824,0.251952,0.216943,26.18,59.08,Hydrogen,2523.79,safe
9029,2024-01-02T01:04:40,1.81077,1.373111,0.985917,35.87,31.41,CleanAir,0.0,safe
9030,2024-01-02T01:04:50,0.051439,0.029906,0.013058,18.62,42.06,CO,1358.67,unsafe
9031,2024-01-02T01:05:00,0.439523,0.009746,0.095908,31.33,57.28,LPG,545.91,safe
9032,2024-01-02T01:05:10,0.863692,0.165562,0.177389,13.13,73.75,Methane,13438.31,unsafe
9033,2024-01-02T01:05:20,1.74361,1.265895,0.908172,22.06,75.25,CleanAir,0.0,safe
9034,2024-01-02T01:05:30,0.769589,0.080986,0.166705,38.99,50.51,Methane,6672.69,unsafe
9035,2024-01-02T01:05:40,1.743032,1.239733,0.87986,19.27,82.6,CleanAir,0.0,safe
9036,2024-01-02T01:05:50,1.781918,1.338761,0.958761,35.79,45.65,CleanAir,0.0,safe
9037,2024-01-02T01:06:00,0.045032,0.025818,0.126719,25.4,37.08,LPG,1331.67,unsafe
9038,2024-01-02T01:06:10,1.746406,1.301028,0.900807,31.72,78.28,CleanAir,0.0,safe
9039,2024-01-02T01:06:20,1.767464,1.271167,0.934801,11.61,53.05,CleanAir,0.0,safe
9040,2024-01-02T01:06:30,1.828729,1.383719,0.965745,35.74,35.39,CleanAir,0.0,safe
9041,2024-01-02T01:06:40,0.669178,0.016389,0.009894,21.44,68.16,Smoke,759.74,unsafe
9042,2024-01-02T01:06:50,1.803373,1.324596,0.939536,22.39,39.52,CleanAir,0.0,safe
9043,2024-01-02T01:07:00,1.798046,1.337718,0.947575,24.75,47.11,CleanAir,0.0,safe
9044,2024-01-02T01:07:10,0.128765,0.757384,0.053984,26.02,58.65,Methane,13082.99,unsafe
9045,2024-01-02T01:07:20,0.52098,0.185031,0.115498,36.06,62.01,Propane,537.86,safe
9046,2024-01-02T01:07:30,0.372076,0.048651,0.235916,21.17,61.03,Propane,4925.94,unsafe
9047,2024-01-02T01:07:40,1.793673,1.28371,0.916136,36.68,87.51,CleanAir,0.0,safe
9048,2024-01-02T01:07:50,1.788595,1.339834,0.965216,21.68,30.75,CleanAir,0.0,safe
9049,2024-01-02T01:08:00,0.097052,0.042632,0.299837,31.26,32.42,Hydrogen,4967.73,safe
9050,2024-01-02T01:08:10,1.78698,1.293557,0.923295,12.34,42.62,CleanAir,0.0,safe
9051,2024-01-02T01:08:20,1.787576,1.304823,0.928496,29.08,71.54,CleanAir,0.0,safe
9052,2024-01-02T01:08:30,1.760353,1.272519,0.886216,13.31,88.67,CleanAir,0.0,safe
9053,2024-01-02T01:08:40,1.823055,1.334532,0.98134,30.19,33.44,CleanAir,0.0,safe
9054,2024-01-02T01:08:50,0.955299,0.825387,0.068191,27.83,45.58,Methane,16639.11,unsafe
9055,2024-01-02T01:09:00,0.098851,0.029216,0.236781,24.51,38.58,Hydrogen,2873.87,safe
9056,2024-01-02T01:09:10,0.032645,0.193178,0.147397,25.48,67.98,Hydrogen,936.56,safe
9057,2024-01-02T01:09:20,1.793543,1.324705,0.951449,31.5,50.45,CleanAir,0.0,safe
9058,2024-01-02T01:09:30,1.042137,0.332999,0.215818,14.5,49.05,Propane,4056.78,unsafe
9059,2024-01-02T01:09:40,0.788391,0.647514,0.166976,29.57,37.28,Methane,6813.05,unsafe
9060,2024-01-02T01:09:50,0.280717,0.161443,0.003228,37.01,69.58,CO,239.87,unsafe
9061,2024-01-02T01:10:00,0.386898,0.019171,0.116311,15.05,60.54,CO,1285.75,unsafe
9062,2024-01-02T01:10:10,0.348491,0.15368,0.006466,30.5,50.0,Alcohol,435.3,safe
9063,2024-01-02T01:10:20,1.779036,1.293938,0.926098,19.81,50.66,CleanAir,0.0,safe
9064,2024-01-02T01:10:30,0.328786,0.006477,0.10705,25.98,55.83,Alcohol,416.64,safe
9065,2024-01-02T01:10:40,1.763268,1.263291,0.888782,21.88,88.61,CleanAir,0.0,safe
9066,2024-01-02T01:10:50,0.404243,0.17305,0.148662,32.5,55.07,Alcohol,808.23,safe
9067,2024-01-02T01:11:00,1.778063,1.327852,0.939474,30.46,51.78,CleanAir,0.0,safe
9068,2024-01-02T01:11:10,0.108636,0.249592,0.016279,15.34,37.28,Hydrogen,2035.0,safe
9069,2024-01-02T01:11:20,0.880252,0.74144,0.185114,36.34,49.73,Methane,10431.34,unsafe
9070,2024-01-02T01:11:30,0.455764,0.164959,0.104456,27.35,51.34,Propane,374.67,safe
9071,2024-01-02T01:11:40,1.791725,1.303955,0.936237,26.94,59.26,CleanAir,0.0,safe
9072,2024-01-02T01:11:50,1.799048,1.349375,0.993794,38.2,40.3,CleanAir,0.0,safe
9073,2024-01-02T01:12:00,1.779326,1.285393,0.914298,36.24,80.79,CleanAir,0.0,safe
9074,2024-01-02T01:12:10,0.437784,0.385246,0.131274,21.46,36.6,CO,1643.62,unsafe
9075,2024-01-02T01:12:20,0.394375,0.340182,0.009755,26.39,65.18,CO,1306.24,unsafe
9076,2024-01-02T01:12:30,1.766208,1.291843,0.913567,27.58,73.11,CleanAir,0.0,safe
9077,2024-01-02T01:12:40,0.927566,0.826019,0.195636,19.17,43.05,Methane,15900.31,unsafe
9078,2024-01-02T01:12:50,0.432643,0.035863,0.00966,11.85,38.01,CO,1897.39,unsafe
9079,2024-01-02T01:13:00,0.491044,0.203348,0.210242,13.34,37.38,Alcohol,1928.62,unsafe
9080,2024-01-02T01:13:10,1.802738,1.307421,0.927212,33.68,69.22,CleanAir,0.0,safe
9081,2024-01-02T01:13:20,1.79758,1.343001,0.933192,27.41,44.47,CleanAir,0.0,safe
9082,2024-01-02T01:13:30,1.807835,1.338473,0.957859,39.44,42.67,CleanAir,0.0,safe
9083,2024-01-02T01:13:40,1.800977,1.287434,0.922544,30.46,81.39,CleanAir,0.0,safe
9084,2024-01-02T01:13:50,0.701127,0.269173,0.246491,19.21,79.36,Hydrogen,3928.36,safe
9085,2024-01-02T01:14:00,1.812315,1.293891,0.931327,18.99,45.68,CleanAir,0.0,safe
9086,2024-01-02T01:14:10,1.793832,1.313733,0.931019,36.61,65.01,CleanAir,0.0,safe
9087,2024-01-02T01:14:20,0.217419,0.074477,0.149974,23.51,69.32,Methane,5687.96,unsafe
9088,2024-01-02T01:14:30,1.833212,1.338825,0.969188,32.15,30.28,CleanAir,0.0,safe
9089,2024-01-02T01:14:40,0.06437,0.20404,0.201975,10.78,41.59,Alcohol,1955.96,unsafe
9090,2024-01-02T01:14:50,0.006395,0.003267,0.058728,34.05,34.88,Smoke,72.41,unsafe
9091,2024-01-02T01:15:00,1.779566,1.309413,0.958586,17.1,36.67,CleanAir,0.0,safe
9092,2024-01-02T01:15:10,0.20169,0.393298,0.161738,20.94,34.47,LPG,3315.44,unsafe
9093,2024-01-02T01:15:20,1.771057,1.291196,0.916841,33.96,78.19,CleanAir,0.0,safe
9094,2024-01-02T01:15:30,1.787443,1.29222,0.93778,24.31,49.09,CleanAir,0.0,safe
9095,2024-01-02T01:15:40,0.443361,0.175037,0.006403,26.39,52.42,Hydrogen,621.52,safe
9096,2024-01-02T01:15:50,1.784068,1.300925,0.912992,30.5,86.23,CleanAir,0.0,safe
9097,2024-01-02T01:16:00,0.495154,0.170287,0.118446,18.75,65.07,Smoke,363.65,unsafe
9098,2024-01-02T01:16:10,1.805406,1.319748,0.948805,33.23,47.06,CleanAir,0.0,safe
9099,2024-01-02T01:16:20,0.671238,0.218662,0.164337,30.89,78.38,Smoke,759.49,unsafe
9100,2024-01-02T01:16:30,1.78078,1.310741,0.91586,39.9,75.01,CleanAir,0.0,safe
9101,2024-01-02T01:16:40,0.031913,0.342425,0.012887,28.55,78.56,CO,1398.17,unsafe
9102,2024-01-02T01:16:50,0.032575,0.019542,0.117025,15.56,55.24,CO,1236.04,unsafe
9103,2024-01-02T01:17:00,0.387648,0.009682,0.139172,18.57,47.78,Alcohol,831.83,safe
9104,2024-01-02T01:17:10,1.764079,1.305858,0.919914,36.05,80.52,CleanAir,0.0,safe
9105,2024-01-02T01:17:20,0.653746,0.255096,0.220479,19.88,52.0,Hydrogen,2552.04,safe
9106,2024-01-02T01:17:30,1.729888,1.2667,0.888354,18.84,83.62,CleanAir,0.0,safe
9107,2024-01-02T01:17:40,0.02231,0.159216,0.100225,24.66,58.35,Propane,364.65,safe
9108,2024-01-02T01:17:50,1.794482,1.322557,0.909899,17.86,46.88,CleanAir,0.0,safe
9109,2024-01-02T01:18:00,1.776397,1.2928,0.867663,21.09,78.56,CleanAir,0.0,safe
9110,2024-01-02T01:18:10,0.896527,0.152378,0.188544,31.61,55.79,Methane,13337.82,unsafe
9111,2024-01-02T01:18:20,0.72328,0.338483,0.144755,24.0,47.47,LPG,2289.24,unsafe
9112,2024-01-02T01:18:30,0.735473,0.356252,0.149483,20.39,31.94,LPG,2414.03,unsafe
9113,2024-01-02T01:18:40,0.043951,0.225887,0.168586,38.5,67.08,Smoke,717.85,unsafe
9114,2024-01-02T01:18:50,1.791086,1.30126,0.918168,37.59,84.07,CleanAir,0.0,safe
9115,2024-01-02T01:19:00,0.343487,0.249046,0.003201,36.52,39.24,CO,529.42,unsafe
9116,2024-01-02T01:19:10,0.743957,0.254932,0.016473,39.17,62.88,Propane,1354.61,unsafe
9117,2024-01-02T01:19:20,0.042208,0.417822,0.140697,30.75,39.51,CO,1861.5,unsafe
9118,2024-01-02T01:19:30,1.746009,1.2786,0.900641,24.12,85.09,CleanAir,0.0,safe
9119,2024-01-02T01:19:40,1.747334,1.324998,0.918084,23.3,64.43,CleanAir,0.0,safe
9120,2024-01-02T01:19:50,0.847857,0.727258,0.022676,32.89,72.24,Methane,11958.88,unsafe
9121,2024-01-02T01:20:00,0.750807,0.028755,0.260654,28.54,35.45,Hydrogen,3563.42,safe
9122,2024-01-02T01:20:10,0.409,0.012771,0.16057,15.53,62.08,Alcohol,1158.14,unsafe
9123,2024-01-02T01:20:20,0.038465,0.171603,0.105395,11.65,80.36,Propane,554.54,safe
9124,2024-01-02T01:20:30,0.119338,0.286172,0.032546,28.74,88.45,Hydrogen,4065.92,safe
9125,2024-01-02T01:20:40,0.843103,0.392045,0.019079,30.62,57.51,LPG,3632.48,unsafe
9126,2024-01-02T01:20:50,0.789126,0.313162,0.276415,17.18,33.02,Hydrogen,4471.58,safe
9127,2024-01-02T01:21:00,0.758223,0.351074,0.143736,20.34,89.15,LPG,3202.61,unsafe
9128,2024-01-02T01:21:10,0.763113,0.039098,0.276578,34.25,75.77,Hydrogen,4612.39,safe
9129,2024-01-02T01:21:20,1.736762,1.316649,0.90929,29.11,77.44,CleanAir,0.0,safe
9130,2024-01-02T01:21:30,0.019626,0.018973,0.102598,19.12,88.97,CO,916.57,unsafe
9131,2024-01-02T01:21:40,0.012855,0.185585,0.076894,11.19,81.13,CO,384.63,unsafe
9132,2024-01-02T01:21:50,0.864988,0.268521,0.186685,34.27,81.93,Methane,14378.59,unsafe
9133,2024-01-02T01:22:00,0.664496,0.266912,0.227543,28.6,45.87,Hydrogen,2523.25,safe
9134,2024-01-02T01:22:10,0.068486,0.414025,0.139384,31.98,49.13,CO,1897.74,unsafe
9135,2024-01-02T01:22:20,0.309967,0.232807,0.006465,14.22,58.57,CO,575.38,unsafe
9136,2024-01-02T01:22:30,0.866114,0.187709,0.191383,18.58,60.66,Methane,14447.16,unsafe
9137,2024-01-02T01:22:40,1.770035,1.32054,0.940715,23.38,51.26,CleanAir,0.0,safe
9138,2024-01-02T01:22:50,0.889113,0.423633,0.171111,14.49,37.39,LPG,4441.42,unsafe
9139,2024-01-02T01:23:00,0.407057,0.354694,0.124906,27.99,68.95,CO,1488.91,unsafe
9140,2024-01-02T01:23:10,1.790235,1.338806,0.955729,17.0,30.31,CleanAir,0.0,safe
9141,2024-01-02T01:23:20,0.01604,0.142242,0.102971,12.68,87.43,Alcohol,467.94,safe
9142,2024-01-02T01:23:30,1.705595,1.262687,0.888687,14.3,88.36,CleanAir,0.0,safe
9143,2024-01-02T01:23:40,1.812479,1.357642,0.963708,25.31,36.17,CleanAir,0.0,safe
9144,2024-01-02T01:23:50,1.755258,1.300634,0.91729,33.26,83.11,CleanAir,0.0,safe
9145,2024-01-02T01:24:00,0.471828,0.209631,0.205873,38.11,80.14,Alcohol,1887.09,unsafe
9146,2024-01-02T01:24:10,1.726869,1.279732,0.8854,20.44,85.7,CleanAir,0.0,safe
9147,2024-01-02T01:24:20,0.688018,0.277236,0.022346,11.54,51.12,Hydrogen,3434.08,safe
9148,2024-01-02T01:24:30,0.715611,0.247339,0.013084,23.11,78.21,Propane,1540.27,unsafe
9149,2024-01-02T01:24:40,0.466482,0.009657,0.108214,17.32,43.31,Propane,444.6,safe
9150,2024-01-02T01:24:50,0.514703,0.187955,0.006402,13.79,54.12,Propane,622.91,safe
9151,2024-01-02T01:25:00,1.714533,1.25863,0.871568,12.04,82.67,CleanAir,0.0,safe
9152,2024-01-02T01:25:10,0.552751,0.848372,0.195927,27.3,63.57,Methane,18928.37,unsafe
9153,2024-01-02T01:25:20,1.704947,1.292753,0.902876,15.06,58.78,CleanAir,0.0,safe
9154,2024-01-02T01:25:30,0.794851,0.388315,0.01923,32.63,74.33,LPG,3437.81,unsafe
9155,2024-01-02T01:25:40,1.737905,1.307792,0.926181,21.69,64.04,CleanAir,0.0,safe
9156,2024-01-02T01:25:50,1.722549,1.283212,0.920802,23.71,69.3,CleanAir,0.0,safe
9157,2024-01-02T01:26:00,0.206618,0.003237,0.05447,29.05,65.15,CO,83.29,unsafe
9158,2024-01-02T01:26:10,0.663552,0.273054,0.019562,20.48,58.38,Hydrogen,3073.01,safe
9159,2024-01-02T01:26:20,0.730704,0.351517,0.150617,34.25,60.02,LPG,2500.53,unsafe
9160,2024-01-02T01:26:30,0.350401,0.139595,0.003178,27.03,73.36,Smoke,176.51,unsafe
9161,2024-01-02T01:26:40,0.757974,0.294433,0.257401,13.57,48.59,Hydrogen,4225.7,safe
9162,2024-01-02T01:26:50,0.51135,0.208803,0.012697,18.99,31.09,Hydrogen,963.83,safe
9163,2024-01-02T01:27:00,1.808369,1.358441,0.960395,34.52,39.88,CleanAir,0.0,safe
9164,2024-01-02T01:27:10,0.274988,0.116775,0.064209,30.66,43.27,Smoke,93.33,unsafe
9165,2024-01-02T01:27:20,1.751113,1.282444,0.887522,18.96,76.36,CleanAir,0.0,safe
9166,2024-01-02T01:27:30,0.045373,0.032613,0.124906,14.35,33.23,CO,1530.09,unsafe
9167,2024-01-02T01:27:40,1.739595,1.295465,0.894462,21.51,67.29,CleanAir,0.0,safe
9168,2024-01-02T01:27:50,1.760268,1.360127,0.926791,34.58,51.2,CleanAir,0.0,safe
9169,2024-01-02T01:28:00,0.302768,0.217934,0.087314,19.0,72.55,CO,519.05,unsafe
9170,2024-01-02T01:28:10,0.474579,0.176242,0.112817,17.92,39.89,Smoke,328.97,unsafe
9171,2024-01-02T01:28:20,0.767037,0.106627,0.162682,36.92,84.62,Methane,8522.66,unsafe
9172,2024-01-02T01:28:30,1.755509,1.28772,0.898819,11.61,59.84,CleanAir,0.0,safe
9173,2024-01-02T01:28:40,0.267973,0.006457,0.074483,15.23,70.51,CO,304.53,unsafe
9174,2024-01-02T01:28:50,0.094295,0.685924,0.168121,35.4,38.17,Methane,7216.44,unsafe
9175,2024-01-02T01:29:00,1.775844,1.335688,0.924591,39.51,64.17,CleanAir,0.0,safe
9176,2024-01-02T01:29:10,1.738611,1.294923,0.887603,24.5,79.41,CleanAir,0.0,safe
9177,2024-01-02T01:29:20,1.736911,1.285166,0.897597,23.27,79.74,CleanAir,0.0,safe
9178,2024-01-02T01:29:30,0.449101,0.166401,0.106281,10.24,89.08,Smoke,361.91,unsafe
9179,2024-01-02T01:29:40,1.816322,1.368399,0.956106,36.05,40.3,CleanAir,0.0,safe
9180,2024-01-02T01:29:50,0.468741,0.013057,0.096853,34.86,87.88,LPG,734.54,safe
9181,2024-01-02T01:30:00,1.769387,1.310998,0.910413,11.45,49.24,CleanAir,0.0,safe
9182,2024-01-02T01:30:10,1.75684,1.305944,0.898667,29.69,87.3,CleanAir,0.0,safe
9183,2024-01-02T01:30:20,1.776169,1.330542,0.938493,25.15,39.4,CleanAir,0.0,safe
9184,2024-01-02T01:30:30,0.604485,0.294318,0.125864,32.61,42.09,LPG,1315.31,unsafe
9185,2024-01-02T01:30:40,1.732382,1.314384,0.91046,13.87,42.58,CleanAir,0.0,safe
9186,2024-01-02T01:30:50,1.741381,1.286219,0.890216,14.54,66.62,CleanAir,0.0,safe
9187,2024-01-02T01:31:00,1.767853,1.357842,0.95243,23.89,33.35,CleanAir,0.0,safe
9188,2024-01-02T01:31:10,1.040103,0.368116,0.221632,22.88,62.67,Propane,4730.67,unsafe
9189,2024-01-02T01:31:20,0.418393,0.420196,0.133859,38.79,70.85,CO,1941.13,unsafe
9190,2024-01-02T01:31:30,0.267655,0.12378,0.063969,32.05,62.23,Smoke,102.77,unsafe
9191,2024-01-02T01:31:40,0.14867,0.370075,0.031948,38.42,78.75,Propane,4633.56,unsafe
9192,2024-01-02T01:31:50,1.714419,1.315782,0.894056,25.68,79.25,CleanAir,0.0,safe
9193,2024-01-02T01:32:00,0.022796,0.016173,0.102977,31.94,71.02,CO,812.54,unsafe
9194,2024-01-02T01:32:10,1.786661,1.379805,0.94719,33.62,39.97,CleanAir,0.0,safe
9195,2024-01-02T01:32:20,1.830559,1.363154,0.95943,38.74,33.24,CleanAir,0.0,safe
9196,2024-01-02T01:32:30,0.671673,0.013011,0.169881,13.53,39.95,Smoke,801.29,unsafe
9197,2024-01-02T01:32:40,0.684198,0.225285,0.009758,12.92,84.28,Smoke,956.75,unsafe
9198,2024-01-02T01:32:50,1.768543,1.34571,0.944324,27.66,42.46,CleanAir,0.0,safe
9199,2024-01-02T01:33:00,1.024349,0.340567,0.016274,22.6,84.91,Propane,4465.77,unsafe
9200,2024-01-02T01:33:10,0.035569,0.225919,0.102537,32.2,89.78,LPG,862.25,safe
9201,2024-01-02T01:33:20,1.758909,1.316168,0.942223,18.71,36.71,CleanAir,0.0,safe
9202,2024-01-02T01:33:30,1.68702,1.280104,0.880709,14.27,69.73,CleanAir,0.0,safe
9203,2024-01-02T01:33:40,0.322891,0.148598,0.111008,30.33,83.95,Alcohol,490.3,safe
9204,2024-01-02T01:33:50,1.730123,1.315431,0.922707,27.5,69.18,CleanAir,0.0,safe
9205,2024-01-02T01:34:00,1.77097,1.315846,0.914026,24.32,60.64,CleanAir,0.0,safe
9206,2024-01-02T01:34:10,1.715371,1.26995,0.900911,30.3,87.76,CleanAir,0.0,safe
9207,2024-01-02T01:34:20,1.754155,1.30297,0.90679,19.39,63.56,CleanAir,0.0,safe
9208,2024-01-02T01:34:30,0.374669,0.349843,0.114721,17.04,73.39,CO,1431.82,unsafe
9209,2024-01-02T01:34:40,1.745936,1.283036,0.886941,22.93,88.28,CleanAir,0.0,safe
9210,2024-01-02T01:34:50,0.340915,0.00643,0.118538,29.85,45.73,Alcohol,500.28,safe
9211,2024-01-02T01:35:00,0.286945,0.135253,0.091909,19.42,51.36,Alcohol,285.79,safe
9212,2024-01-02T01:35:10,1.764843,1.333525,0.942784,28.37,53.2,CleanAir,0.0,safe
9213,2024-01-02T01:35:20,0.454639,0.172356,0.104893,10.87,37.5,Propane,436.99,safe
9214,2024-01-02T01:35:30,1.743762,1.308105,0.921834,34.5,89.97,CleanAir,0.0,safe
9215,2024-01-02T01:35:40,0.74965,0.651707,0.03541,24.41,38.69,Methane,7160.27,unsafe
9216,2024-01-02T01:35:50,0.840271,0.408267,0.012945,23.38,57.66,LPG,4111.05,unsafe
9217,2024-01-02T01:36:00,1.707799,1.316371,0.89249,23.24,76.36,CleanAir,0.0,safe
9218,2024-01-02T01:36:10,0.679055,0.324209,0.141741,30.7,55.82,LPG,2115.72,unsafe
9219,2024-01-02T01:36:20,0.006466,0.113572,0.003265,10.62,45.06,Alcohol,139.55,safe
9220,2024-01-02T01:36:30,0.509332,0.176457,0.00649,23.12,83.59,Smoke,440.38,unsafe
9221,2024-01-02T01:36:40,0.589093,0.203497,0.142862,16.57,80.02,Smoke,644.01,unsafe
9222,2024-01-02T01:36:50,1.763789,1.334129,0.925059,22.28,49.62,CleanAir,0.0,safe
9223,2024-01-02T01:37:00,0.418207,0.012926,0.00966,14.38,45.45,Alcohol,1271.28,unsafe
9224,2024-01-02T01:37:10,1.784456,1.339674,0.956964,37.67,53.03,CleanAir,0.0,safe
9225,2024-01-02T01:37:20,0.735394,0.035552,0.265917,23.65,59.59,Hydrogen,4246.97,safe
9226,2024-01-02T01:37:30,0.337807,0.800203,0.197234,31.73,51.11,Methane,13994.97,unsafe
9227,2024-01-02T01:37:40,0.359927,0.332797,0.11532,19.12,87.25,CO,1464.2,unsafe
9228,2024-01-02T01:37:50,1.75448,1.32643,0.917104,18.9,55.43,CleanAir,0.0,safe
9229,2024-01-02T01:38:00,0.834361,0.753418,0.038588,14.84,61.77,Methane,13318.58,unsafe
9230,2024-01-02T01:38:10,1.75324,1.305729,0.903771,24.81,76.79,CleanAir,0.0,safe
9231,2024-01-02T01:38:20,0.815339,0.732365,0.172179,29.1,86.23,Methane,12181.15,unsafe
9232,2024-01-02T01:38:30,1.757807,1.310492,0.920908,35.14,69.23,CleanAir,0.0,safe
9233,2024-01-02T01:38:40,1.697184,1.29769,0.902869,26.5,78.57,CleanAir,0.0,safe
9234,2024-01-02T01:38:50,0.760924,0.091304,0.162345,17.54,76.3,Methane,9211.68,unsafe
9235,2024-01-02T01:39:00,1.739396,1.292089,0.918254,26.83,68.87,CleanAir,0.0,safe
9236,2024-01-02T01:39:10,1.759617,1.308006,0.926334,21.86,53.57,CleanAir,0.0,safe
9237,2024-01-02T01:39:20,0.06124,0.022552,0.009623,32.12,65.76,Propane,1419.93,unsafe
9238,2024-01-02T01:39:30,1.743151,1.317561,0.922143,15.06,43.43,CleanAir,0.0,safe
9239,2024-01-02T01:39:40,0.029341,0.009779,0.124776,21.49,63.7,Smoke,428.46,unsafe
9240,2024-01-02T01:39:50,0.590329,0.240063,0.198361,15.06,72.78,Hydrogen,2231.58,safe
9241,2024-01-02T01:40:00,0.916891,0.041832,0.190604,22.83,64.8,Propane,2948.5,unsafe
9242,2024-01-02T01:40:10,1.809858,1.377137,0.967348,37.85,37.62,CleanAir,0.0,safe
9243,2024-01-02T01:40:20,0.079111,0.019424,0.122605,20.01,85.66,LPG,1739.57,unsafe
9244,2024-01-02T01:40:30,0.02276,0.29464,0.112208,33.76,32.3,CO,748.92,unsafe
9245,2024-01-02T01:40:40,1.777523,1.321217,0.927711,21.59,53.96,CleanAir,0.0,safe
9246,2024-01-02T01:40:50,1.727454,1.309555,0.908662,25.91,78.71,CleanAir,0.0,safe
9247,2024-01-02T01:41:00,0.420805,0.166505,0.003246,25.92,56.23,Smoke,262.99,unsafe
9248,2024-01-02T01:41:10,0.351315,0.285375,0.108474,34.39,67.09,CO,852.73,unsafe
9249,2024-01-02T01:41:20,0.513291,0.246388,0.109969,18.49,62.43,LPG,1009.37,unsafe
9250,2024-01-02T01:41:30,0.102388,0.379181,0.156002,21.14,86.98,LPG,3914.53,unsafe
9251,2024-01-02T01:41:40,1.760595,1.313695,0.920332,24.2,69.96,CleanAir,0.0,safe
9252,2024-01-02T01:41:50,1.080281,0.372488,0.045069,16.1,37.09,Propane,4951.82,unsafe
9253,2024-01-02T01:42:00,0.34205,0.273254,0.102852,36.06,60.62,CO,710.81,unsafe
9254,2024-01-02T01:42:10,0.594541,0.249594,0.200294,24.6,32.93,Hydrogen,1711.56,safe
9255,2024-01-02T01:42:20,0.365901,0.019642,0.006521,13.06,36.02,CO,1012.41,unsafe
9256,2024-01-02T01:42:30,0.383244,0.374368,0.125842,10.32,54.44,CO,1714.84,unsafe
9257,2024-01-02T01:42:40,1.782723,1.345841,0.946104,35.5,61.27,CleanAir,0.0,safe
9258,2024-01-02T01:42:50,0.35431,0.290631,0.106319,13.35,39.22,CO,867.9,unsafe
9259,2024-01-02T01:43:00,1.772318,1.312666,0.934691,28.98,83.07,CleanAir,0.0,safe
9260,2024-01-02T01:43:10,0.427264,0.197587,0.171495,32.79,34.3,Alcohol,1052.44,unsafe
9261,2024-01-02T01:43:20,0.228786,0.112591,0.065478,11.09,55.46,Alcohol,143.04,safe
9262,2024-01-02T01:43:30,1.762261,1.345937,0.924657,11.27,35.75,CleanAir,0.0,safe
9263,2024-01-02T01:43:40,1.766379,1.369653,0.951978,35.01,55.27,CleanAir,0.0,safe
9264,2024-01-02T01:43:50,1.757162,1.269916,0.867514,16.68,81.7,CleanAir,0.0,safe
9265,2024-01-02T01:44:00,1.808096,1.346211,0.925183,20.35,35.79,CleanAir,0.0,safe
9266,2024-01-02T01:44:10,0.31841,0.006353,0.106528,28.65,73.65,Alcohol,432.47,safe
9267,2024-01-02T01:44:20,0.405267,0.172752,0.125269,35.93,87.74,Hydrogen,614.07,safe
9268,2024-01-02T01:44:30,1.762771,1.334207,0.926686,30.11,57.04,CleanAir,0.0,safe
9269,2024-01-02T01:44:40,1.792615,1.331493,0.952935,33.42,47.25,CleanAir,0.0,safe
9270,2024-01-02T01:44:50,0.381081,0.186432,0.086123,31.29,46.19,LPG,378.32,safe
9271,2024-01-02T01:45:00,0.769369,0.658432,0.164896,31.2,48.09,Methane,7420.61,unsafe
9272,2024-01-02T01:45:10,1.054417,0.349231,0.227417,32.52,72.33,Propane,4493.92,unsafe
9273,2024-01-02T01:45:20,1.755415,1.306913,0.900505,25.6,55.77,CleanAir,0.0,safe
9274,2024-01-02T01:45:30,0.292023,0.138469,0.003211,30.96,89.33,LPG,216.66,safe
9275,2024-01-02T01:45:40,0.774518,0.055097,0.277111,16.08,33.22,Hydrogen,4783.4,safe
9276,2024-01-02T01:45:50,1.749339,1.281102,0.891545,12.14,70.35,CleanAir,0.0,safe
9277,2024-01-02T01:46:00,1.71414,1.25216,0.879334,16.68,80.31,CleanAir,0.0,safe
9278,2024-01-02T01:46:10,0.22507,0.003211,0.057793,17.33,54.45,CO,124.44,unsafe
9279,2024-01-02T01:46:20,0.371,0.147442,0.090189,29.84,62.89,Propane,267.34,safe
9280,2024-01-02T01:46:30,0.827059,0.060563,0.157305,24.36,67.87,LPG,3831.4,unsafe
9281,2024-01-02T01:46:40,1.776963,1.3377,0.947851,29.31,42.41,CleanAir,0.0,safe
9282,2024-01-02T01:46:50,1.777358,1.369127,0.946223,29.71,38.87,CleanAir,0.0,safe
9283,2024-01-02T01:47:00,0.732107,0.141071,0.152543,26.92,72.81,Methane,6838.57,unsafe
9284,2024-01-02T01:47:10,0.019492,0.245318,0.093264,34.62,86.18,CO,606.87,unsafe
9285,2024-01-02T01:47:20,1.771445,1.342928,0.909554,16.49,45.79,CleanAir,0.0,safe
9286,2024-01-02T01:47:30,0.85113,0.045357,0.171605,29.58,42.55,LPG,3873.27,unsafe
9287,2024-01-02T01:47:40,1.759577,1.273627,0.910326,30.98,86.89,CleanAir,0.0,safe
9288,2024-01-02T01:47:50,0.006417,0.114885,0.06026,24.11,32.7,Smoke,84.08,unsafe
9289,2024-01-02T01:48:00,1.767101,1.309525,0.927185,16.54,37.27,CleanAir,0.0,safe
9290,2024-01-02T01:48:10,1.765685,1.312757,0.937765,18.97,39.78,CleanAir,0.0,safe
9291,2024-01-02T01:48:20,1.765416,1.325095,0.918492,11.83,33.93,CleanAir,0.0,safe
9292,2024-01-02T01:48:30,1.784607,1.354739,0.958728,21.26,33.39,CleanAir,0.0,safe
9293,2024-01-02T01:48:40,1.747603,1.356531,0.898042,32.42,74.6,CleanAir,0.0,safe
9294,2024-01-02T01:48:50,0.042073,0.221128,0.006449,31.18,34.33,Smoke,590.83,unsafe
9295,2024-01-02T01:49:00,0.009705,0.003284,0.003257,34.96,58.9,CO,160.62,unsafe
9296,2024-01-02T01:49:10,0.061482,0.028591,0.217962,14.7,85.91,Hydrogen,3347.07,safe
9297,2024-01-02T01:49:20,0.330179,0.15657,0.07804,34.06,36.07,LPG,234.98,safe
9298,2024-01-02T01:49:30,0.624855,0.2083,0.151923,18.81,86.41,Smoke,738.07,unsafe
9299,2024-01-02T01:49:40,1.776025,1.334481,0.926058,35.42,58.4,CleanAir,0.0,safe
9300,2024-01-02T01:49:50,0.35276,0.163968,0.122472,25.32,55.03,Alcohol,611.02,safe
9301,2024-01-02T01:50:00,1.744603,1.299581,0.897557,19.37,61.7,CleanAir,0.0,safe
9302,2024-01-02T01:50:10,1.711652,1.271529,0.873733,12.51,70.44,CleanAir,0.0,safe
9303,2024-01-02T01:50:20,0.093221,0.048835,0.25848,11.79,43.48,Hydrogen,4590.28,safe
9304,2024-01-02T01:50:30,1.788378,1.379046,0.973362,39.08,34.31,CleanAir,0.0,safe
9305,2024-01-02T01:50:40,0.820012,0.279191,0.174799,30.38,45.17,Propane,1819.25,unsafe
9306,2024-01-02T01:50:50,0.792639,0.375664,0.154738,13.96,33.06,LPG,3201.54,unsafe
9307,2024-01-02T01:51:00,1.722127,1.29317,0.889607,17.93,67.4,CleanAir,0.0,safe
9308,2024-01-02T01:51:10,1.792888,1.326275,0.929539,20.42,42.46,CleanAir,0.0,safe
9309,2024-01-02T01:51:20,1.793229,1.359779,0.930245,33.74,44.56,CleanAir,0.0,safe
9310,2024-01-02T01:51:30,0.325051,0.262917,0.097534,12.2,77.33,CO,843.11,unsafe
9311,2024-01-02T01:51:40,0.775404,0.312783,0.026177,14.61,33.09,Hydrogen,4615.42,safe
9312,2024-01-02T01:51:50,0.077109,0.25495,0.190635,39.12,58.19,Smoke,938.47,unsafe
9313,2024-01-02T01:52:00,0.339912,0.26941,0.006341,14.98,42.58,CO,774.87,unsafe
9314,2024-01-02T01:52:10,0.232492,0.408925,0.164658,16.35,45.84,LPG,4153.72,unsafe
9315,2024-01-02T01:52:20,1.704769,1.270129,0.870948,19.5,87.3,CleanAir,0.0,safe
9316,2024-01-02T01:52:30,0.799515,0.397314,0.157804,36.49,45.64,LPG,3147.12,unsafe
9317,2024-01-02T01:52:40,1.747333,1.313345,0.896194,38.28,79.12,CleanAir,0.0,safe
9318,2024-01-02T01:52:50,1.769924,1.311993,0.930242,28.39,52.21,CleanAir,0.0,safe
9319,2024-01-02T01:53:00,1.757115,1.295245,0.908178,19.92,58.86,CleanAir,0.0,safe
9320,2024-01-02T01:53:10,0.11086,0.244304,0.154536,22.01,57.78,Propane,1472.87,unsafe
9321,2024-01-02T01:53:20,1.716057,1.259711,0.888396,16.35,58.09,CleanAir,0.0,safe
9322,2024-01-02T01:53:30,0.810646,0.379663,0.150369,10.25,72.38,LPG,4092.18,unsafe
9323,2024-01-02T01:53:40,1.764493,1.32655,0.922518,29.82,58.98,CleanAir,0.0,safe
9324,2024-01-02T01:53:50,0.025635,0.266319,0.100735,23.53,57.47,CO,774.13,unsafe
9325,2024-01-02T01:54:00,1.779824,1.316056,0.930067,14.12,32.75,CleanAir,0.0,safe
9326,2024-01-02T01:54:10,1.780599,1.327579,0.92922,39.31,67.37,CleanAir,0.0,safe
9327,2024-01-02T01:54:20,0.025626,0.248078,0.006522,12.73,40.09,CO,631.51,unsafe
9328,2024-01-02T01:54:30,0.518591,0.016101,0.110176,34.05,51.32,LPG,878.82,safe
9329,2024-01-02T01:54:40,0.106485,0.293935,0.246248,37.34,44.52,Hydrogen,3192.73,safe
9330,2024-01-02T01:54:50,0.741673,0.297447,0.255025,15.69,57.4,Hydrogen,4338.27,safe
9331,2024-01-02T01:55:00,0.671998,0.223417,0.00971,16.75,71.12,Smoke,857.5,unsafe
9332,2024-01-02T01:55:10,1.795195,1.322485,0.917041,14.8,33.82,CleanAir,0.0,safe
9333,2024-01-02T01:55:20,0.46037,0.208333,0.198407,22.01,55.9,Alcohol,1861.98,unsafe
9334,2024-01-02T01:55:30,0.795638,0.691723,0.165838,38.33,80.38,Methane,9311.96,unsafe
9335,2024-01-02T01:55:40,1.810108,1.356676,0.95035,36.02,35.68,CleanAir,0.0,safe
9336,2024-01-02T01:55:50,0.36076,0.157564,0.125762,32.87,78.12,Alcohol,660.48,safe
9337,2024-01-02T01:56:00,0.068846,0.068463,0.019456,14.02,72.52,Methane,5066.66,unsafe
9338,2024-01-02T01:56:10,0.812153,0.035805,0.157377,31.55,65.74,LPG,3591.12,unsafe
9339,2024-01-02T01:56:20,1.737038,1.273231,0.885321,27.03,89.02,CleanAir,0.0,safe
9340,2024-01-02T01:56:30,0.266869,0.860235,0.029188,34.14,55.59,Methane,18290.3,unsafe
9341,2024-01-02T01:56:40,0.917336,0.316247,0.016137,39.15,66.24,Propane,2882.88,unsafe
9342,2024-01-02T01:56:50,1.734109,1.313666,0.880972,22.05,72.33,CleanAir,0.0,safe
9343,2024-01-02T01:57:00,0.207143,0.312143,0.012822,28.03,41.8,Propane,2596.9,unsafe
9344,2024-01-02T01:57:10,0.92367,0.318895,0.015883,34.22,38.44,Propane,2505.37,unsafe
9345,2024-01-02T01:57:20,0.616851,0.009752,0.0097,14.08,43.92,Smoke,622.75,unsafe
9346,2024-01-02T01:57:30,0.096166,0.026118,0.258489,36.57,35.16,Hydrogen,3589.37,safe
9347,2024-01-02T01:57:40,0.719875,0.598934,0.151734,16.83,31.74,Methane,5764.01,unsafe
9348,2024-01-02T01:57:50,0.195769,0.083455,0.161284,28.93,85.48,Methane,10188.57,unsafe
9349,2024-01-02T01:58:00,1.771869,1.280833,0.884029,28.96,83.27,CleanAir,0.0,safe
9350,2024-01-02T01:58:10,0.603828,0.022816,0.01581,39.85,56.14,Hydrogen,1828.19,safe
9351,2024-01-02T01:58:20,1.690461,1.250467,0.84646,11.62,89.47,CleanAir,0.0,safe
9352,2024-01-02T01:58:30,0.399878,0.178818,0.143719,29.4,57.17,Alcohol,909.61,safe
9353,2024-01-02T01:58:40,1.7594,1.297946,0.903822,25.63,55.28,CleanAir,0.0,safe
9354,2024-01-02T01:58:50,0.784271,0.267201,0.162611,26.23,75.8,Propane,1984.23,unsafe
9355,2024-01-02T01:59:00,0.703981,0.239486,0.144425,38.71,79.21,Propane,1311.56,unsafe
9356,2024-01-02T01:59:10,0.156012,0.0,0.0,35.44,35.99,Smoke,29.78,safe
9357,2024-01-02T01:59:20,1.731917,1.269144,0.870283,19.16,69.99,CleanAir,0.0,safe
9358,2024-01-02T01:59:30,0.753495,0.627207,0.02255,26.6,30.37,Methane,6267.91,unsafe
9359,2024-01-02T01:59:40,0.277708,0.006426,0.085333,12.18,45.07,Alcohol,256.55,safe
9360,2024-01-02T01:59:50,1.767559,1.321135,0.905963,19.8,40.58,CleanAir,0.0,safe
9361,2024-01-02T02:00:00,1.707087,1.250953,0.866107,12.88,77.81,CleanAir,0.0,safe
9362,2024-01-02T02:00:10,0.435336,0.016091,0.178871,19.28,71.64,Alcohol,1690.15,unsafe
9363,2024-01-02T02:00:20,1.778363,1.375684,0.942733,32.97,37.43,CleanAir,0.0,safe
9364,2024-01-02T02:00:30,0.697673,0.025777,0.232826,29.94,35.09,Hydrogen,2941.17,safe
9365,2024-01-02T02:00:40,0.464727,0.016419,0.012911,22.83,51.47,Alcohol,1908.67,unsafe
9366,2024-01-02T02:00:50,0.631592,0.224162,0.131831,18.82,33.96,Propane,920.74,safe
9367,2024-01-02T02:01:00,1.790654,1.351264,0.926726,19.08,33.63,CleanAir,0.0,safe
9368,2024-01-02T02:01:10,1.761157,1.314737,0.905291,32.6,77.05,CleanAir,0.0,safe
9369,2024-01-02T02:01:20,1.735046,1.266159,0.863504,20.94,84.84,CleanAir,0.0,safe
9370,2024-01-02T02:01:30,0.04203,0.398978,0.013225,39.89,62.61,CO,1682.35,unsafe
9371,2024-01-02T02:01:40,1.728357,1.327312,0.923611,33.7,68.13,CleanAir,0.0,safe
9372,2024-01-02T02:01:50,1.783204,1.331064,0.903756,25.48,53.13,CleanAir,0.0,safe
9373,2024-01-02T02:02:00,1.771629,1.325539,0.901785,20.94,64.62,CleanAir,0.0,safe
9374,2024-01-02T02:02:10,0.617575,0.206118,0.145892,26.28,81.04,Smoke,646.31,unsafe
9375,2024-01-02T02:02:20,0.424768,0.009628,0.006381,28.13,39.96,Hydrogen,570.32,safe
9376,2024-01-02T02:02:30,0.057958,0.257091,0.015936,14.34,80.56,Hydrogen,3017.5,safe
9377,2024-01-02T02:02:40,0.453879,0.00959,0.009768,30.36,44.6,Hydrogen,743.52,safe
9378,2024-01-02T02:02:50,0.379589,0.329774,0.11311,10.91,53.56,CO,1274.37,unsafe
9379,2024-01-02T02:03:00,1.750703,1.298528,0.906638,28.62,65.34,CleanAir,0.0,safe
9380,2024-01-02T02:03:10,1.80766,1.353642,0.948307,36.79,41.89,CleanAir,0.0,safe
9381,2024-01-02T02:03:20,0.108535,0.280913,0.235513,36.87,86.07,Hydrogen,3534.97,safe
9382,2024-01-02T02:03:30,1.802,1.373617,0.961457,39.49,31.26,CleanAir,0.0,safe
9383,2024-01-02T02:03:40,0.326654,0.187644,0.168561,24.69,40.59,Methane,9171.13,unsafe
9384,2024-01-02T02:03:50,1.777959,1.32521,0.924131,39.36,78.91,CleanAir,0.0,safe
9385,2024-01-02T02:04:00,1.73795,1.266504,0.907,15.48,49.51,CleanAir,0.0,safe
9386,2024-01-02T02:04:10,0.954697,0.325475,0.198486,23.69,48.24,Propane,3078.67,unsafe
9387,2024-01-02T02:04:20,1.787512,1.31511,0.898661,37.1,71.56,CleanAir,0.0,safe
9388,2024-01-02T02:04:30,0.394529,0.343802,0.114695,26.18,58.22,CO,1334.46,unsafe
9389,2024-01-02T02:04:40,0.473303,0.214332,0.187281,20.33,39.96,Alcohol,1680.59,unsafe
9390,2024-01-02T02:04:50,0.321127,0.012975,0.089348,33.39,72.63,CO,556.71,unsafe
9391,2024-01-02T02:05:00,1.790061,1.359978,0.905929,22.09,36.58,CleanAir,0.0,safe
9392,2024-01-02T02:05:10,0.274976,0.179012,0.003252,11.31,67.4,CO,333.4,unsafe
9393,2024-01-02T02:05:20,1.804488,1.315287,0.911474,34.05,47.07,CleanAir,0.0,safe
9394,2024-01-02T02:05:30,0.96561,0.32897,0.032157,21.55,80.4,Propane,4019.58,unsafe
9395,2024-01-02T02:05:40,0.437216,0.00958,0.130048,39.39,85.49,Hydrogen,705.35,safe
9396,2024-01-02T02:05:50,0.586593,0.009658,0.138596,30.74,35.03,Smoke,457.69,unsafe
9397,2024-01-02T02:06:00,1.794899,1.29587,0.907776,20.47,41.51,CleanAir,0.0,safe
9398,2024-01-02T02:06:10,0.318981,0.013133,0.085825,33.78,88.23,CO,555.09,unsafe
9399,2024-01-02T02:06:20,1.743272,1.311013,0.864795,24.4,78.51,CleanAir,0.0,safe
9400,2024-01-02T02:06:30,0.857085,0.295849,0.179042,24.25,43.17,Propane,2196.66,unsafe
9401,2024-01-02T02:06:40,1.768072,1.307344,0.898342,24.93,43.51,CleanAir,0.0,safe
9402,2024-01-02T02:06:50,0.775718,0.369087,0.147393,35.45,76.2,LPG,3051.34,unsafe
9403,2024-01-02T02:07:00,0.758828,0.026254,0.151122,15.23,64.14,Propane,1718.0,unsafe
9404,2024-01-02T02:07:10,0.43465,0.195078,0.163079,19.46,49.24,Alcohol,1300.98,unsafe
9405,2024-01-02T02:07:20,1.779704,1.326449,0.881824,14.9,54.6,CleanAir,0.0,safe
9406,2024-01-02T02:07:30,0.406277,0.368577,0.119258,38.3,81.3,CO,1548.61,unsafe
9407,2024-01-02T02:07:40,0.342017,0.26432,0.091953,11.28,58.49,CO,773.92,unsafe
9408,2024-01-02T02:07:50,1.789357,1.332589,0.871931,15.27,42.31,CleanAir,0.0,safe
9409,2024-01-02T02:08:00,0.032717,0.196846,0.128489,34.48,85.72,Smoke,490.81,unsafe
9410,2024-01-02T02:08:10,0.469275,0.012904,0.137675,35.18,34.55,Hydrogen,693.88,safe
9411,2024-01-02T02:08:20,1.73649,1.289905,0.8684,10.84,73.5,CleanAir,0.0,safe
9412,2024-01-02T02:08:30,0.663154,0.2277,0.006467,36.08,46.67,Smoke,626.26,unsafe
9413,2024-01-02T02:08:40,1.769718,1.306775,0.876933,34.09,77.71,CleanAir,0.0,safe
9414,2024-01-02T02:08:50,1.781131,1.296253,0.90754,10.84,39.28,CleanAir,0.0,safe
9415,2024-01-02T02:09:00,1.783592,1.306074,0.914439,30.84,57.11,CleanAir,0.0,safe
9416,2024-01-02T02:09:10,0.105097,0.025482,0.03294,22.14,43.67,Hydrogen,4343.16,safe
9417,2024-01-02T02:09:20,0.975408,0.217762,0.196523,36.49,60.95,Methane,18335.89,unsafe
9418,2024-01-02T02:09:30,0.045161,0.039055,0.013093,32.1,49.98,CO,1923.8,unsafe
9419,2024-01-02T02:09:40,0.897026,0.787555,0.035929,39.66,38.26,Methane,11697.6,unsafe
9420,2024-01-02T02:09:50,1.803068,1.336824,0.912649,34.45,50.8,CleanAir,0.0,safe
9421,2024-01-02T02:10:00,1.794956,1.374465,0.955922,35.41,30.47,CleanAir,0.0,safe
9422,2024-01-02T02:10:10,0.857202,0.28078,0.171019,23.55,83.35,Propane,2423.14,unsafe
9423,2024-01-02T02:10:20,0.02259,0.14781,0.006528,20.73,85.41,Alcohol,577.34,safe
9424,2024-01-02T02:10:30,1.813576,1.336818,0.932188,37.3,50.73,CleanAir,0.0,safe
9425,2024-01-02T02:10:40,0.723886,0.243391,0.174981,38.62,65.58,Smoke,890.63,unsafe
9426,2024-01-02T02:10:50,0.451442,0.009691,0.097864,17.2,45.16,Propane,396.83,safe
9427,2024-01-02T02:11:00,0.013126,0.183066,0.077378,15.07,72.34,CO,395.46,unsafe
9428,2024-01-02T02:11:10,0.187819,0.067555,0.042067,26.17,43.4,CO,38.66,safe
9429,2024-01-02T02:11:20,0.555043,0.019479,0.006403,36.51,89.0,LPG,1111.29,unsafe
9430,2024-01-02T02:11:30,0.326763,0.243431,0.006341,16.68,71.34,CO,676.12,unsafe
9431,2024-01-02T02:11:40,0.725387,0.592107,0.142718,26.43,73.37,Methane,6127.82,unsafe
9432,2024-01-02T02:11:50,0.374176,0.169073,0.12622,39.41,58.87,Alcohol,616.25,safe
9433,2024-01-02T02:12:00,1.073057,0.360806,0.21927,33.38,74.26,Propane,4825.1,unsafe
9434,2024-01-02T02:12:10,1.736367,1.269112,0.846027,21.47,87.01,CleanAir,0.0,safe
9435,2024-01-02T02:12:20,1.087923,0.360206,0.217469,14.28,52.03,Propane,4953.86,unsafe
9436,2024-01-02T02:12:30,0.932595,0.455814,0.016118,33.6,38.85,LPG,4882.91,unsafe
9437,2024-01-02T02:12:40,1.771857,1.295487,0.896487,22.21,66.27,CleanAir,0.0,safe
9438,2024-01-02T02:12:50,1.826404,1.32056,0.889973,14.59,35.12,CleanAir,0.0,safe
9439,2024-01-02T02:13:00,0.028552,0.023028,0.006411,13.48,59.78,CO,1202.42,unsafe
9440,2024-01-02T02:13:10,0.044833,0.205357,0.006457,16.92,84.88,Smoke,681.97,unsafe
9441,2024-01-02T02:13:20,0.679048,0.255305,0.214864,18.84,73.74,Hydrogen,3034.04,safe
9442,2024-01-02T02:13:30,0.42466,0.185551,0.157513,17.19,43.92,Alcohol,1116.57,unsafe
9443,2024-01-02T02:13:40,1.049986,0.029033,0.210147,23.14,78.33,Propane,4320.26,unsafe
9444,2024-01-02T02:13:50,1.820066,1.361758,0.935213,39.78,52.63,CleanAir,0.0,safe
9445,2024-01-02T02:14:00,0.949275,0.820848,0.192224,28.75,47.11,Methane,16290.6,unsafe
9446,2024-01-02T02:14:10,0.401397,0.02893,0.116918,13.34,39.53,CO,1322.12,unsafe
9447,2024-01-02T02:14:20,1.828591,1.3681,0.947629,34.96,32.55,CleanAir,0.0,safe
9448,2024-01-02T02:14:30,1.840558,1.339697,0.938745,36.39,45.01,CleanAir,0.0,safe
9449,2024-01-02T02:14:40,1.758824,1.261655,0.868627,20.59,84.18,CleanAir,0.0,safe
9450,2024-01-02T02:14:50,0.722978,0.283288,0.228753,28.1,48.4,Hydrogen,3102.04,safe
9451,2024-01-02T02:15:00,0.064223,0.251388,0.009657,31.12,49.46,Propane,1397.54,unsafe
9452,2024-01-02T02:15:10,1.743605,1.279476,0.871595,13.63,53.93,CleanAir,0.0,safe
9453,2024-01-02T02:15:20,0.376727,0.009744,0.006595,11.14,31.99,Alcohol,655.95,safe
9454,2024-01-02T02:15:30,0.477238,0.016209,0.182427,26.9,67.74,Alcohol,1738.65,unsafe
9455,2024-01-02T02:15:40,0.436131,0.03812,0.125379,37.6,40.77,CO,1429.4,unsafe
9456,2024-01-02T02:15:50,1.762454,1.306723,0.884751,39.18,83.12,CleanAir,0.0,safe
9457,2024-01-02T02:16:00,0.947661,0.302532,0.185404,23.45,42.28,Methane,15938.82,unsafe
9458,2024-01-02T02:16:10,1.784978,1.301575,0.899619,12.84,35.63,CleanAir,0.0,safe
9459,2024-01-02T02:16:20,0.813183,0.380346,0.012756,36.02,68.01,LPG,3304.54,unsafe
9460,2024-01-02T02:16:30,0.451265,0.197232,0.171055,39.93,87.67,Alcohol,1524.02,unsafe
9461,2024-01-02T02:16:40,0.032124,0.009719,0.135059,19.47,73.98,Hydrogen,928.53,safe
9462,2024-01-02T02:16:50,0.332013,0.003219,0.07165,18.32,61.08,Smoke,152.86,unsafe
9463,2024-01-02T02:17:00,0.302606,0.137145,0.08724,19.75,51.16,Alcohol,306.84,safe
9464,2024-01-02T02:17:10,1.784816,1.358511,0.906439,30.86,44.74,CleanAir,0.0,safe
9465,2024-01-02T02:17:20,0.990132,0.359746,0.029239,26.81,40.72,Methane,19831.83,unsafe
9466,2024-01-02T02:17:30,0.044004,0.013021,0.159077,25.55,88.63,Smoke,825.58,unsafe
9467,2024-01-02T02:17:40,1.758839,1.295603,0.878373,11.25,48.74,CleanAir,0.0,safe
9468,2024-01-02T02:17:50,0.139467,0.793174,0.174389,32.42,80.95,Methane,15248.92,unsafe
9469,2024-01-02T02:18:00,0.824205,0.390506,0.149924,23.24,48.64,LPG,3447.06,unsafe
9470,2024-01-02T02:18:10,1.004877,0.032295,0.01627,11.76,31.99,Propane,3601.3,unsafe
9471,2024-01-02T02:18:20,0.045264,0.232735,0.179624,17.26,62.51,Hydrogen,1919.99,safe
9472,2024-01-02T02:18:30,1.737624,1.285432,0.857805,20.12,77.59,CleanAir,0.0,safe
9473,2024-01-02T02:18:40,0.034778,0.180226,0.152298,13.51,77.43,Alcohol,1304.16,unsafe
9474,2024-01-02T02:18:50,0.45166,0.193659,0.133647,33.13,41.95,Hydrogen,673.78,safe
9475,2024-01-02T02:19:00,0.318285,0.216718,0.086309,39.92,41.68,CO,397.72,unsafe
9476,2024-01-02T02:19:10,0.90379,0.440347,0.022412,26.89,38.87,LPG,4621.77,unsafe
9477,2024-01-02T02:19:20,0.444486,0.045041,0.138208,31.55,65.81,CO,2537.88,unsafe
9478,2024-01-02T02:19:30,1.768942,1.291744,0.871492,18.86,48.43,CleanAir,0.0,safe
9479,2024-01-02T02:19:40,0.300279,0.009837,0.079874,17.38,66.76,CO,456.48,unsafe
9480,2024-01-02T02:19:50,1.806185,1.35945,0.933557,38.56,47.23,CleanAir,0.0,safe
9481,2024-01-02T02:20:00,0.876356,0.752827,0.174662,28.03,46.8,Methane,11926.16,unsafe
9482,2024-01-02T02:20:10,0.741031,0.342509,0.137894,35.85,66.37,LPG,2533.69,unsafe
9483,2024-01-02T02:20:20,0.316231,0.129726,0.071582,10.01,33.28,Smoke,136.04,unsafe
9484,2024-01-02T02:20:30,0.326466,0.231366,0.003317,36.98,65.01,CO,514.4,unsafe
9485,2024-01-02T02:20:40,0.59163,0.207281,0.122625,32.99,54.09,Propane,749.86,safe
9486,2024-01-02T02:20:50,1.764571,1.313298,0.899287,19.56,42.13,CleanAir,0.0,safe
9487,2024-01-02T02:21:00,1.78796,1.344007,0.933394,36.04,30.5,CleanAir,0.0,safe
9488,2024-01-02T02:21:10,1.74977,1.296294,0.874807,26.28,76.14,CleanAir,0.0,safe
9489,2024-01-02T02:21:20,0.553654,0.221393,0.168097,20.93,89.88,Hydrogen,1811.13,safe
9490,2024-01-02T02:21:30,1.787813,1.322654,0.931932,25.19,34.72,CleanAir,0.0,safe
9491,2024-01-02T02:21:40,1.781846,1.303511,0.90736,16.71,35.07,CleanAir,0.0,safe
9492,2024-01-02T02:21:50,1.783202,1.304812,0.884802,35.36,61.8,CleanAir,0.0,safe
9493,2024-01-02T02:22:00,1.759236,1.288514,0.883211,28.37,69.2,CleanAir,0.0,safe
9494,2024-01-02T02:22:10,1.777105,1.301177,0.886768,20.02,53.79,CleanAir,0.0,safe
9495,2024-01-02T02:22:20,0.945537,0.858762,0.045758,38.99,48.43,Methane,16301.52,unsafe
9496,2024-01-02T02:22:30,0.015921,0.225652,0.087304,19.51,53.7,CO,540.71,unsafe
9497,2024-01-02T02:22:40,0.012802,0.003227,0.076942,30.56,88.97,Propane,229.23,safe
9498,2024-01-02T02:22:50,1.779786,1.286755,0.870926,30.82,77.14,CleanAir,0.0,safe
9499,2024-01-02T02:23:00,1.804007,1.347549,0.941876,39.81,37.46,CleanAir,0.0,safe
9500,2024-01-02T02:23:10,1.758014,1.291743,0.895635,21.92,65.86,CleanAir,0.0,safe
9501,2024-01-02T02:23:20,0.779675,0.312001,0.255839,31.34,45.15,Hydrogen,4395.04,safe
9502,2024-01-02T02:23:30,0.609758,0.243079,0.192903,17.02,72.11,Hydrogen,2422.21,safe
9503,2024-01-02T02:23:40,0.050633,0.23172,0.006401,31.07,79.34,LPG,892.75,safe
9504,2024-01-02T02:23:50,1.789718,1.320902,0.907895,35.37,60.87,CleanAir,0.0,safe
9505,2024-01-02T02:24:00,1.765647,1.290214,0.871277,19.86,53.36,CleanAir,0.0,safe
9506,2024-01-02T02:24:10,0.102495,0.031867,0.012814,11.37,58.4,LPG,3134.28,unsafe
9507,2024-01-02T02:24:20,1.715875,1.267361,0.842767,15.29,72.62,CleanAir,0.0,safe
9508,2024-01-02T02:24:30,0.710979,0.337976,0.134781,17.47,70.27,LPG,2727.01,unsafe
9509,2024-01-02T02:24:40,0.429996,0.409003,0.132896,26.45,34.22,CO,1874.17,unsafe
9510,2024-01-02T02:24:50,0.325565,0.350222,0.02905,33.12,84.06,Propane,4579.5,unsafe
9511,2024-01-02T02:25:00,1.044185,0.342971,0.028737,31.19,84.32,Propane,4588.04,unsafe
9512,2024-01-02T02:25:10,0.449388,0.00643,0.096428,13.67,63.56,Propane,456.74,safe
9513,2024-01-02T02:25:20,0.624055,0.031964,0.009722,24.06,82.93,LPG,1871.33,unsafe
9514,2024-01-02T02:25:30,1.805353,1.362252,0.927692,37.12,51.25,CleanAir,0.0,safe
9515,2024-01-02T02:25:40,0.624069,0.217441,0.129549,35.54,65.41,Propane,898.01,safe
9516,2024-01-02T02:25:50,1.739183,1.271153,0.87217,17.98,75.23,CleanAir,0.0,safe
9517,2024-01-02T02:26:00,0.421965,0.407198,0.127346,37.35,67.07,CO,1902.06,unsafe
9518,2024-01-02T02:26:10,0.056284,0.016159,0.176057,16.22,77.77,Alcohol,1818.73,unsafe
9519,2024-01-02T02:26:20,0.048539,0.206131,0.125904,12.03,58.26,Propane,974.2,safe
9520,2024-01-02T02:26:30,1.747193,1.28002,0.867189,19.0,73.16,CleanAir,0.0,safe
9521,2024-01-02T02:26:40,0.723461,0.567321,0.143184,25.09,49.81,Methane,5263.82,unsafe
9522,2024-01-02T02:26:50,1.745786,1.315337,0.886999,18.74,42.84,CleanAir,0.0,safe
9523,2024-01-02T02:27:00,0.962416,0.316764,0.022066,32.56,80.84,Propane,3391.11,unsafe
9524,2024-01-02T02:27:10,0.604665,0.204306,0.144475,16.87,68.34,Smoke,653.07,unsafe
9525,2024-01-02T02:27:20,1.723475,1.260621,0.860995,12.47,65.25,CleanAir,0.0,safe
9526,2024-01-02T02:27:30,1.780689,1.273688,0.892063,21.03,56.05,CleanAir,0.0,safe
9527,2024-01-02T02:27:40,1.775908,1.318477,0.89768,19.2,37.54,CleanAir,0.0,safe
9528,2024-01-02T02:27:50,0.415449,0.393497,0.125875,11.59,36.31,CO,1854.4,unsafe
9529,2024-01-02T02:28:00,0.105367,0.359686,0.142046,10.37,60.44,LPG,3380.67,unsafe
9530,2024-01-02T02:28:10,0.650228,0.229146,0.139754,28.28,41.25,Propane,987.96,safe
9531,2024-01-02T02:28:20,1.734815,1.270482,0.865996,17.17,65.43,CleanAir,0.0,safe
9532,2024-01-02T02:28:30,1.783025,1.314038,0.928728,23.84,39.89,CleanAir,0.0,safe
9533,2024-01-02T02:28:40,0.054913,0.022717,0.192732,21.16,86.97,Hydrogen,2286.64,safe
9534,2024-01-02T02:28:50,1.755719,1.281465,0.872152,31.95,88.52,CleanAir,0.0,safe
9535,2024-01-02T02:29:00,0.817676,0.691108,0.160686,20.91,79.31,Methane,11186.06,unsafe
9536,2024-01-02T02:29:10,1.800791,1.353174,0.93777,39.55,39.57,CleanAir,0.0,safe
9537,2024-01-02T02:29:20,1.763662,1.317449,0.903421,34.15,65.04,CleanAir,0.0,safe
9538,2024-01-02T02:29:30,0.629449,0.298981,0.124927,39.64,59.74,LPG,1574.11,unsafe
9539,2024-01-02T02:29:40,1.732314,1.270001,0.871924,26.58,80.95,CleanAir,0.0,safe
9540,2024-01-02T02:29:50,1.805659,1.31937,0.91887,33.5,44.49,CleanAir,0.0,safe
9541,2024-01-02T02:30:00,0.062332,0.2302,0.009607,13.01,85.06,Propane,1560.81,unsafe
9542,2024-01-02T02:30:10,0.318526,0.214174,0.087856,25.18,30.15,CO,414.01,unsafe
9543,2024-01-02T02:30:20,0.723285,0.094115,0.148431,13.99,31.84,Methane,6090.77,unsafe
9544,2024-01-02T02:30:30,0.275282,0.125082,0.003233,11.89,47.05,Alcohol,242.44,safe
9545,2024-01-02T02:30:40,0.40246,0.009758,0.009761,24.07,43.52,Alcohol,969.09,safe
9546,2024-01-02T02:30:50,1.74782,1.273632,0.880494,26.53,80.33,CleanAir,0.0,safe
9547,2024-01-02T02:31:00,0.703608,0.026202,0.138095,34.66,44.62,LPG,2098.96,unsafe
9548,2024-01-02T02:31:10,1.747698,1.278534,0.887255,22.37,66.36,CleanAir,0.0,safe
9549,2024-01-02T02:31:20,0.807883,0.376975,0.147877,12.49,78.87,LPG,4346.02,unsafe
9550,2024-01-02T02:31:30,1.720083,1.262561,0.861961,10.76,76.62,CleanAir,0.0,safe
9551,2024-01-02T02:31:40,0.559476,0.009634,0.128829,16.81,46.9,Smoke,492.74,unsafe
9552,2024-01-02T02:31:50,0.090812,0.298174,0.24687,38.24,31.71,Hydrogen,3273.03,safe
9553,2024-01-02T02:32:00,1.693987,1.245533,0.870116,12.17,67.89,CleanAir,0.0,safe
9554,2024-01-02T02:32:10,1.787647,1.27546,0.882405,18.34,67.66,CleanAir,0.0,safe
9555,2024-01-02T02:32:20,1.721009,1.250508,0.868492,10.11,65.37,CleanAir,0.0,safe
9556,2024-01-02T02:32:30,1.776815,1.279822,0.889722,17.34,49.84,CleanAir,0.0,safe
9557,2024-01-02T02:32:40,0.482865,0.222473,0.101515,28.28,38.62,LPG,695.97,safe
9558,2024-01-02T02:32:50,0.649264,0.029391,0.123859,15.58,53.98,LPG,1955.37,unsafe
9559,2024-01-02T02:33:00,0.739657,0.356845,0.1443,34.08,34.63,LPG,2339.66,unsafe
9560,2024-01-02T02:33:10,1.800344,1.351509,0.930508,33.59,33.89,CleanAir,0.0,safe
9561,2024-01-02T02:33:20,1.710302,1.239343,0.861778,17.09,84.41,CleanAir,0.0,safe
9562,2024-01-02T02:33:30,0.750843,0.250977,0.184791,23.19,40.19,Smoke,967.64,unsafe
9563,2024-01-02T02:33:40,1.780359,1.29602,0.898389,22.3,60.16,CleanAir,0.0,safe
9564,2024-01-02T02:33:50,0.287815,0.133395,0.088183,27.77,56.15,Alcohol,281.5,safe
9565,2024-01-02T02:34:00,0.631105,0.21794,0.006424,14.57,59.2,Propane,1046.81,unsafe
9566,2024-01-02T02:34:10,0.341042,0.289823,0.006482,20.58,74.65,CO,997.64,unsafe
9567,2024-01-02T02:34:20,1.735259,1.248402,0.843754,22.86,89.57,CleanAir,0.0,safe
9568,2024-01-02T02:34:30,0.682974,0.019499,0.139983,21.11,66.28,Propane,1369.04,unsafe
9569,2024-01-02T02:34:40,0.69876,0.321357,0.009775,23.16,33.4,LPG,2028.0,unsafe
9570,2024-01-02T02:34:50,1.756444,1.275749,0.891584,20.63,60.44,CleanAir,0.0,safe
9571,2024-01-02T02:35:00,0.172565,0.383189,0.148633,21.08,73.6,LPG,3956.3,unsafe
9572,2024-01-02T02:35:10,0.354678,0.006518,0.00326,22.8,58.85,Hydrogen,399.32,safe
9573,2024-01-02T02:35:20,0.814043,0.379992,0.152402,13.68,58.97,LPG,3951.96,unsafe
9574,2024-01-02T02:35:30,1.724952,1.255512,0.860552,29.64,84.48,CleanAir,0.0,safe
9575,2024-01-02T02:35:40,1.797217,1.30679,0.91765,29.88,46.73,CleanAir,0.0,safe
9576,2024-01-02T02:35:50,1.803449,1.338442,0.93852,36.89,33.38,CleanAir,0.0,safe
9577,2024-01-02T02:36:00,0.468684,0.019606,0.191136,27.85,33.43,Alcohol,1636.46,unsafe
9578,2024-01-02T02:36:10,1.737254,1.236787,0.835983,10.56,88.45,CleanAir,0.0,safe
9579,2024-01-02T02:36:20,0.712426,0.234259,0.009902,11.89,59.23,Propane,1517.3,unsafe
9580,2024-01-02T02:36:30,0.884265,0.771616,0.17362,14.96,62.28,Methane,15883.52,unsafe
9581,2024-01-02T02:36:40,0.0096,0.137601,0.0648,20.33,41.93,CO,185.45,unsafe
9582,2024-01-02T02:36:50,1.78735,1.335029,0.926341,32.06,33.06,CleanAir,0.0,safe
9583,2024-01-02T02:37:00,0.269907,0.188799,0.180689,19.01,32.34,Methane,14151.39,unsafe
9584,2024-01-02T02:37:10,1.743148,1.275231,0.885385,35.26,79.05,CleanAir,0.0,safe
9585,2024-01-02T02:37:20,0.464549,0.019088,0.013004,25.86,35.05,Alcohol,1592.89,unsafe
9586,2024-01-02T02:37:30,0.451598,0.199684,0.178116,36.01,54.4,Alcohol,1459.29,unsafe
9587,2024-01-02T02:37:40,0.089953,0.283504,0.240337,27.62,84.14,Hydrogen,4552.29,safe
9588,2024-01-02T02:37:50,0.676931,0.01302,0.142457,36.31,65.32,Propane,1100.23,unsafe
9589,2024-01-02T02:38:00,0.753499,0.044964,0.142875,20.57,44.27,LPG,2776.1,unsafe
9590,2024-01-02T02:38:10,0.049102,0.227326,0.162195,29.51,63.6,Smoke,785.32,unsafe
9591,2024-01-02T02:38:20,0.086635,0.22752,0.187377,20.72,85.62,Hydrogen,2214.58,safe
9592,2024-01-02T02:38:30,1.747835,1.268033,0.852765,22.89,73.91,CleanAir,0.0,safe
9593,2024-01-02T02:38:40,1.757933,1.319686,0.883116,37.62,72.01,CleanAir,0.0,safe
9594,2024-01-02T02:38:50,1.721915,1.245482,0.829467,13.58,83.56,CleanAir,0.0,safe
9595,2024-01-02T02:39:00,1.757137,1.302003,0.845455,33.72,85.25,CleanAir,0.0,safe
9596,2024-01-02T02:39:10,0.478106,0.022273,0.012962,24.67,46.92,Alcohol,1803.87,unsafe
9597,2024-01-02T02:39:20,0.465436,0.012816,0.092322,17.14,44.24,LPG,686.11,safe
9598,2024-01-02T02:39:30,1.80412,1.338063,0.918865,27.39,32.75,CleanAir,0.0,safe
9599,2024-01-02T02:39:40,1.790321,1.32107,0.88664,12.27,37.38,CleanAir,0.0,safe
9600,2024-01-02T02:39:50,1.802737,1.31328,0.898138,27.78,35.75,CleanAir,0.0,safe
9601,2024-01-02T02:40:00,1.770143,1.282931,0.874324,16.76,52.41,CleanAir,0.0,safe
9602,2024-01-02T02:40:10,1.78132,1.299228,0.88827,14.32,35.44,CleanAir,0.0,safe
9603,2024-01-02T02:40:20,1.807973,1.300742,0.901786,31.7,58.95,CleanAir,0.0,safe
9604,2024-01-02T02:40:30,0.689651,0.324568,0.134824,39.89,54.77,LPG,1997.3,unsafe
9605,2024-01-02T02:40:40,0.665744,0.261311,0.216491,31.05,83.47,Hydrogen,3074.71,safe
9606,2024-01-02T02:40:50,0.791546,0.029247,0.152494,38.05,59.93,LPG,3100.54,unsafe
9607,2024-01-02T02:41:00,0.927431,0.310306,0.016412,24.43,65.37,Propane,3110.83,unsafe
9608,2024-01-02T02:41:10,0.0418,0.20885,0.146014,32.09,81.65,Smoke,662.61,unsafe
9609,2024-01-02T02:41:20,1.747128,1.257498,0.873729,21.04,61.64,CleanAir,0.0,safe
9610,2024-01-02T02:41:30,0.324102,0.003222,0.070162,25.94,73.37,Smoke,153.43,unsafe
9611,2024-01-02T02:41:40,0.70983,0.280356,0.244324,33.02,77.54,Hydrogen,3841.86,safe
9612,2024-01-02T02:41:50,0.149318,0.648095,0.022272,17.12,39.94,Methane,7852.26,unsafe
9613,2024-01-02T02:42:00,0.026139,0.17865,0.003171,35.73,56.9,Smoke,346.08,unsafe
9614,2024-01-02T02:42:10,1.697344,1.233835,0.834797,13.95,86.26,CleanAir,0.0,safe
9615,2024-01-02T02:42:20,1.778223,1.306459,0.885599,17.89,36.48,CleanAir,0.0,safe
9616,2024-01-02T02:42:30,1.79573,1.299465,0.891009,26.3,51.0,CleanAir,0.0,safe
9617,2024-01-02T02:42:40,0.371195,0.026158,0.108933,15.83,78.88,CO,1493.5,unsafe
9618,2024-01-02T02:42:50,0.022675,0.217562,0.089879,38.91,41.91,CO,436.31,unsafe
9619,2024-01-02T02:43:00,0.782875,0.012913,0.180672,35.66,43.31,Smoke,907.46,unsafe
9620,2024-01-02T02:43:10,0.948741,0.840402,0.193894,35.18,52.78,Methane,16800.22,unsafe
9621,2024-01-02T02:43:20,1.782383,1.292687,0.880909,13.44,40.36,CleanAir,0.0,safe
9622,2024-01-02T02:43:30,0.392851,0.013044,0.012799,18.01,74.11,Alcohol,1085.5,unsafe
9623,2024-01-02T02:43:40,1.794723,1.342592,0.88921,26.0,47.21,CleanAir,0.0,safe
9624,2024-01-02T02:43:50,0.260979,0.150601,0.066609,16.76,43.64,CO,215.68,unsafe
9625,2024-01-02T02:44:00,0.042595,0.012725,0.012881,32.22,37.14,Alcohol,1083.16,unsafe
9626,2024-01-02T02:44:10,1.77892,1.296571,0.883202,36.52,74.51,CleanAir,0.0,safe
9627,2024-01-02T02:44:20,1.755041,1.333331,0.916876,34.93,58.77,CleanAir,0.0,safe
9628,2024-01-02T02:44:30,0.029292,0.009623,0.127817,37.81,49.91,Smoke,427.16,unsafe
9629,2024-01-02T02:44:40,0.071213,0.25565,0.189521,39.48,45.94,Smoke,991.65,unsafe
9630,2024-01-02T02:44:50,1.768423,1.299614,0.899879,31.16,63.52,CleanAir,0.0,safe
9631,2024-01-02T02:45:00,1.81614,1.31649,0.915834,35.0,53.74,CleanAir,0.0,safe
9632,2024-01-02T02:45:10,1.75229,1.279264,0.858755,23.73,74.48,CleanAir,0.0,safe
9633,2024-01-02T02:45:20,1.771391,1.295307,0.882068,30.43,60.7,CleanAir,0.0,safe
9634,2024-01-02T02:45:30,0.740464,0.607035,0.148474,28.24,68.24,Methane,7258.28,unsafe
9635,2024-01-02T02:45:40,1.723213,1.264152,0.880052,23.04,76.15,CleanAir,0.0,safe
9636,2024-01-02T02:45:50,1.108511,0.370047,0.227748,32.53,52.27,Propane,4959.72,unsafe
9637,2024-01-02T02:46:00,1.747681,1.274053,0.838586,14.97,68.75,CleanAir,0.0,safe
9638,2024-01-02T02:46:10,1.804857,1.290997,0.88564,29.82,56.83,CleanAir,0.0,safe
9639,2024-01-02T02:46:20,0.388355,0.167572,0.006487,13.76,49.67,Alcohol,890.05,safe
9640,2024-01-02T02:46:30,1.740783,1.264497,0.853589,23.22,77.24,CleanAir,0.0,safe
9641,2024-01-02T02:46:40,1.115086,0.368158,0.04189,31.64,45.41,Propane,4886.16,unsafe
9642,2024-01-02T02:46:50,1.793093,1.302661,0.889862,32.8,62.21,CleanAir,0.0,safe
9643,2024-01-02T02:47:00,0.540108,0.210519,0.157721,33.79,73.39,Hydrogen,1309.73,safe
9644,2024-01-02T02:47:10,0.028872,0.029104,0.114585,36.69,70.15,CO,1233.78,unsafe
9645,2024-01-02T02:47:20,0.448978,0.191595,0.165489,36.65,88.22,Alcohol,1516.75,unsafe
9646,2024-01-02T02:47:30,0.532613,0.203851,0.155882,12.48,34.83,Hydrogen,1197.13,safe
9647,2024-01-02T02:47:40,1.83035,1.317158,0.907855,34.37,49.53,CleanAir,0.0,safe
9648,2024-01-02T02:47:50,1.767141,1.266552,0.871518,23.97,69.54,CleanAir,0.0,safe
9649,2024-01-02T02:48:00,1.768275,1.282662,0.879354,18.16,46.75,CleanAir,0.0,safe
9650,2024-01-02T02:48:10,0.351257,0.135004,0.076913,19.17,34.27,Smoke,162.65,unsafe
9651,2024-01-02T02:48:20,1.784857,1.313884,0.889888,25.39,43.82,CleanAir,0.0,safe
9652,2024-01-02T02:48:30,1.80605,1.30809,0.887193,26.5,50.9,CleanAir,0.0,safe
9653,2024-01-02T02:48:40,0.743372,0.578239,0.139473,16.28,79.51,Methane,7443.39,unsafe
9654,2024-01-02T02:48:50,0.869712,0.031891,0.167677,11.78,30.51,Propane,2199.81,unsafe
9655,2024-01-02T02:49:00,1.805969,1.251039,0.868415,24.58,76.16,CleanAir,0.0,safe
9656,2024-01-02T02:49:10,1.807571,1.291462,0.86964,35.05,75.99,CleanAir,0.0,safe
9657,2024-01-02T02:49:20,1.800477,1.332265,0.922658,36.41,55.33,CleanAir,0.0,safe
9658,2024-01-02T02:49:30,0.03258,0.022586,0.115895,37.34,60.49,CO,1306.25,unsafe
9659,2024-01-02T02:49:40,0.077845,0.022511,0.193838,22.28,51.78,Smoke,1236.21,unsafe
9660,2024-01-02T02:49:50,0.798767,0.351557,0.016321,17.27,45.11,LPG,3027.16,unsafe
9661,2024-01-02T02:50:00,1.739428,1.251926,0.870203,19.06,64.56,CleanAir,0.0,safe
9662,2024-01-02T02:50:10,0.646586,0.29303,0.009661,11.61,58.49,LPG,1801.81,unsafe
9663,2024-01-02T02:50:20,0.316012,0.009787,0.083798,20.53,52.43,CO,494.7,unsafe
9664,2024-01-02T02:50:30,1.78288,1.346686,0.918735,26.79,32.6,CleanAir,0.0,safe
9665,2024-01-02T02:50:40,0.532494,0.016383,0.103378,21.78,42.64,LPG,898.29,safe
9666,2024-01-02T02:50:50,1.000558,0.470326,0.038614,22.76,48.57,LPG,6990.48,unsafe
9667,2024-01-02T02:51:00,1.747801,1.252402,0.867452,19.01,86.51,CleanAir,0.0,safe
9668,2024-01-02T02:51:10,0.425238,0.17375,0.138766,39.47,60.58,Alcohol,821.5,safe
9669,2024-01-02T02:51:20,0.774427,0.26199,0.009802,39.79,80.37,Propane,1652.29,unsafe
9670,2024-01-02T02:51:30,1.828543,1.286731,0.89054,23.12,53.51,CleanAir,0.0,safe
9671,2024-01-02T02:51:40,0.029266,0.336395,0.113131,10.7,56.46,CO,1440.15,unsafe
9672,2024-01-02T02:51:50,0.048585,0.013152,0.146814,10.68,44.39,Alcohol,1111.41,unsafe
9673,2024-01-02T02:52:00,0.039167,0.009743,0.131945,10.94,64.36,Smoke,587.62,unsafe
9674,2024-01-02T02:52:10,0.714547,0.270214,0.022763,10.43,34.13,Hydrogen,3162.73,safe
9675,2024-01-02T02:52:20,0.720054,0.269911,0.230548,31.02,63.66,Hydrogen,3328.98,safe
9676,2024-01-02T02:52:30,1.793836,1.276634,0.872925,30.46,69.8,CleanAir,0.0,safe
9677,2024-01-02T02:52:40,0.658283,0.212227,0.148539,32.83,89.14,Smoke,708.47,unsafe
9678,2024-01-02T02:52:50,1.763202,1.257644,0.835708,13.44,53.33,CleanAir,0.0,safe
9679,2024-01-02T02:53:00,0.061018,0.250551,0.143536,24.71,80.8,Propane,1621.54,unsafe
9680,2024-01-02T02:53:10,0.041927,0.391106,0.122257,25.16,69.11,CO,1951.01,unsafe
9681,2024-01-02T02:53:20,0.622559,0.025888,0.191659,30.93,55.83,Hydrogen,1942.14,safe
9682,2024-01-02T02:53:30,0.586743,0.195689,0.134558,25.42,57.15,Smoke,510.58,unsafe
9683,2024-01-02T02:53:40,0.555744,0.009619,0.006499,16.38,71.02,Smoke,490.11,unsafe
9684,2024-01-02T02:53:50,1.773588,1.295464,0.880678,28.35,56.68,CleanAir,0.0,safe
9685,2024-01-02T02:54:00,1.760837,1.302888,0.882237,29.48,68.82,CleanAir,0.0,safe
9686,2024-01-02T02:54:10,1.736775,1.247584,0.860036,19.12,75.74,CleanAir,0.0,safe
9687,2024-01-02T02:54:20,1.779263,1.279325,0.885114,14.04,48.16,CleanAir,0.0,safe
9688,2024-01-02T02:54:30,0.042125,0.171332,0.141964,25.45,56.83,Alcohol,936.7,safe
9689,2024-01-02T02:54:40,0.881905,0.285638,0.174293,37.07,78.8,Propane,2419.05,unsafe
9690,2024-01-02T02:54:50,1.823369,1.313751,0.903127,36.93,54.18,CleanAir,0.0,safe
9691,2024-01-02T02:55:00,1.770872,1.291866,0.865665,25.87,67.46,CleanAir,0.0,safe
9692,2024-01-02T02:55:10,0.09411,0.288025,0.17247,38.24,32.49,Propane,1874.31,unsafe
9693,2024-01-02T02:55:20,0.405247,0.019439,0.118044,37.64,42.17,CO,1150.65,unsafe
9694,2024-01-02T02:55:30,1.784626,1.32186,0.916749,22.53,31.05,CleanAir,0.0,safe
9695,2024-01-02T02:55:40,0.035483,0.366847,0.122841,39.05,58.31,CO,1488.04,unsafe
9696,2024-01-02T02:55:50,1.785714,1.285633,0.883451,15.58,51.61,CleanAir,0.0,safe
9697,2024-01-02T02:56:00,1.742862,1.250104,0.862507,14.48,53.69,CleanAir,0.0,safe
9698,2024-01-02T02:56:10,1.803881,1.305758,0.909422,13.57,31.5,CleanAir,0.0,safe
9699,2024-01-02T02:56:20,1.851163,1.318963,0.913705,35.12,41.87,CleanAir,0.0,safe
9700,2024-01-02T02:56:30,0.642618,0.028969,0.118854,17.55,62.62,LPG,1741.7,unsafe
9701,2024-01-02T02:56:40,1.788953,1.292409,0.898164,16.73,33.0,CleanAir,0.0,safe
9702,2024-01-02T02:56:50,1.79364,1.297986,0.889141,23.05,57.17,CleanAir,0.0,safe
9703,2024-01-02T02:57:00,1.744432,1.271555,0.903867,28.69,62.01,CleanAir,0.0,safe
9704,2024-01-02T02:57:10,0.781675,0.251997,0.012967,39.77,47.45,Smoke,953.04,unsafe
9705,2024-01-02T02:57:20,1.828856,1.329995,0.934385,35.51,36.95,CleanAir,0.0,safe
9706,2024-01-02T02:57:30,0.619774,0.267417,0.117715,13.83,34.61,LPG,1377.27,unsafe
9707,2024-01-02T02:57:40,0.292707,0.18323,0.077234,36.43,85.2,CO,367.28,unsafe
9708,2024-01-02T02:57:50,0.131084,0.321513,0.134813,39.44,71.23,LPG,2124.54,unsafe
9709,2024-01-02T02:58:00,0.120179,0.032241,0.151968,10.72,71.93,LPG,4445.84,unsafe
9710,2024-01-02T02:58:10,0.775259,0.337288,0.136308,23.5,70.83,LPG,2877.58,unsafe
9711,2024-01-02T02:58:20,1.831111,1.318913,0.950021,32.01,30.33,CleanAir,0.0,safe
9712,2024-01-02T02:58:30,1.77073,1.248676,0.868716,22.15,84.99,CleanAir,0.0,safe
9713,2024-01-02T02:58:40,0.702736,0.012869,0.165513,18.83,77.98,Smoke,905.0,unsafe
9714,2024-01-02T02:58:50,0.626846,0.202836,0.128737,27.14,44.79,Propane,824.72,safe
9715,2024-01-02T02:59:00,0.03525,0.209229,0.198984,38.26,40.87,Alcohol,1710.88,unsafe
9716,2024-01-02T02:59:10,0.02928,0.159144,0.127079,25.1,85.02,Alcohol,823.35,safe
9717,2024-01-02T02:59:20,1.839131,1.334338,0.950995,33.11,30.29,CleanAir,0.0,safe
9718,2024-01-02T02:59:30,0.722784,0.012925,0.009699,36.63,74.5,Smoke,846.63,unsafe
9719,2024-01-02T02:59:40,1.792073,1.319442,0.920275,21.73,38.33,CleanAir,0.0,safe
9720,2024-01-02T02:59:50,0.416957,0.013069,0.009524,27.27,49.18,Alcohol,994.39,safe
9721,2024-01-02T03:00:00,1.766665,1.289673,0.89884,39.16,84.49,CleanAir,0.0,safe
9722,2024-01-02T03:00:10,0.102927,0.015951,0.013077,37.54,58.12,Hydrogen,1894.73,safe
9723,2024-01-02T03:00:20,0.777955,0.284421,0.022837,18.64,65.18,Hydrogen,4715.86,safe
9724,2024-01-02T03:00:30,0.928595,0.784694,0.058067,31.03,54.47,Methane,14662.11,unsafe
9725,2024-01-02T03:00:40,0.87668,0.280187,0.013084,10.54,37.3,Propane,2329.88,unsafe
9726,2024-01-02T03:00:50,1.800162,1.304067,0.938236,30.87,52.86,CleanAir,0.0,safe
9727,2024-01-02T03:01:00,0.759655,0.282818,0.253366,33.95,61.91,Hydrogen,3935.06,safe
9728,2024-01-02T03:01:10,1.75533,1.248123,0.873269,13.72,60.45,CleanAir,0.0,safe
9729,2024-01-02T03:01:20,0.801254,0.687954,0.160883,10.56,67.67,Methane,11240.14,unsafe
9730,2024-01-02T03:01:30,1.782616,1.305015,0.892461,33.72,64.94,CleanAir,0.0,safe
9731,2024-01-02T03:01:40,1.756625,1.271816,0.881251,14.22,56.82,CleanAir,0.0,safe
9732,2024-01-02T03:01:50,0.365845,0.003206,0.080864,19.88,53.79,Smoke,178.01,unsafe
9733,2024-01-02T03:02:00,1.818942,1.259684,0.901172,27.75,69.37,CleanAir,0.0,safe
9734,2024-01-02T03:02:10,0.054322,0.37904,0.125421,14.86,58.12,CO,1943.65,unsafe
9735,2024-01-02T03:02:20,0.41562,0.369921,0.123277,23.75,75.79,CO,1772.5,unsafe
9736,2024-01-02T03:02:30,0.386053,0.022315,0.112526,29.46,55.12,CO,1101.2,unsafe
9737,2024-01-02T03:02:40,0.981106,0.045519,0.19295,21.41,46.66,Propane,3229.43,unsafe
9738,2024-01-02T03:02:50,1.765932,1.252711,0.880604,22.25,77.94,CleanAir,0.0,safe
9739,2024-01-02T03:03:00,0.349209,0.155469,0.003225,39.51,31.86,LPG,240.98,safe
9740,2024-01-02T03:03:10,0.222306,0.35034,0.218321,31.67,59.83,Propane,4386.79,unsafe
9741,2024-01-02T03:03:20,0.655111,0.243895,0.207329,34.86,48.1,Hydrogen,2053.89,safe
9742,2024-01-02T03:03:30,0.039186,0.195523,0.139976,17.01,73.3,Smoke,609.43,unsafe
9743,2024-01-02T03:03:40,0.016246,0.132508,0.080055,11.99,71.64,Smoke,202.47,unsafe
9744,2024-01-02T03:03:50,0.303487,0.130021,0.169482,25.75,81.72,Methane,12187.73,unsafe
9745,2024-01-02T03:04:00,0.364055,0.285326,0.009586,21.08,71.54,CO,1010.13,unsafe
9746,2024-01-02T03:04:10,0.064072,0.235104,0.182276,24.62,48.18,Smoke,920.41,unsafe
9747,2024-01-02T03:04:20,1.750205,1.249591,0.884862,26.68,79.21,CleanAir,0.0,safe
9748,2024-01-02T03:04:30,0.755637,0.583646,0.022303,39.49,83.54,Methane,6489.98,unsafe
9749,2024-01-02T03:04:40,0.520175,0.176365,0.11957,29.53,49.67,Smoke,373.22,unsafe
9750,2024-01-02T03:04:50,0.400823,0.730908,0.181206,33.52,45.6,Methane,11745.82,unsafe
9751,2024-01-02T03:05:00,0.69092,0.225386,0.1428,32.03,54.6,Propane,1078.59,unsafe
9752,2024-01-02T03:05:10,1.755321,1.24333,0.891491,28.78,82.73,CleanAir,0.0,safe
9753,2024-01-02T03:05:20,0.263826,0.003262,0.064285,35.18,50.96,CO,151.99,unsafe
9754,2024-01-02T03:05:30,0.182671,0.060998,0.0,33.08,53.08,CO,34.14,safe
9755,2024-01-02T03:05:40,0.56789,0.190811,0.128433,39.57,63.07,Smoke,437.64,unsafe
9756,2024-01-02T03:05:50,1.80564,1.31419,0.910322,36.66,55.27,CleanAir,0.0,safe
9757,2024-01-02T03:06:00,1.774254,1.274329,0.872228,20.39,73.77,CleanAir,0.0,safe
9758,2024-01-02T03:06:10,1.815101,1.28329,0.898689,14.51,49.92,CleanAir,0.0,safe
9759,2024-01-02T03:06:20,0.140978,0.384387,0.158835,15.21,79.6,LPG,4666.98,unsafe
9760,2024-01-02T03:06:30,0.899474,0.171497,0.055383,22.0,74.2,Methane,15091.43,unsafe
9761,2024-01-02T03:06:40,1.828456,1.26721,0.915133,12.14,47.19,CleanAir,0.0,safe
9762,2024-01-02T03:06:50,1.771284,1.21714,0.850716,14.9,83.13,CleanAir,0.0,safe
9763,2024-01-02T03:07:00,0.788985,0.642805,0.162563,32.03,70.91,Methane,8623.06,unsafe
9764,2024-01-02T03:07:10,1.823512,1.314489,0.931028,33.13,48.67,CleanAir,0.0,safe
9765,2024-01-02T03:07:20,0.730213,0.109401,0.147457,32.53,52.63,Methane,5200.73,unsafe
9766,2024-01-02T03:07:30,0.437683,0.186286,0.157641,35.74,30.42,Alcohol,916.8,safe
9767,2024-01-02T03:07:40,1.765142,1.265931,0.892297,15.94,59.49,CleanAir,0.0,safe
9768,2024-01-02T03:07:50,0.731739,0.016196,0.009919,25.43,75.09,Propane,1449.85,unsafe
9769,2024-01-02T03:08:00,1.760112,1.254558,0.894419,16.37,65.73,CleanAir,0.0,safe
9770,2024-01-02T03:08:10,1.767596,1.269741,0.896861,31.21,78.82,CleanAir,0.0,safe
9771,2024-01-02T03:08:20,1.748737,1.212989,0.869003,12.7,89.8,CleanAir,0.0,safe
9772,2024-01-02T03:08:30,1.800362,1.277147,0.925637,32.48,55.77,CleanAir,0.0,safe
9773,2024-01-02T03:08:40,0.383066,0.286707,0.105551,37.42,57.82,CO,871.04,unsafe
9774,2024-01-02T03:08:50,1.763109,1.272072,0.903154,30.48,67.05,CleanAir,0.0,safe
9775,2024-01-02T03:09:00,0.414451,0.161275,0.006445,23.58,79.77,Hydrogen,619.39,safe
9776,2024-01-02T03:09:10,0.583695,0.196602,0.139974,39.45,36.09,Smoke,436.98,unsafe
9777,2024-01-02T03:09:20,1.796666,1.293286,0.942644,24.78,34.79,CleanAir,0.0,safe
9778,2024-01-02T03:09:30,0.153563,0.048061,0.035543,17.16,81.22,CO,23.8,safe
9779,2024-01-02T03:09:40,0.393831,0.350413,0.009617,10.44,78.32,CO,1755.88,unsafe
9780,2024-01-02T03:09:50,1.77051,1.268396,0.864484,22.19,79.14,CleanAir,0.0,safe
9781,2024-01-02T03:10:00,0.140737,0.77443,0.182264,20.0,63.88,Methane,15496.92,unsafe
9782,2024-01-02T03:10:10,0.109605,0.615224,0.152394,10.26,64.34,Methane,8372.91,unsafe
9783,2024-01-02T03:10:20,0.479635,0.01943,0.194077,15.28,51.6,Alcohol,1881.56,unsafe
9784,2024-01-02T03:10:30,1.770034,1.287509,0.871565,14.39,71.98,CleanAir,0.0,safe
9785,2024-01-02T03:10:40,1.828506,1.304909,0.919108,39.25,69.81,CleanAir,0.0,safe
9786,2024-01-02T03:10:50,0.052083,0.254791,0.009732,21.37,84.14,LPG,1465.31,unsafe
9787,2024-01-02T03:11:00,0.016342,0.14027,0.100455,34.96,88.13,Alcohol,429.54,safe
9788,2024-01-02T03:11:10,0.84363,0.270858,0.170885,25.79,54.13,Propane,2101.38,unsafe
9789,2024-01-02T03:11:20,0.767777,0.342982,0.012587,13.07,65.07,LPG,3082.13,unsafe
9790,2024-01-02T03:11:30,0.40565,0.331734,0.114923,35.73,52.39,CO,1198.52,unsafe
9791,2024-01-02T03:11:40,0.556632,0.019457,0.115392,25.1,48.41,LPG,1086.08,unsafe
9792,2024-01-02T03:11:50,1.803995,1.310924,0.938582,37.35,32.52,CleanAir,0.0,safe
9793,2024-01-02T03:12:00,0.740417,0.041719,0.140902,24.74,72.03,LPG,2636.92,unsafe
9794,2024-01-02T03:12:10,1.763364,1.308887,0.911885,25.42,56.53,CleanAir,0.0,safe
9795,2024-01-02T03:12:20,0.866084,0.289609,0.183299,32.8,32.98,Propane,1963.83,unsafe
9796,2024-01-02T03:12:30,0.26048,0.07735,0.15588,21.74,40.95,Methane,6828.21,unsafe
9797,2024-01-02T03:12:40,0.627561,0.016046,0.006392,14.36,68.49,Propane,1000.99,unsafe
9798,2024-01-02T03:12:50,1.792103,1.282622,0.898813,26.1,66.41,CleanAir,0.0,safe
9799,2024-01-02T03:13:00,1.755,1.248996,0.870557,15.52,81.27,CleanAir,0.0,safe
9800,2024-01-02T03:13:10,0.006383,0.003214,0.044837,19.43,40.44,Smoke,50.57,unsafe
9801,2024-01-02T03:13:20,1.811449,1.278593,0.890887,16.37,55.45,CleanAir,0.0,safe
9802,2024-01-02T03:13:30,0.879953,0.742058,0.038812,25.24,44.83,Methane,12064.96,unsafe
9803,2024-01-02T03:13:40,1.722697,1.230716,0.859471,14.28,78.88,CleanAir,0.0,safe
9804,2024-01-02T03:13:50,1.793947,1.299142,0.90611,35.11,76.07,CleanAir,0.0,safe
9805,2024-01-02T03:14:00,0.868599,0.169133,0.176697,21.19,89.74,Methane,15713.9,unsafe
9806,2024-01-02T03:14:10,0.702596,0.013219,0.172028,25.79,47.33,Smoke,805.73,unsafe
9807,2024-01-02T03:14:20,0.374809,0.301954,0.10993,27.71,73.48,CO,1145.45,unsafe
9808,2024-01-02T03:14:30,0.929289,0.808804,0.18945,33.61,73.87,Methane,17475.03,unsafe
9809,2024-01-02T03:14:40,1.814886,1.315003,0.917607,25.6,40.77,CleanAir,0.0,safe
9810,2024-01-02T03:14:50,1.755254,1.244682,0.87859,29.3,85.33,CleanAir,0.0,safe
9811,2024-01-02T03:15:00,0.569621,0.190784,0.006335,28.27,63.97,Smoke,496.23,unsafe
9812,2024-01-02T03:15:10,1.794489,1.327951,0.946809,35.29,41.01,CleanAir,0.0,safe
9813,2024-01-02T03:15:20,0.368945,0.015812,0.00642,28.73,51.52,CO,873.05,unsafe
9814,2024-01-02T03:15:30,0.082758,0.272515,0.171551,13.8,43.26,Propane,2129.54,unsafe
9815,2024-01-02T03:15:40,0.941489,0.829683,0.187952,19.42,57.86,Methane,18953.21,unsafe
9816,2024-01-02T03:15:50,0.41712,0.344865,0.013015,31.42,50.7,CO,1350.48,unsafe
9817,2024-01-02T03:16:00,0.060375,0.234639,0.174518,24.15,65.97,Smoke,943.41,unsafe
9818,2024-01-02T03:16:10,1.759739,1.255724,0.87592,19.07,72.04,CleanAir,0.0,safe
9819,2024-01-02T03:16:20,0.786161,0.34636,0.140934,26.97,85.47,LPG,3179.86,unsafe
9820,2024-01-02T03:16:30,0.918705,0.202322,0.179618,25.78,69.42,Methane,16889.26,unsafe
9821,2024-01-02T03:16:40,0.811864,0.657335,0.160095,31.22,74.12,Methane,9304.02,unsafe
9822,2024-01-02T03:16:50,0.231757,0.379959,0.160321,36.57,88.25,LPG,4026.56,unsafe
9823,2024-01-02T03:17:00,0.081395,0.32421,0.136779,21.55,66.87,LPG,2553.2,unsafe
9824,2024-01-02T03:17:10,1.855025,1.322887,0.92886,37.38,47.46,CleanAir,0.0,safe
9825,2024-01-02T03:17:20,0.3964,0.169659,0.009679,34.17,61.39,Alcohol,777.14,safe
9826,2024-01-02T03:17:30,0.036154,0.176785,0.149616,28.84,58.96,Alcohol,954.88,safe
9827,2024-01-02T03:17:40,0.905084,0.412955,0.172474,22.96,42.84,LPG,4813.95,unsafe
9828,2024-01-02T03:17:50,1.762553,1.259531,0.884299,13.95,66.72,CleanAir,0.0,safe
9829,2024-01-02T03:18:00,0.475053,0.190238,0.150603,17.85,38.52,Hydrogen,884.51,safe
9830,2024-01-02T03:18:10,1.793322,1.297819,0.938114,24.35,32.41,CleanAir,0.0,safe
9831,2024-01-02T03:18:20,1.81002,1.297505,0.934592,32.26,51.18,CleanAir,0.0,safe
9832,2024-01-02T03:18:30,0.671549,0.253562,0.218236,21.29,38.85,Hydrogen,2507.52,safe
9833,2024-01-02T03:18:40,0.376778,0.136116,0.08284,33.32,75.84,Smoke,193.74,unsafe
9834,2024-01-02T03:18:50,0.664566,0.213435,0.160506,29.14,73.19,Smoke,747.65,unsafe
9835,2024-01-02T03:19:00,0.019366,0.006382,0.080638,30.48,75.65,LPG,381.49,safe
9836,2024-01-02T03:19:10,1.764507,1.285027,0.923825,19.79,53.82,CleanAir,0.0,safe
9837,2024-01-02T03:19:20,0.061868,0.223587,0.140251,13.29,68.04,Propane,1287.88,unsafe
9838,2024-01-02T03:19:30,0.674415,0.029001,0.130206,11.9,64.47,LPG,2116.76,unsafe
9839,2024-01-02T03:19:40,0.235035,0.003228,0.060654,17.0,55.28,CO,136.38,unsafe
9840,2024-01-02T03:19:50,1.763538,1.251734,0.892347,14.98,67.32,CleanAir,0.0,safe
9841,2024-01-02T03:20:00,0.349735,0.006498,0.003188,35.58,53.57,Propane,201.86,safe
9842,2024-01-02T03:20:10,1.753971,1.285389,0.920022,12.55,36.9,CleanAir,0.0,safe
9843,2024-01-02T03:20:20,0.666603,0.205686,0.009772,22.85,72.68,Smoke,739.04,unsafe
9844,2024-01-02T03:20:30,0.330193,0.01607,0.006363,19.99,82.79,CO,762.73,unsafe
9845,2024-01-02T03:20:40,1.721398,1.246903,0.875388,16.42,74.05,CleanAir,0.0,safe
9846,2024-01-02T03:20:50,1.748096,1.278656,0.888197,11.92,52.62,CleanAir,0.0,safe
9847,2024-01-02T03:21:00,0.852143,0.281232,0.01297,33.08,64.03,Propane,2246.29,unsafe
9848,2024-01-02T03:21:10,0.932536,0.022511,0.016273,17.74,46.77,Propane,3042.93,unsafe
9849,2024-01-02T03:21:20,0.042498,0.252825,0.006539,10.7,49.68,LPG,1196.37,unsafe
9850,2024-01-02T03:21:30,0.96309,0.846087,0.203908,36.47,37.61,Methane,16986.09,unsafe
9851,2024-01-02T03:21:40,0.72422,0.016075,0.179942,11.5,32.45,Smoke,872.22,unsafe
9852,2024-01-02T03:21:50,1.822758,1.304755,0.93043,22.06,34.95,CleanAir,0.0,safe
9853,2024-01-02T03:22:00,0.013167,0.121774,0.083474,22.88,89.94,Alcohol,307.61,safe
9854,2024-01-02T03:22:10,1.781344,1.271439,0.917002,32.19,71.39,CleanAir,0.0,safe
9855,2024-01-02T03:22:20,0.362768,0.287035,0.009556,20.55,77.45,CO,1115.15,unsafe
9856,2024-01-02T03:22:30,1.077929,0.348881,0.231206,30.36,44.74,Propane,4351.64,unsafe
9857,2024-01-02T03:22:40,1.787573,1.301571,0.899137,13.44,47.68,CleanAir,0.0,safe
9858,2024-01-02T03:22:50,1.733,1.281537,0.88525,14.65,62.23,CleanAir,0.0,safe
9859,2024-01-02T03:23:00,0.743331,0.022709,0.259368,18.9,42.9,Hydrogen,3930.58,safe
9860,2024-01-02T03:23:10,1.843016,1.317147,0.956352,37.99,50.6,CleanAir,0.0,safe
9861,2024-01-02T03:23:20,1.748967,1.272975,0.91429,23.2,55.39,CleanAir,0.0,safe
9862,2024-01-02T03:23:30,1.741937,1.244667,0.862985,13.21,74.03,CleanAir,0.0,safe
9863,2024-01-02T03:23:40,0.388312,0.326515,0.115181,39.31,60.86,CO,1128.24,unsafe
9864,2024-01-02T03:23:50,0.819223,0.0257,0.174827,24.24,32.65,Propane,1854.14,unsafe
9865,2024-01-02T03:24:00,1.797759,1.322675,0.94616,36.46,38.5,CleanAir,0.0,safe
9866,2024-01-02T03:24:10,1.812187,1.328555,0.938073,35.67,57.52,CleanAir,0.0,safe
9867,2024-01-02T03:24:20,0.927296,0.022487,0.190401,32.91,73.42,Propane,2896.96,unsafe
9868,2024-01-02T03:24:30,0.84919,0.385363,0.160415,31.68,74.42,LPG,4100.12,unsafe
9869,2024-01-02T03:24:40,0.662672,0.300383,0.013058,28.48,86.49,LPG,2094.58,unsafe
9870,2024-01-02T03:24:50,0.051814,0.388352,0.131578,32.84,48.6,CO,1682.25,unsafe
9871,2024-01-02T03:25:00,0.454542,0.196949,0.179277,28.91,45.49,Alcohol,1421.61,unsafe
9872,2024-01-02T03:25:10,0.697652,0.032178,0.135281,25.33,34.38,LPG,1822.0,unsafe
9873,2024-01-02T03:25:20,0.876117,0.064705,0.164297,33.79,47.78,LPG,3851.45,unsafe
9874,2024-01-02T03:25:30,0.30563,0.190819,0.084718,35.54,39.57,CO,329.11,unsafe
9875,2024-01-02T03:25:40,0.038328,0.215184,0.009694,32.29,64.98,Hydrogen,1303.95,safe
9876,2024-01-02T03:25:50,0.365082,0.1651,0.081873,19.31,30.87,LPG,323.51,safe
9877,2024-01-02T03:26:00,0.904339,0.146953,0.182528,14.29,76.91,Methane,19063.53,unsafe
9878,2024-01-02T03:26:10,0.169498,0.57246,0.150436,25.08,56.56,Methane,5563.05,unsafe
9879,2024-01-02T03:26:20,1.74709,1.270534,0.888008,26.28,77.22,CleanAir,0.0,safe
9880,2024-01-02T03:26:30,0.035561,0.23796,0.109565,23.67,34.1,LPG,852.12,safe
9881,2024-01-02T03:26:40,0.694541,0.221863,0.170745,27.07,65.92,Smoke,837.88,unsafe
9882,2024-01-02T03:26:50,1.816596,1.315735,0.951411,34.2,33.81,CleanAir,0.0,safe
9883,2024-01-02T03:27:00,1.761205,1.320595,0.927187,15.15,37.31,CleanAir,0.0,safe
9884,2024-01-02T03:27:10,0.133242,0.347423,0.225881,33.53,86.65,Propane,4800.97,unsafe
9885,2024-01-02T03:27:20,0.86659,0.282724,0.012948,24.61,62.1,Propane,2399.36,unsafe
9886,2024-01-02T03:27:30,1.776024,1.324824,0.943519,37.61,56.71,CleanAir,0.0,safe
9887,2024-01-02T03:27:40,0.257229,0.108417,0.061876,20.01,60.63,Smoke,95.89,unsafe
9888,2024-01-02T03:27:50,1.761968,1.29363,0.911641,28.6,72.85,CleanAir,0.0,safe
9889,2024-01-02T03:28:00,0.132676,0.607535,0.155676,22.79,70.65,Methane,7219.06,unsafe
9890,2024-01-02T03:28:10,0.47463,0.174455,0.11302,39.56,55.9,Smoke,303.36,unsafe
9891,2024-01-02T03:28:20,0.083506,0.276185,0.241176,37.57,75.52,Hydrogen,3246.31,safe
9892,2024-01-02T03:28:30,1.778863,1.278048,0.903726,21.67,72.43,CleanAir,0.0,safe
9893,2024-01-02T03:28:40,1.815193,1.349462,0.955982,35.8,34.06,CleanAir,0.0,safe
9894,2024-01-02T03:28:50,1.783518,1.29673,0.940089,14.31,35.66,CleanAir,0.0,safe
9895,2024-01-02T03:29:00,0.999943,0.309057,0.266557,18.48,34.85,Smoke,1965.36,unsafe
9896,2024-01-02T03:29:10,0.324516,0.006425,0.077217,34.62,38.78,LPG,224.23,safe
9897,2024-01-02T03:29:20,0.82875,0.032186,0.167342,22.18,43.95,LPG,3741.69,unsafe
9898,2024-01-02T03:29:30,1.762987,1.307533,0.951379,35.04,71.51,CleanAir,0.0,safe
9899,2024-01-02T03:29:40,0.067922,0.035233,0.145126,30.16,79.4,LPG,2670.91,unsafe
9900,2024-01-02T03:29:50,0.06122,0.20269,0.161125,16.71,52.17,Hydrogen,1200.33,safe
9901,2024-01-02T03:30:00,1.787543,1.29376,0.949647,16.65,42.71,CleanAir,0.0,safe
9902,2024-01-02T03:30:10,1.754707,1.293158,0.95141,15.1,34.5,CleanAir,0.0,safe
9903,2024-01-02T03:30:20,0.851599,0.291571,0.185543,37.22,52.9,Propane,2099.49,unsafe
9904,2024-01-02T03:30:30,1.769403,1.280872,0.912829,24.61,65.56,CleanAir,0.0,safe
9905,2024-01-02T03:30:40,1.744645,1.336652,0.959455,24.79,34.1,CleanAir,0.0,safe
9906,2024-01-02T03:30:50,0.785151,0.665845,0.019434,25.11,77.8,Methane,9694.55,unsafe
9907,2024-01-02T03:31:00,0.048847,0.229074,0.179316,33.31,56.09,Smoke,773.36,unsafe
9908,2024-01-02T03:31:10,0.384597,0.02561,0.120629,29.45,84.6,CO,1546.1,unsafe
9909,2024-01-02T03:31:20,0.385351,0.32832,0.11951,29.21,54.39,CO,1182.33,unsafe
9910,2024-01-02T03:31:30,0.361664,0.771844,0.194752,15.92,39.32,Methane,15093.28,unsafe
9911,2024-01-02T03:31:40,1.725252,1.237599,0.901967,13.83,67.78,CleanAir,0.0,safe
9912,2024-01-02T03:31:50,1.761427,1.298294,0.952897,19.42,41.01,CleanAir,0.0,safe
9913,2024-01-02T03:32:00,0.574346,0.203077,0.128903,28.19,56.95,Propane,755.56,safe
9914,2024-01-02T03:32:10,1.784169,1.290266,0.951885,32.08,52.01,CleanAir,0.0,safe
9915,2024-01-02T03:32:20,1.71455,1.28228,0.925287,10.13,45.05,CleanAir,0.0,safe
9916,2024-01-02T03:32:30,0.792134,0.057959,0.156992,20.52,79.38,LPG,3916.91,unsafe
9917,2024-01-02T03:32:40,0.999012,0.334179,0.219407,33.52,46.72,Propane,3553.61,unsafe
9918,2024-01-02T03:32:50,0.523836,0.019419,0.113319,30.15,74.21,LPG,1036.39,unsafe
9919,2024-01-02T03:33:00,1.749985,1.328617,0.957717,27.93,44.5,CleanAir,0.0,safe
9920,2024-01-02T03:33:10,0.636968,0.221812,0.144029,21.7,51.0,Propane,1068.19,unsafe
9921,2024-01-02T03:33:20,0.308698,0.210839,0.006379,15.91,33.76,CO,467.58,unsafe
9922,2024-01-02T03:33:30,0.7217,0.016194,0.160278,17.22,40.52,Propane,1465.04,unsafe
9923,2024-01-02T03:33:40,1.762635,1.264254,0.912874,15.35,59.85,CleanAir,0.0,safe
9924,2024-01-02T03:33:50,1.779711,1.318322,0.970802,36.75,43.89,CleanAir,0.0,safe
9925,2024-01-02T03:34:00,0.070983,0.035507,0.015973,28.99,81.66,LPG,3057.39,unsafe
9926,2024-01-02T03:34:10,0.707162,0.031673,0.147108,25.43,44.41,LPG,2429.25,unsafe
9927,2024-01-02T03:34:20,0.038354,0.207859,0.006489,30.56,35.86,Smoke,560.81,unsafe
9928,2024-01-02T03:34:30,1.762138,1.300943,0.942257,30.05,40.15,CleanAir,0.0,safe
9929,2024-01-02T03:34:40,0.645475,0.297965,0.131153,16.19,71.72,LPG,2085.98,unsafe
9930,2024-01-02T03:34:50,0.754157,0.289779,0.271471,26.94,63.02,Hydrogen,4711.57,safe
9931,2024-01-02T03:35:00,1.045255,0.05751,0.231948,13.56,39.01,Propane,4540.71,unsafe
9932,2024-01-02T03:35:10,1.758946,1.319192,0.930994,30.16,57.41,CleanAir,0.0,safe
9933,2024-01-02T03:35:20,1.737152,1.283745,0.915747,27.95,66.42,CleanAir,0.0,safe
9934,2024-01-02T03:35:30,1.759687,1.282657,0.94744,11.6,32.39,CleanAir,0.0,safe
9935,2024-01-02T03:35:40,1.758561,1.282226,0.950346,30.72,56.16,CleanAir,0.0,safe
9936,2024-01-02T03:35:50,0.045026,0.213727,0.214651,35.26,42.2,Alcohol,1886.56,unsafe
9937,2024-01-02T03:36:00,0.019156,0.198124,0.003232,22.87,55.74,CO,427.34,unsafe
9938,2024-01-02T03:36:10,0.693985,0.075117,0.015852,25.39,84.74,Methane,7116.72,unsafe
9939,2024-01-02T03:36:20,1.797881,1.334159,0.980379,38.78,50.07,CleanAir,0.0,safe
9940,2024-01-02T03:36:30,1.723982,1.276296,0.9242,23.49,70.62,CleanAir,0.0,safe
9941,2024-01-02T03:36:40,1.748133,1.304953,0.940742,17.37,34.52,CleanAir,0.0,safe
9942,2024-01-02T03:36:50,1.693034,1.261472,0.895486,16.9,84.88,CleanAir,0.0,safe
9943,2024-01-02T03:37:00,1.709816,1.233074,0.893287,24.56,87.21,CleanAir,0.0,safe
9944,2024-01-02T03:37:10,0.709939,0.276209,0.257127,17.28,84.41,Hydrogen,4799.62,safe
9945,2024-01-02T03:37:20,1.736296,1.26505,0.933614,14.7,52.55,CleanAir,0.0,safe
9946,2024-01-02T03:37:30,0.701677,0.332426,0.149036,37.75,74.71,LPG,2492.56,unsafe
9947,2024-01-02T03:37:40,0.328727,0.153356,0.080091,26.99,39.08,LPG,265.37,safe
9948,2024-01-02T03:37:50,1.707852,1.289341,0.920007,35.66,83.19,CleanAir,0.0,safe
9949,2024-01-02T03:38:00,0.536181,0.022722,0.185431,22.29,89.48,Hydrogen,1854.09,safe
9950,2024-01-02T03:38:10,0.559316,0.19907,0.131337,23.43,47.14,Propane,771.49,safe
9951,2024-01-02T03:38:20,1.785265,1.330026,0.972405,31.36,34.67,CleanAir,0.0,safe
9952,2024-01-02T03:38:30,0.164624,0.667007,0.17266,25.57,72.74,Methane,10305.17,unsafe
9953,2024-01-02T03:38:40,0.497492,0.009837,0.118497,12.64,65.29,Propane,644.51,safe
9954,2024-01-02T03:38:50,0.858478,0.762092,0.189718,23.67,36.2,Methane,13226.15,unsafe
9955,2024-01-02T03:39:00,0.916965,0.307061,0.016412,21.91,64.29,Propane,3386.36,unsafe
9956,2024-01-02T03:39:10,0.036099,0.202241,0.151331,11.39,33.73,Smoke,564.35,unsafe
9957,2024-01-02T03:39:20,1.718814,1.245116,0.899822,12.34,57.77,CleanAir,0.0,safe
9958,2024-01-02T03:39:30,0.415385,0.184811,0.17677,12.75,70.87,Alcohol,1653.89,unsafe
9959,2024-01-02T03:39:40,0.193014,0.089788,0.048726,18.68,42.86,Smoke,52.26,unsafe
9960,2024-01-02T03:39:50,0.643816,0.217814,0.168235,13.09,77.13,Smoke,892.26,unsafe
9961,2024-01-02T03:40:00,0.016508,0.149349,0.006399,24.12,78.93,Hydrogen,434.43,safe
9962,2024-01-02T03:40:10,0.443716,0.202581,0.012709,36.96,31.92,Alcohol,1406.14,unsafe
9963,2024-01-02T03:40:20,0.128043,0.261918,0.028631,21.84,87.56,Hydrogen,3693.56,safe
9964,2024-01-02T03:40:30,1.73282,1.255849,0.897441,19.49,70.45,CleanAir,0.0,safe
9965,2024-01-02T03:40:40,1.714086,1.267302,0.898058,10.98,55.54,CleanAir,0.0,safe
9966,2024-01-02T03:40:50,1.755961,1.3224,0.963385,32.12,51.56,CleanAir,0.0,safe
9967,2024-01-02T03:41:00,0.840531,0.02261,0.194245,32.18,63.68,Propane,2472.08,unsafe
9968,2024-01-02T03:41:10,0.038416,0.200106,0.151104,10.47,77.64,Smoke,707.69,unsafe
9969,2024-01-02T03:41:20,1.714536,1.250728,0.892778,20.06,76.59,CleanAir,0.0,safe
9970,2024-01-02T03:41:30,1.792104,1.317676,0.993868,38.59,33.94,CleanAir,0.0,safe
9971,2024-01-02T03:41:40,0.691152,0.229388,0.012763,29.7,67.88,Smoke,899.24,unsafe
9972,2024-01-02T03:41:50,1.755138,1.300774,0.932383,35.49,71.29,CleanAir,0.0,safe
9973,2024-01-02T03:42:00,0.949455,0.332204,0.215649,29.8,64.65,Propane,3794.21,unsafe
9974,2024-01-02T03:42:10,1.758869,1.285403,0.922752,22.15,48.43,CleanAir,0.0,safe
9975,2024-01-02T03:42:20,0.350852,0.28198,0.115252,27.55,44.6,CO,885.37,unsafe
9976,2024-01-02T03:42:30,0.409145,0.013118,0.01268,22.76,61.23,Alcohol,1257.13,unsafe
9977,2024-01-02T03:42:40,0.861267,0.411746,0.168267,31.43,71.51,LPG,4821.62,unsafe
9978,2024-01-02T03:42:50,1.726368,1.262364,0.900451,26.91,74.62,CleanAir,0.0,safe
9979,2024-01-02T03:43:00,0.051145,0.022759,0.217954,23.8,36.36,Hydrogen,2232.47,safe
9980,2024-01-02T03:43:10,0.009613,0.126069,0.067516,27.02,71.7,LPG,204.79,safe
9981,2024-01-02T03:43:20,1.777017,1.343709,0.95119,37.68,35.4,CleanAir,0.0,safe
9982,2024-01-02T03:43:30,0.041965,0.012888,0.197378,37.22,83.97,Alcohol,1880.33,unsafe
9983,2024-01-02T03:43:40,1.741265,1.285567,0.941224,24.03,58.65,CleanAir,0.0,safe
9984,2024-01-02T03:43:50,0.389569,0.36745,0.13288,24.78,47.75,CO,1561.06,unsafe
9985,2024-01-02T03:44:00,0.305249,0.141429,0.003253,25.46,64.63,Alcohol,423.51,safe
9986,2024-01-02T03:44:10,1.012788,0.342348,0.031833,25.86,68.14,Propane,4532.76,unsafe
9987,2024-01-02T03:44:20,1.741903,1.310309,0.932179,26.83,50.16,CleanAir,0.0,safe
9988,2024-01-02T03:44:30,0.847944,0.064788,0.172582,33.91,53.08,LPG,4134.83,unsafe
9989,2024-01-02T03:44:40,0.556225,0.200336,0.006477,35.34,54.26,Smoke,505.9,unsafe
9990,2024-01-02T03:44:50,1.790586,1.294864,0.96006,28.39,33.55,CleanAir,0.0,safe
9991,2024-01-02T03:45:00,1.784793,1.312825,0.952714,26.33,50.32,CleanAir,0.0,safe
9992,2024-01-02T03:45:10,0.710166,0.238539,0.197211,39.14,75.02,Smoke,950.13,unsafe
9993,2024-01-02T03:45:20,1.743734,1.306886,0.947164,21.39,44.99,CleanAir,0.0,safe
9994,2024-01-02T03:45:30,0.361061,0.153885,0.117271,21.64,59.66,Hydrogen,474.97,safe
9995,2024-01-02T03:45:40,1.681248,1.254939,0.895222,11.07,83.53,CleanAir,0.0,safe
9996,2024-01-02T03:45:50,1.719055,1.250017,0.921336,26.19,64.83,CleanAir,0.0,safe
9997,2024-01-02T03:46:00,0.663921,0.552627,0.150816,32.58,73.77,Methane,5425.43,unsafe
9998,2024-01-02T03:46:10,0.644398,0.01956,0.144033,35.89,88.7,Propane,1168.84,unsafe
9999,2024-01-02T03:46:20,0.543948,0.216642,0.18971,17.38,61.7,Hydrogen,1680.6,safe
10000,2024-01-02T03:46:30,1.734764,1.276452,0.936045,32.03,70.45,CleanAir,0.0,safe
10001,2024-01-02T03:46:40,0.374731,0.006361,0.091618,39.13,76.07,LPG,419.11,safe
10002,2024-01-02T03:46:50,1.693132,1.234332,0.884562,15.03,85.13,CleanAir,0.0,safe
10003,2024-01-02T03:47:00,0.79074,0.267665,0.013147,16.35,45.83,Propane,1988.19,unsafe
10004,2024-01-02T03:47:10,1.743079,1.304202,0.955836,28.18,53.74,CleanAir,0.0,safe
10005,2024-01-02T03:47:20,1.691041,1.244227,0.928185,16.31,61.11,CleanAir,0.0,safe
10006,2024-01-02T03:47:30,0.393314,0.022512,0.132278,36.22,59.45,CO,1488.02,unsafe
10007,2024-01-02T03:47:40,0.591833,0.211652,0.16114,30.05,37.66,Smoke,578.51,unsafe
10008,2024-01-02T03:47:50,0.067184,0.267897,0.035597,13.16,80.82,Hydrogen,4222.84,safe
10009,2024-01-02T03:48:00,0.009761,0.12119,0.083646,30.9,68.97,Alcohol,226.7,safe
10010,2024-01-02T03:48:10,0.01651,0.15086,0.119453,14.38,62.14,Alcohol,565.35,safe
10011,2024-01-02T03:48:20,0.025828,0.207256,0.006504,33.1,39.6,LPG,558.79,safe
10012,2024-01-02T03:48:30,0.740435,0.025864,0.022506,36.3,30.6,Hydrogen,3635.66,safe
10013,2024-01-02T03:48:40,1.720586,1.251396,0.907351,15.16,74.93,CleanAir,0.0,safe
10014,2024-01-02T03:48:50,1.773194,1.351563,0.985086,28.42,35.76,CleanAir,0.0,safe
10015,2024-01-02T03:49:00,1.771994,1.275669,0.93301,35.01,80.0,CleanAir,0.0,safe
10016,2024-01-02T03:49:10,1.715065,1.276363,0.90497,21.35,71.74,CleanAir,0.0,safe
10017,2024-01-02T03:49:20,0.366626,0.025831,0.121088,14.69,66.46,CO,1494.93,unsafe
10018,2024-01-02T03:49:30,0.294241,0.003158,0.003236,32.76,76.82,Smoke,132.1,unsafe
10019,2024-01-02T03:49:40,1.732923,1.236409,0.8919,21.32,87.86,CleanAir,0.0,safe
10020,2024-01-02T03:49:50,0.294217,0.724825,0.185332,30.37,73.48,Methane,12644.57,unsafe
10021,2024-01-02T03:50:00,0.01617,0.227462,0.097769,31.35,73.23,CO,573.15,unsafe
10022,2024-01-02T03:50:10,0.344709,0.160423,0.128358,23.9,56.58,Alcohol,627.36,safe
10023,2024-01-02T03:50:20,1.753227,1.262541,0.929151,29.34,75.59,CleanAir,0.0,safe
10024,2024-01-02T03:50:30,0.054982,0.299248,0.142427,38.58,34.9,LPG,1477.05,unsafe
10025,2024-01-02T03:50:40,1.753884,1.28415,0.947683,18.48,46.48,CleanAir,0.0,safe
10026,2024-01-02T03:50:50,1.704169,1.265083,0.941211,16.23,65.23,CleanAir,0.0,safe
10027,2024-01-02T03:51:00,1.711336,1.250826,0.922957,24.65,80.43,CleanAir,0.0,safe
10028,2024-01-02T03:51:10,1.72722,1.279677,0.968532,36.82,72.18,CleanAir,0.0,safe
10029,2024-01-02T03:51:20,0.119745,0.675906,0.175014,11.15,79.9,Methane,11494.34,unsafe
10030,2024-01-02T03:51:30,0.331145,0.117438,0.022605,25.24,54.45,Methane,10154.61,unsafe
10031,2024-01-02T03:51:40,0.057247,0.01293,0.18481,31.81,81.92,Smoke,942.04,unsafe
10032,2024-01-02T03:51:50,1.759496,1.339348,0.998219,38.95,42.15,CleanAir,0.0,safe
10033,2024-01-02T03:52:00,0.397623,0.180953,0.009682,27.76,84.41,Alcohol,1298.51,unsafe
10034,2024-01-02T03:52:10,0.898282,0.43402,0.019518,38.5,58.53,LPG,4982.3,unsafe
10035,2024-01-02T03:52:20,0.038473,0.211928,0.009609,27.33,54.85,Smoke,659.91,unsafe
10036,2024-01-02T03:52:30,0.452103,0.201625,0.202095,31.07,44.41,Alcohol,1649.98,unsafe
10037,2024-01-02T03:52:40,0.750753,0.249128,0.169001,20.37,78.42,Propane,1891.9,unsafe
10038,2024-01-02T03:52:50,1.766455,1.304527,0.965139,38.94,55.85,CleanAir,0.0,safe
10039,2024-01-02T03:53:00,0.590312,0.019449,0.026133,12.53,40.68,Hydrogen,2161.99,safe
10040,2024-01-02T03:53:10,0.045118,0.019294,0.185148,34.68,89.25,Hydrogen,1598.29,safe
10041,2024-01-02T03:53:20,1.776631,1.329929,0.979484,29.64,37.07,CleanAir,0.0,safe
10042,2024-01-02T03:53:30,1.728123,1.285962,0.955612,35.22,66.33,CleanAir,0.0,safe
10043,2024-01-02T03:53:40,0.032214,0.183028,0.009684,34.69,64.74,Hydrogen,818.6,safe
10044,2024-01-02T03:53:50,0.749538,0.351519,0.019582,15.71,64.92,LPG,3387.98,unsafe
10045,2024-01-02T03:54:00,1.703182,1.264815,0.918412,17.99,69.71,CleanAir,0.0,safe
10046,2024-01-02T03:54:10,0.301343,0.109868,0.173956,38.23,86.88,Methane,9261.64,unsafe
10047,2024-01-02T03:54:20,1.72312,1.324867,0.964504,18.44,32.29,CleanAir,0.0,safe
10048,2024-01-02T03:54:30,0.302923,0.139458,0.006493,33.52,69.59,Alcohol,377.93,safe
10049,2024-01-02T03:54:40,1.795532,1.302638,0.961685,30.78,49.97,CleanAir,0.0,safe
10050,2024-01-02T03:54:50,1.736961,1.266959,0.950221,25.2,56.48,CleanAir,0.0,safe
10051,2024-01-02T03:55:00,0.748446,0.016259,0.012751,26.6,88.95,Smoke,1176.33,unsafe
10052,2024-01-02T03:55:10,1.770121,1.323974,0.985674,33.69,46.96,CleanAir,0.0,safe
10053,2024-01-02T03:55:20,1.725631,1.277218,0.951572,34.6,66.71,CleanAir,0.0,safe
10054,2024-01-02T03:55:30,1.727206,1.286653,0.94787,31.21,71.81,CleanAir,0.0,safe
10055,2024-01-02T03:55:40,0.038025,0.031561,0.016078,12.61,67.88,CO,1898.15,unsafe
10056,2024-01-02T03:55:50,1.774113,1.333923,0.974084,33.39,39.37,CleanAir,0.0,safe
10057,2024-01-02T03:56:00,0.281767,0.132669,0.100057,24.14,72.21,Alcohol,344.09,safe
10058,2024-01-02T03:56:10,1.709097,1.289847,0.952453,15.92,36.75,CleanAir,0.0,safe
10059,2024-01-02T03:56:20,0.044675,0.025635,0.123714,28.12,87.12,CO,1395.28,unsafe
10060,2024-01-02T03:56:30,0.146754,0.350622,0.155999,10.88,75.06,LPG,3511.62,unsafe
10061,2024-01-02T03:56:40,0.37725,0.367331,0.131061,19.43,85.32,CO,1962.56,unsafe
10062,2024-01-02T03:56:50,0.428427,0.01296,0.142756,16.35,81.68,Hydrogen,885.28,safe
10063,2024-01-02T03:57:00,1.761788,1.288268,0.96686,23.1,45.77,CleanAir,0.0,safe
10064,2024-01-02T03:57:10,0.419324,0.401975,0.148424,36.6,36.81,CO,1762.83,unsafe
10065,2024-01-02T03:57:20,1.772582,1.285809,0.961565,37.94,53.71,CleanAir,0.0,safe
10066,2024-01-02T03:57:30,1.709351,1.298158,0.962362,16.14,45.58,CleanAir,0.0,safe
10067,2024-01-02T03:57:40,0.246232,0.119131,0.081107,34.77,30.47,Alcohol,154.11,safe
10068,2024-01-02T03:57:50,1.759544,1.284872,0.944035,22.11,58.88,CleanAir,0.0,safe
10069,2024-01-02T03:58:00,0.401657,0.172487,0.132503,33.52,63.99,Hydrogen,602.9,safe
10070,2024-01-02T03:58:10,1.712435,1.218071,0.909314,11.58,80.02,CleanAir,0.0,safe
10071,2024-01-02T03:58:20,1.756662,1.304639,0.960182,27.2,53.65,CleanAir,0.0,safe
10072,2024-01-02T03:58:30,1.708994,1.244209,0.924781,15.12,77.83,CleanAir,0.0,safe
10073,2024-01-02T03:58:40,0.350949,0.15915,0.14133,16.68,65.7,Alcohol,796.03,safe
10074,2024-01-02T03:58:50,1.778043,1.351807,1.006069,39.59,33.92,CleanAir,0.0,safe
10075,2024-01-02T03:59:00,1.719107,1.275587,0.957896,13.88,43.8,CleanAir,0.0,safe
10076,2024-01-02T03:59:10,1.770009,1.284287,0.966722,25.08,58.47,CleanAir,0.0,safe
10077,2024-01-02T03:59:20,1.751472,1.305895,0.981542,32.56,50.37,CleanAir,0.0,safe
10078,2024-01-02T03:59:30,0.042416,0.009638,0.009575,23.78,73.15,Smoke,704.62,unsafe
10079,2024-01-02T03:59:40,1.678971,1.234001,0.891703,11.66,85.94,CleanAir,0.0,safe
10080,2024-01-02T03:59:50,1.721465,1.255338,0.951615,20.43,67.83,CleanAir,0.0,safe
10081,2024-01-02T04:00:00,1.745386,1.302803,0.974183,28.82,51.18,CleanAir,0.0,safe
10082,2024-01-02T04:00:10,0.450759,0.01297,0.150273,28.53,79.99,Hydrogen,890.85,safe
10083,2024-01-02T04:00:20,0.69682,0.222318,0.191289,16.0,57.33,Smoke,928.47,unsafe
10084,2024-01-02T04:00:30,1.754555,1.307196,0.974218,28.54,50.94,CleanAir,0.0,safe
10085,2024-01-02T04:00:40,1.775086,1.312231,1.002279,20.55,32.14,CleanAir,0.0,safe
10086,2024-01-02T04:00:50,0.05403,0.012968,0.016265,25.62,48.09,Smoke,932.44,unsafe
10087,2024-01-02T04:01:00,1.721259,1.231737,0.917349,16.65,85.81,CleanAir,0.0,safe
10088,2024-01-02T04:01:10,0.425889,0.187846,0.17587,38.32,34.83,Alcohol,992.48,safe
10089,2024-01-02T04:01:20,0.368084,0.00959,0.149471,25.98,84.53,Alcohol,899.17,safe
10090,2024-01-02T04:01:30,1.748873,1.314832,0.98955,25.89,42.45,CleanAir,0.0,safe
10091,2024-01-02T04:01:40,1.757697,1.292105,0.970695,38.53,74.57,CleanAir,0.0,safe
10092,2024-01-02T04:01:50,0.852585,0.279102,0.022562,13.04,78.69,Propane,2855.46,unsafe
10093,2024-01-02T04:02:00,0.990373,0.225697,0.228747,30.73,30.98,Methane,19292.15,unsafe
10094,2024-01-02T04:02:10,1.713006,1.284975,0.985364,19.29,50.8,CleanAir,0.0,safe
10095,2024-01-02T04:02:20,0.984764,0.322141,0.016164,17.58,40.3,Propane,3555.21,unsafe
10096,2024-01-02T04:02:30,1.743722,1.237031,0.929509,16.57,74.28,CleanAir,0.0,safe
10097,2024-01-02T04:02:40,1.720137,1.28972,0.960997,16.72,57.43,CleanAir,0.0,safe
10098,2024-01-02T04:02:50,1.733105,1.244764,0.898608,11.69,86.14,CleanAir,0.0,safe
10099,2024-01-02T04:03:00,0.022644,0.006502,0.123236,34.8,50.35,Alcohol,453.99,safe
10100,2024-01-02T04:03:10,1.734589,1.303813,0.957332,24.12,55.72,CleanAir,0.0,safe
10101,2024-01-02T04:03:20,0.574514,0.256589,0.12842,23.16,55.91,LPG,1293.69,unsafe
10102,2024-01-02T04:03:30,1.761696,1.285059,0.973453,38.91,67.4,CleanAir,0.0,safe
10103,2024-01-02T04:03:40,1.751416,1.30003,0.939093,33.22,74.0,CleanAir,0.0,safe
10104,2024-01-02T04:03:50,0.652706,0.214657,0.009724,24.83,66.72,Smoke,762.03,unsafe
10105,2024-01-02T04:04:00,1.787063,1.299412,0.991773,15.91,33.6,CleanAir,0.0,safe
10106,2024-01-02T04:04:10,0.840343,0.048513,0.175452,11.03,44.72,LPG,4266.4,unsafe
10107,2024-01-02T04:04:20,0.823084,0.044468,0.174225,13.05,34.54,LPG,3764.65,unsafe
10108,2024-01-02T04:04:30,1.766312,1.323583,0.973718,12.17,38.55,CleanAir,0.0,safe
10109,2024-01-02T04:04:40,1.769636,1.301323,0.960732,28.9,62.53,CleanAir,0.0,safe
10110,2024-01-02T04:04:50,0.209112,0.100645,0.054979,27.54,32.85,Smoke,56.81,unsafe
10111,2024-01-02T04:05:00,1.742056,1.293994,0.975606,25.62,63.9,CleanAir,0.0,safe
10112,2024-01-02T04:05:10,0.290437,0.009567,0.089414,25.16,82.58,CO,463.45,unsafe
10113,2024-01-02T04:05:20,1.749853,1.30337,0.988621,28.33,41.68,CleanAir,0.0,safe
10114,2024-01-02T04:05:30,0.341807,0.009486,0.006525,33.18,66.82,Alcohol,565.63,safe
10115,2024-01-02T04:05:40,1.768247,1.300285,0.975625,34.53,67.69,CleanAir,0.0,safe
10116,2024-01-02T04:05:50,1.713201,1.254841,0.972041,19.53,57.29,CleanAir,0.0,safe
10117,2024-01-02T04:06:00,0.572683,0.00985,0.148839,22.78,35.6,Smoke,492.31,unsafe
10118,2024-01-02T04:06:10,0.822995,0.715181,0.190624,32.66,63.21,Methane,11167.85,unsafe
10119,2024-01-02T04:06:20,0.10799,0.249885,0.237711,31.9,83.11,Hydrogen,2852.27,safe
10120,2024-01-02T04:06:30,0.350426,0.109582,0.202227,35.69,80.26,Methane,15032.69,unsafe
10121,2024-01-02T04:06:40,1.782518,1.316918,0.98416,23.6,32.08,CleanAir,0.0,safe
10122,2024-01-02T04:06:50,0.986967,0.32287,0.230203,16.67,41.09,Propane,3713.33,unsafe
10123,2024-01-02T04:07:00,0.426286,0.159467,0.114269,38.77,69.11,Smoke,267.22,unsafe
10124,2024-01-02T04:07:10,0.022348,0.272379,0.113295,23.2,52.45,CO,834.48,unsafe
10125,2024-01-02T04:07:20,0.367641,0.009566,0.14704,29.52,62.99,Alcohol,763.48,safe
10126,2024-01-02T04:07:30,1.773045,1.340135,0.996126,33.65,43.41,CleanAir,0.0,safe
10127,2024-01-02T04:07:40,0.321406,0.148244,0.117977,30.24,39.02,Alcohol,388.9,safe
10128,2024-01-02T04:07:50,0.241141,0.110651,0.003234,16.45,37.74,Alcohol,148.44,safe
10129,2024-01-02T04:08:00,1.788548,1.32276,0.992102,30.18,40.43,CleanAir,0.0,safe
10130,2024-01-02T04:08:10,0.668506,0.259292,0.245042,28.32,37.86,Hydrogen,2509.73,safe
10131,2024-01-02T04:08:20,1.793805,1.307608,1.014283,38.42,38.38,CleanAir,0.0,safe
10132,2024-01-02T04:08:30,1.758945,1.304161,0.982645,23.45,49.33,CleanAir,0.0,safe
10133,2024-01-02T04:08:40,0.058387,0.012925,0.201461,39.04,39.3,Alcohol,1305.35,unsafe
10134,2024-01-02T04:08:50,1.748027,1.279663,0.954643,15.04,41.48,CleanAir,0.0,safe
10135,2024-01-02T04:09:00,0.785865,0.296292,0.293625,25.54,80.85,Hydrogen,5642.06,safe
10136,2024-01-02T04:09:10,0.096507,0.247915,0.022945,11.1,76.05,Hydrogen,3380.75,safe
10137,2024-01-02T04:09:20,1.757281,1.330792,1.013083,34.57,48.83,CleanAir,0.0,safe
10138,2024-01-02T04:09:30,1.754692,1.306272,0.972954,20.04,38.35,CleanAir,0.0,safe
10139,2024-01-02T04:09:40,0.658246,0.016256,0.153225,30.14,63.03,Propane,1132.5,unsafe
10140,2024-01-02T04:09:50,1.772905,1.299792,0.983836,26.09,35.69,CleanAir,0.0,safe
10141,2024-01-02T04:10:00,1.746482,1.283715,0.931735,35.61,84.45,CleanAir,0.0,safe
10142,2024-01-02T04:10:10,1.668831,1.211106,0.91636,10.06,89.21,CleanAir,0.0,safe
10143,2024-01-02T04:10:20,0.821602,0.272872,0.186951,18.25,80.5,Propane,2468.13,unsafe
10144,2024-01-02T04:10:30,0.751238,0.074491,0.167746,14.26,73.72,Methane,8800.66,unsafe
10145,2024-01-02T04:10:40,1.791106,1.293537,0.964723,29.67,56.21,CleanAir,0.0,safe
10146,2024-01-02T04:10:50,0.452063,0.207793,0.006452,26.01,48.24,LPG,635.33,safe
10147,2024-01-02T04:11:00,0.503921,0.006554,0.132175,30.69,47.63,Smoke,360.17,unsafe
10148,2024-01-02T04:11:10,0.157336,0.30954,0.212915,18.41,62.87,Propane,3448.08,unsafe
10149,2024-01-02T04:11:20,0.3273,0.006366,0.087022,32.08,38.17,LPG,256.57,safe
10150,2024-01-02T04:11:30,1.744619,1.299059,0.95601,20.76,51.5,CleanAir,0.0,safe
10151,2024-01-02T04:11:40,0.957753,0.315077,0.019155,22.34,87.27,Propane,4232.93,unsafe
10152,2024-01-02T04:11:50,1.787568,1.343061,0.986711,35.39,38.02,CleanAir,0.0,safe
10153,2024-01-02T04:12:00,0.048904,0.221433,0.181073,29.52,62.6,Smoke,769.82,unsafe
10154,2024-01-02T04:12:10,1.724485,1.251651,0.927661,18.07,77.54,CleanAir,0.0,safe
10155,2024-01-02T04:12:20,0.135989,0.128273,0.186047,24.18,71.69,Methane,11854.95,unsafe
10156,2024-01-02T04:12:30,0.663338,0.211148,0.171204,18.49,79.78,Smoke,799.66,unsafe
10157,2024-01-02T04:12:40,0.36049,0.288975,0.11442,31.64,65.78,CO,939.67,unsafe
10158,2024-01-02T04:12:50,0.764221,0.355024,0.02593,10.48,75.86,LPG,3608.71,unsafe
10159,2024-01-02T04:13:00,0.395134,0.373205,0.129393,22.75,84.24,CO,1881.3,unsafe
10160,2024-01-02T04:13:10,1.726418,1.265168,0.920859,23.8,85.1,CleanAir,0.0,safe
10161,2024-01-02T04:13:20,0.35505,0.158777,0.13559,23.55,35.28,Alcohol,587.79,safe
10162,2024-01-02T04:13:30,1.086868,0.354589,0.248635,31.89,45.29,Propane,4463.76,unsafe
10163,2024-01-02T04:13:40,0.045201,0.258847,0.009713,17.31,87.14,LPG,1527.65,unsafe
10164,2024-01-02T04:13:50,0.825709,0.71454,0.182508,14.93,74.88,Methane,12667.24,unsafe
10165,2024-01-02T04:14:00,0.480475,0.168101,0.006428,17.08,67.46,Smoke,384.33,unsafe
10166,2024-01-02T04:14:10,1.78959,1.250728,0.945656,28.7,72.57,CleanAir,0.0,safe
10167,2024-01-02T04:14:20,1.747106,1.324285,0.984016,37.0,51.56,CleanAir,0.0,safe
10168,2024-01-02T04:14:30,1.759522,1.292454,0.978808,35.02,66.35,CleanAir,0.0,safe
10169,2024-01-02T04:14:40,0.476524,0.201881,0.209577,39.2,62.98,Alcohol,1699.95,unsafe
10170,2024-01-02T04:14:50,1.695901,1.243235,0.918321,25.41,88.89,CleanAir,0.0,safe
10171,2024-01-02T04:15:00,1.708347,1.257089,0.942841,22.43,75.64,CleanAir,0.0,safe
10172,2024-01-02T04:15:10,1.742474,1.280774,0.953674,15.77,47.13,CleanAir,0.0,safe
10173,2024-01-02T04:15:20,1.764072,1.278494,0.954971,12.94,47.98,CleanAir,0.0,safe
10174,2024-01-02T04:15:30,0.412323,0.17753,0.178408,10.65,45.96,Alcohol,1251.74,unsafe
10175,2024-01-02T04:15:40,0.829504,0.381075,0.176453,37.36,38.56,LPG,3093.32,unsafe
10176,2024-01-02T04:15:50,0.006383,0.097943,0.003211,21.6,74.66,Smoke,81.85,unsafe
10177,2024-01-02T04:16:00,1.77531,1.261755,0.956989,31.77,77.17,CleanAir,0.0,safe
10178,2024-01-02T04:16:10,0.071147,0.022387,0.012911,23.99,41.74,Propane,1845.06,unsafe
10179,2024-01-02T04:16:20,0.039364,0.21038,0.107085,27.61,72.13,LPG,753.34,safe
10180,2024-01-02T04:16:30,1.786757,1.297379,0.981098,29.42,37.18,CleanAir,0.0,safe
10181,2024-01-02T04:16:40,1.791109,1.260612,0.953448,13.76,41.94,CleanAir,0.0,safe
10182,2024-01-02T04:16:50,0.745119,0.242574,0.009757,19.67,30.22,Propane,1360.69,unsafe
10183,2024-01-02T04:17:00,1.734795,1.278934,0.951053,21.28,58.83,CleanAir,0.0,safe
10184,2024-01-02T04:17:10,1.724805,1.274038,0.921599,26.23,88.02,CleanAir,0.0,safe
10185,2024-01-02T04:17:20,1.803402,1.301552,0.986779,24.41,38.49,CleanAir,0.0,safe
10186,2024-01-02T04:17:30,0.756309,0.283193,0.27337,39.69,54.93,Hydrogen,3656.22,safe
10187,2024-01-02T04:17:40,1.77173,1.270516,0.952062,34.56,70.72,CleanAir,0.0,safe
10188,2024-01-02T04:17:50,1.766658,1.266915,0.923095,30.79,82.48,CleanAir,0.0,safe
10189,2024-01-02T04:18:00,0.851219,0.705399,0.18904,37.5,39.45,Methane,9891.9,unsafe
10190,2024-01-02T04:18:10,0.881622,0.042229,0.179627,26.97,49.4,LPG,4524.0,unsafe
10191,2024-01-02T04:18:20,0.746919,0.233185,0.195447,38.76,80.83,Smoke,934.69,unsafe
10192,2024-01-02T04:18:30,0.077664,0.016284,0.217377,35.61,65.86,Alcohol,1925.91,unsafe
10193,2024-01-02T04:18:40,1.769777,1.275602,0.966621,15.25,33.79,CleanAir,0.0,safe
10194,2024-01-02T04:18:50,0.822841,0.683568,0.022603,30.05,48.03,Methane,9435.77,unsafe
10195,2024-01-02T04:19:00,1.728038,1.212716,0.894045,15.26,89.36,CleanAir,0.0,safe
10196,2024-01-02T04:19:10,1.727899,1.251631,0.938066,31.45,87.24,CleanAir,0.0,safe
10197,2024-01-02T04:19:20,1.771361,1.293562,0.9394,28.55,68.73,CleanAir,0.0,safe
10198,2024-01-02T04:19:30,1.064674,0.334025,0.232146,18.21,73.72,Propane,4835.34,unsafe
10199,2024-01-02T04:19:40,1.766226,1.294884,0.94524,21.68,52.96,CleanAir,0.0,safe
10200,2024-01-02T04:19:50,1.758569,1.258525,0.927976,25.06,71.06,CleanAir,0.0,safe
10201,2024-01-02T04:20:00,1.022486,0.338293,0.230966,29.96,64.9,Propane,4050.52,unsafe
10202,2024-01-02T04:20:10,0.68745,0.314885,0.013053,21.29,63.92,LPG,2263.6,unsafe
10203,2024-01-02T04:20:20,0.403016,0.142376,0.097844,22.5,60.28,Propane,302.73,safe
10204,2024-01-02T04:20:30,0.565146,0.254008,0.124786,30.42,46.35,LPG,1082.71,unsafe
10205,2024-01-02T04:20:40,0.420008,0.154594,0.102377,31.77,41.01,Smoke,217.24,unsafe
10206,2024-01-02T04:20:50,0.812899,0.143672,0.16806,13.41,86.67,Methane,11884.24,unsafe
10207,2024-01-02T04:21:00,0.284889,0.178232,0.003226,17.09,67.95,CO,350.25,unsafe
10208,2024-01-02T04:21:10,1.777731,1.261295,0.942837,33.29,73.52,CleanAir,0.0,safe
10209,2024-01-02T04:21:20,1.748489,1.293247,0.952092,27.06,55.85,CleanAir,0.0,safe
10210,2024-01-02T04:21:30,0.077915,0.336494,0.016112,34.56,69.28,LPG,2731.44,unsafe
10211,2024-01-02T04:21:40,1.713326,1.234832,0.929023,16.43,79.01,CleanAir,0.0,safe
10212,2024-01-02T04:21:50,0.431473,0.035514,0.143219,27.81,39.09,CO,1680.87,unsafe
10213,2024-01-02T04:22:00,1.753989,1.271185,0.938092,24.03,70.15,CleanAir,0.0,safe
10214,2024-01-02T04:22:10,0.504593,0.195237,0.162284,19.96,70.54,Hydrogen,1097.16,safe
10215,2024-01-02T04:22:20,1.744002,1.258611,0.941426,30.07,81.41,CleanAir,0.0,safe
10216,2024-01-02T04:22:30,0.46399,0.187975,0.151388,20.28,31.47,Hydrogen,777.74,safe
10217,2024-01-02T04:22:40,1.761613,1.290541,0.954595,20.15,47.11,CleanAir,0.0,safe
10218,2024-01-02T04:22:50,1.763053,1.313613,0.986307,28.57,44.64,CleanAir,0.0,safe
10219,2024-01-02T04:23:00,0.103986,0.293947,0.135565,32.91,66.65,LPG,1666.03,unsafe
10220,2024-01-02T04:23:10,0.201675,0.282632,0.190455,16.6,74.42,Propane,2795.4,unsafe
10221,2024-01-02T04:23:20,0.019306,0.142463,0.11493,18.44,72.19,Alcohol,490.33,safe
10222,2024-01-02T04:23:30,1.753708,1.27606,0.942572,20.95,52.61,CleanAir,0.0,safe
10223,2024-01-02T04:23:40,1.802156,1.3017,0.946034,30.23,60.18,CleanAir,0.0,safe
10224,2024-01-02T04:23:50,0.019215,0.152641,0.103094,28.69,39.12,Smoke,226.41,unsafe
10225,2024-01-02T04:24:00,0.542648,0.00969,0.134059,21.61,62.21,Smoke,444.91,unsafe
10226,2024-01-02T04:24:10,1.742186,1.257066,0.952035,10.8,64.75,CleanAir,0.0,safe
10227,2024-01-02T04:24:20,0.811738,0.264884,0.177694,27.85,37.63,Propane,1662.3,unsafe
10228,2024-01-02T04:24:30,1.772843,1.251157,0.93917,10.43,44.5,CleanAir,0.0,safe
10229,2024-01-02T04:24:40,0.277502,0.121563,0.083429,30.79,59.94,Alcohol,211.49,safe
10230,2024-01-02T04:24:50,1.74045,1.264723,0.921091,28.96,87.13,CleanAir,0.0,safe
10231,2024-01-02T04:25:00,1.729562,1.234981,0.899725,11.63,78.21,CleanAir,0.0,safe
10232,2024-01-02T04:25:10,0.025838,0.013138,0.167901,37.72,33.3,Alcohol,860.31,safe
10233,2024-01-02T04:25:20,0.598159,0.01306,0.153466,21.66,75.92,Smoke,603.17,unsafe
10234,2024-01-02T04:25:30,1.747689,1.269478,0.937375,31.48,72.4,CleanAir,0.0,safe
10235,2024-01-02T04:25:40,0.016126,0.216159,0.006454,25.0,54.83,CO,509.31,unsafe
10236,2024-01-02T04:25:50,0.28201,0.85927,0.209526,35.22,71.19,Methane,19518.26,unsafe
10237,2024-01-02T04:26:00,0.147203,0.606204,0.16206,35.22,64.62,Methane,6364.19,unsafe
10238,2024-01-02T04:26:10,1.763729,1.297006,0.967557,28.07,46.82,CleanAir,0.0,safe
10239,2024-01-02T04:26:20,0.08689,0.313864,0.028618,36.97,39.32,Hydrogen,4463.85,safe
10240,2024-01-02T04:26:30,0.415257,0.184472,0.009859,13.33,45.23,Alcohol,1245.82,unsafe
10241,2024-01-02T04:26:40,0.812012,0.367065,0.165735,36.25,67.46,LPG,3482.55,unsafe
10242,2024-01-02T04:26:50,0.139281,0.070738,0.036089,22.42,73.03,Smoke,27.71,safe
10243,2024-01-02T04:27:00,1.753259,1.295435,0.934994,25.4,69.91,CleanAir,0.0,safe
10244,2024-01-02T04:27:10,0.391956,0.022773,0.126522,13.79,43.4,CO,1298.67,unsafe
10245,2024-01-02T04:27:20,1.765629,1.2957,0.943422,25.89,76.33,CleanAir,0.0,safe
10246,2024-01-02T04:27:30,0.019246,0.242729,0.006384,12.91,44.83,CO,673.7,unsafe
10247,2024-01-02T04:27:40,0.015965,0.006422,0.118411,15.38,34.86,Alcohol,461.44,safe
10248,2024-01-02T04:27:50,0.05831,0.029098,0.127102,12.39,87.72,LPG,1815.23,unsafe
10249,2024-01-02T04:28:00,1.758223,1.267636,0.955332,25.45,82.98,CleanAir,0.0,safe
10250,2024-01-02T04:28:10,1.799099,1.295979,0.947086,17.35,48.71,CleanAir,0.0,safe
10251,2024-01-02T04:28:20,0.886371,0.762118,0.194498,21.56,44.34,Methane,13598.65,unsafe
10252,2024-01-02T04:28:30,1.771659,1.281974,0.951221,21.57,55.12,CleanAir,0.0,safe
10253,2024-01-02T04:28:40,0.672477,0.216612,0.171601,14.06,42.87,Smoke,713.8,unsafe
10254,2024-01-02T04:28:50,1.738159,1.245948,0.906923,18.72,86.84,CleanAir,0.0,safe
10255,2024-01-02T04:29:00,0.067234,0.302482,0.141439,34.42,40.53,LPG,1669.61,unsafe
10256,2024-01-02T04:29:10,0.775852,0.258182,0.173501,39.94,70.58,Propane,1653.27,unsafe
10257,2024-01-02T04:29:20,0.694161,0.259988,0.019136,14.59,73.44,Hydrogen,3691.01,safe
10258,2024-01-02T04:29:30,1.712419,1.264839,0.935774,15.0,66.53,CleanAir,0.0,safe
10259,2024-01-02T04:29:40,1.758326,1.276323,0.937827,24.32,68.7,CleanAir,0.0,safe
10260,2024-01-02T04:29:50,1.785567,1.29007,0.979069,32.85,64.51,CleanAir,0.0,safe
10261,2024-01-02T04:30:00,1.727389,1.254864,0.908186,18.47,82.37,CleanAir,0.0,safe
10262,2024-01-02T04:30:10,0.168688,0.350916,0.242033,32.95,53.47,Propane,4345.09,unsafe
10263,2024-01-02T04:30:20,0.189757,0.127063,0.177685,16.3,39.04,Methane,9125.27,unsafe
10264,2024-01-02T04:30:30,1.748054,1.286349,0.940478,21.58,52.09,CleanAir,0.0,safe
10265,2024-01-02T04:30:40,1.781976,1.296863,0.939346,38.69,80.98,CleanAir,0.0,safe
10266,2024-01-02T04:30:50,0.688327,0.013069,0.184337,37.7,71.04,Smoke,813.97,unsafe
10267,2024-01-02T04:31:00,0.035552,0.00971,0.147476,37.33,74.03,Smoke,524.28,unsafe
10268,2024-01-02T04:31:10,0.717013,0.03212,0.044653,12.88,59.6,Hydrogen,3998.0,safe
10269,2024-01-02T04:31:20,0.48239,0.221834,0.00636,33.22,67.56,LPG,791.11,safe
10270,2024-01-02T04:31:30,1.747408,1.294208,0.932396,14.43,44.6,CleanAir,0.0,safe
10271,2024-01-02T04:31:40,1.758589,1.287887,0.922553,10.78,54.07,CleanAir,0.0,safe
10272,2024-01-02T04:31:50,1.764592,1.258361,0.916444,17.09,78.48,CleanAir,0.0,safe
10273,2024-01-02T04:32:00,0.327891,0.244327,0.10198,34.31,72.41,CO,639.38,unsafe
10274,2024-01-02T04:32:10,1.779363,1.311213,0.974542,28.62,45.86,CleanAir,0.0,safe
10275,2024-01-02T04:32:20,1.736248,1.282049,0.937709,24.44,79.58,CleanAir,0.0,safe
10276,2024-01-02T04:32:30,1.739442,1.271331,0.946051,24.18,74.79,CleanAir,0.0,safe
10277,2024-01-02T04:32:40,0.591317,0.198671,0.151021,16.36,40.37,Smoke,542.42,unsafe
10278,2024-01-02T04:32:50,0.35927,0.3178,0.119406,13.16,77.79,CO,1392.72,unsafe
10279,2024-01-02T04:33:00,0.813815,0.090332,0.181419,10.11,52.21,Methane,11480.65,unsafe
10280,2024-01-02T04:33:10,1.816945,1.338042,1.010112,39.45,42.37,CleanAir,0.0,safe
10281,2024-01-02T04:33:20,0.194967,0.083502,0.050895,14.35,68.49,CO,73.21,unsafe
10282,2024-01-02T04:33:30,1.758705,1.27426,0.95421,31.88,79.67,CleanAir,0.0,safe
10283,2024-01-02T04:33:40,1.743218,1.295157,0.952506,18.98,45.64,CleanAir,0.0,safe
10284,2024-01-02T04:33:50,1.750241,1.290543,0.941368,34.45,81.69,CleanAir,0.0,safe
10285,2024-01-02T04:34:00,0.906335,0.789866,0.028534,26.97,76.1,Methane,16779.71,unsafe
10286,2024-01-02T04:34:10,0.025524,0.171963,0.006379,13.21,66.77,Smoke,405.43,unsafe
10287,2024-01-02T04:34:20,1.72738,1.278876,0.951758,10.92,43.49,CleanAir,0.0,safe
10288,2024-01-02T04:34:30,1.78361,1.290545,0.956898,32.48,70.68,CleanAir,0.0,safe
10289,2024-01-02T04:34:40,1.712561,1.232458,0.904707,11.67,89.06,CleanAir,0.0,safe
10290,2024-01-02T04:34:50,1.753745,1.267907,0.956315,17.96,53.26,CleanAir,0.0,safe
10291,2024-01-02T04:35:00,0.119979,0.275442,0.264271,39.03,89.98,Hydrogen,3957.31,safe
10292,2024-01-02T04:35:10,1.771315,1.269117,0.946699,24.89,62.98,CleanAir,0.0,safe
10293,2024-01-02T04:35:20,1.828898,1.314697,0.979276,33.0,36.96,CleanAir,0.0,safe
10294,2024-01-02T04:35:30,1.74602,1.304414,0.946016,39.35,84.58,CleanAir,0.0,safe
10295,2024-01-02T04:35:40,1.751443,1.255526,0.920356,10.01,68.21,CleanAir,0.0,safe
10296,2024-01-02T04:35:50,0.344265,0.151422,0.124822,14.37,44.46,Alcohol,542.18,safe
10297,2024-01-02T04:36:00,0.757368,0.345265,0.155415,24.53,68.14,LPG,2955.44,unsafe
10298,2024-01-02T04:36:10,1.777091,1.276975,0.93509,11.44,44.03,CleanAir,0.0,safe
10299,2024-01-02T04:36:20,0.236009,0.780485,0.192836,14.47,64.4,Methane,16391.2,unsafe
10300,2024-01-02T04:36:30,0.693581,0.232068,0.009778,37.07,33.67,Smoke,706.97,unsafe
10301,2024-01-02T04:36:40,0.200774,0.404177,0.184817,36.48,54.51,LPG,4324.48,unsafe
10302,2024-01-02T04:36:50,1.80791,1.338234,1.021428,39.47,30.63,CleanAir,0.0,safe
10303,2024-01-02T04:37:00,1.730942,1.235401,0.902004,10.48,84.79,CleanAir,0.0,safe
10304,2024-01-02T04:37:10,0.94981,0.306626,0.025973,17.17,32.71,Propane,3002.2,unsafe
10305,2024-01-02T04:37:20,0.281985,0.123551,0.090822,15.62,70.46,Alcohol,295.71,safe
10306,2024-01-02T04:37:30,0.067578,0.271794,0.009606,34.38,35.69,LPG,1220.19,unsafe
10307,2024-01-02T04:37:40,0.0097,0.139057,0.003212,26.7,88.19,CO,217.27,unsafe
10308,2024-01-02T04:37:50,0.249211,0.003268,0.076138,11.59,62.6,Alcohol,193.81,safe
10309,2024-01-02T04:38:00,0.539813,0.238438,0.117745,14.96,32.43,LPG,989.19,safe
10310,2024-01-02T04:38:10,0.028859,0.209789,0.106879,13.99,32.92,LPG,693.93,safe
10311,2024-01-02T04:38:20,0.465493,0.208943,0.103181,31.7,42.71,LPG,581.32,safe
10312,2024-01-02T04:38:30,1.76489,1.266407,0.921268,28.99,81.45,CleanAir,0.0,safe
10313,2024-01-02T04:38:40,0.035624,0.376478,0.136943,25.07,72.93,CO,1896.14,unsafe
10314,2024-01-02T04:38:50,0.370571,0.166076,0.140343,36.35,69.76,Alcohol,740.35,safe
10315,2024-01-02T04:39:00,0.874228,0.410958,0.022747,24.49,49.65,LPG,4638.04,unsafe
10316,2024-01-02T04:39:10,1.769486,1.255625,0.921931,19.48,75.68,CleanAir,0.0,safe
10317,2024-01-02T04:39:20,1.786131,1.282132,0.941082,21.68,51.56,CleanAir,0.0,safe
10318,2024-01-02T04:39:30,0.72918,0.019427,0.188559,30.78,68.9,Smoke,916.12,unsafe
10319,2024-01-02T04:39:40,1.75619,1.270824,0.927676,26.2,78.31,CleanAir,0.0,safe
10320,2024-01-02T04:39:50,1.786805,1.34155,0.97491,38.34,51.15,CleanAir,0.0,safe
10321,2024-01-02T04:40:00,1.765539,1.273481,0.93592,27.62,70.45,CleanAir,0.0,safe
10322,2024-01-02T04:40:10,1.825204,1.315876,0.967667,35.24,45.24,CleanAir,0.0,safe
10323,2024-01-02T04:40:20,1.738812,1.253591,0.908847,16.59,68.04,CleanAir,0.0,safe
10324,2024-01-02T04:40:30,1.750687,1.276561,0.94946,30.69,67.27,CleanAir,0.0,safe
10325,2024-01-02T04:40:40,0.965367,0.320652,0.019427,22.95,32.84,Propane,3238.01,unsafe
10326,2024-01-02T04:40:50,0.37711,0.160622,0.141607,38.32,80.46,Alcohol,773.1,safe
10327,2024-01-02T04:41:00,1.766041,1.290184,0.979973,34.52,55.37,CleanAir,0.0,safe
10328,2024-01-02T04:41:10,0.660974,0.30694,0.137172,15.48,65.59,LPG,2132.77,unsafe
10329,2024-01-02T04:41:20,1.816199,1.315693,0.965925,27.83,42.92,CleanAir,0.0,safe
10330,2024-01-02T04:41:30,1.744729,1.283065,0.964843,11.16,30.38,CleanAir,0.0,safe
10331,2024-01-02T04:41:40,1.765403,1.311441,0.943838,14.04,35.35,CleanAir,0.0,safe
10332,2024-01-02T04:41:50,0.321145,0.242726,0.100574,19.7,76.2,CO,726.51,unsafe
10333,2024-01-02T04:42:00,1.796617,1.310989,0.962342,20.95,31.22,CleanAir,0.0,safe
10334,2024-01-02T04:42:10,0.55928,0.218073,0.012812,18.07,47.79,Hydrogen,1602.94,safe
10335,2024-01-02T04:42:20,1.735106,1.270641,0.917393,23.39,71.92,CleanAir,0.0,safe
10336,2024-01-02T04:42:30,1.76416,1.298402,0.975331,34.98,55.08,CleanAir,0.0,safe
10337,2024-01-02T04:42:40,0.394571,0.169975,0.152582,29.56,50.55,Alcohol,846.88,safe
10338,2024-01-02T04:42:50,1.785586,1.270254,0.939812,20.72,51.58,CleanAir,0.0,safe
10339,2024-01-02T04:43:00,1.797674,1.296499,0.948113,17.49,38.76,CleanAir,0.0,safe
10340,2024-01-02T04:43:10,0.389078,0.022519,0.125819,15.6,66.44,CO,1652.43,unsafe
10341,2024-01-02T04:43:20,1.705078,1.240973,0.892414,14.73,84.47,CleanAir,0.0,safe
10342,2024-01-02T04:43:30,0.236781,0.105648,0.068751,21.82,75.11,Alcohol,151.07,safe
10343,2024-01-02T04:43:40,0.355409,0.296484,0.00966,19.62,58.72,CO,1093.05,unsafe
10344,2024-01-02T04:43:50,0.525262,0.012837,0.012761,20.52,49.89,Hydrogen,1294.62,safe
10345,2024-01-02T04:44:00,1.696133,1.231921,0.907344,10.66,81.67,CleanAir,0.0,safe
10346,2024-01-02T04:44:10,0.048099,0.282193,0.134305,39.53,40.96,LPG,1288.92,unsafe
10347,2024-01-02T04:44:20,1.715328,1.287227,0.929247,23.72,58.6,CleanAir,0.0,safe
10348,2024-01-02T04:44:30,0.375514,0.022897,0.012905,33.69,89.21,CO,1448.65,unsafe
10349,2024-01-02T04:44:40,0.328617,0.252783,0.104912,37.13,88.76,CO,734.9,unsafe
10350,2024-01-02T04:44:50,0.539143,0.188364,0.12384,22.47,55.59,Propane,683.11,safe
10351,2024-01-02T04:45:00,0.856148,0.27287,0.18653,14.78,84.83,Propane,2750.78,unsafe
10352,2024-01-02T04:45:10,0.136751,0.138841,0.187239,17.7,71.12,Methane,17100.25,unsafe
10353,2024-01-02T04:45:20,0.655021,0.258983,0.230655,37.11,52.3,Hydrogen,2493.16,safe
10354,2024-01-02T04:45:30,1.705538,1.250463,0.938925,15.76,55.58,CleanAir,0.0,safe
10355,2024-01-02T04:45:40,0.563679,0.009752,0.00635,10.85,58.55,Smoke,550.97,unsafe
10356,2024-01-02T04:45:50,0.134867,0.070279,0.0,32.35,50.56,Smoke,23.68,safe
10357,2024-01-02T04:46:00,0.676598,0.217065,0.175994,20.72,73.67,Smoke,852.15,unsafe
10358,2024-01-02T04:46:10,1.717054,1.258181,0.917511,10.75,57.9,CleanAir,0.0,safe
10359,2024-01-02T04:46:20,1.791245,1.29139,0.971219,17.31,36.66,CleanAir,0.0,safe
10360,2024-01-02T04:46:30,1.794705,1.269866,0.944937,17.56,51.73,CleanAir,0.0,safe
10361,2024-01-02T04:46:40,1.759995,1.311456,0.955244,21.89,44.01,CleanAir,0.0,safe
10362,2024-01-02T04:46:50,0.129563,0.268789,0.265334,12.84,79.44,Hydrogen,4775.93,safe
10363,2024-01-02T04:47:00,0.334912,0.144107,0.122265,16.94,82.33,Alcohol,605.44,safe
10364,2024-01-02T04:47:10,1.739227,1.252569,0.943856,36.35,82.51,CleanAir,0.0,safe
10365,2024-01-02T04:47:20,1.756468,1.283658,0.928485,36.23,83.32,CleanAir,0.0,safe
10366,2024-01-02T04:47:30,0.817666,0.025507,0.022419,25.22,38.35,Propane,1896.84,unsafe
10367,2024-01-02T04:47:40,0.468474,0.169365,0.006273,11.71,54.51,Smoke,358.37,unsafe
10368,2024-01-02T04:47:50,0.496636,0.227954,0.113515,18.34,30.67,LPG,790.61,safe
10369,2024-01-02T04:48:00,0.333029,0.152178,0.122588,33.65,79.51,Alcohol,562.81,safe
10370,2024-01-02T04:48:10,1.788293,1.313145,0.992731,36.97,53.76,CleanAir,0.0,safe
10371,2024-01-02T04:48:20,1.822354,1.336341,1.005834,35.63,36.8,CleanAir,0.0,safe
10372,2024-01-02T04:48:30,1.770753,1.309823,0.996081,38.34,51.26,CleanAir,0.0,safe
10373,2024-01-02T04:48:40,0.071916,0.248428,0.165606,16.51,67.88,Propane,1721.86,unsafe
10374,2024-01-02T04:48:50,1.809028,1.339307,1.020745,38.01,35.67,CleanAir,0.0,safe
10375,2024-01-02T04:49:00,0.26832,0.157378,0.07678,30.37,61.75,CO,250.05,unsafe
10376,2024-01-02T04:49:10,1.066981,0.357316,0.022626,31.28,30.27,Propane,4082.53,unsafe
10377,2024-01-02T04:49:20,0.307712,0.003225,0.077054,30.07,55.35,Smoke,131.53,unsafe
10378,2024-01-02T04:49:30,0.733015,0.240329,0.012846,39.58,64.71,Smoke,907.83,unsafe
10379,2024-01-02T04:49:40,0.631406,0.025547,0.022694,10.65,53.73,Hydrogen,2632.43,safe
10380,2024-01-02T04:49:50,0.767325,0.345945,0.158988,20.11,47.59,LPG,2939.47,unsafe
10381,2024-01-02T04:50:00,1.76311,1.276453,0.940308,10.15,32.74,CleanAir,0.0,safe
10382,2024-01-02T04:50:10,0.019127,0.012902,0.090653,14.57,82.48,CO,556.76,unsafe
10383,2024-01-02T04:50:20,0.088142,0.25745,0.172501,30.44,86.76,Propane,1933.63,unsafe
10384,2024-01-02T04:50:30,1.751435,1.277339,0.934989,29.93,69.94,CleanAir,0.0,safe
10385,2024-01-02T04:50:40,0.061194,0.322,0.146149,22.74,55.75,LPG,2294.42,unsafe
10386,2024-01-02T04:50:50,0.698911,0.032605,0.263102,11.83,37.81,Hydrogen,3626.73,safe
10387,2024-01-02T04:51:00,0.513433,0.012826,0.173414,33.38,47.33,Hydrogen,1137.51,safe
10388,2024-01-02T04:51:10,0.602041,0.244338,0.210964,38.46,44.91,Hydrogen,1806.51,safe
10389,2024-01-02T04:51:20,1.752397,1.30582,0.943042,24.51,43.3,CleanAir,0.0,safe
10390,2024-01-02T04:51:30,0.690766,0.224807,0.18063,37.39,72.16,Smoke,815.19,unsafe
10391,2024-01-02T04:51:40,0.917135,0.194386,0.025938,35.43,48.13,Methane,14375.06,unsafe
10392,2024-01-02T04:51:50,0.761486,0.629816,0.168915,15.02,36.71,Methane,7612.69,unsafe
10393,2024-01-02T04:52:00,0.898892,0.302149,0.20529,21.27,42.54,Propane,2812.57,unsafe
10394,2024-01-02T04:52:10,0.07081,0.015982,0.013071,39.62,53.82,Smoke,862.32,unsafe
10395,2024-01-02T04:52:20,1.76882,1.27249,0.926099,10.69,47.13,CleanAir,0.0,safe
10396,2024-01-02T04:52:30,1.795809,1.313589,0.970799,18.71,35.71,CleanAir,0.0,safe
10397,2024-01-02T04:52:40,1.789173,1.278015,0.933111,11.34,36.19,CleanAir,0.0,safe
10398,2024-01-02T04:52:50,1.715001,1.22333,0.89444,14.91,76.82,CleanAir,0.0,safe
10399,2024-01-02T04:53:00,1.784175,1.299944,0.935315,36.14,70.22,CleanAir,0.0,safe
10400,2024-01-02T04:53:10,1.793921,1.322946,0.968363,35.43,37.55,CleanAir,0.0,safe
10401,2024-01-02T04:53:20,0.461297,0.185793,0.153461,28.02,58.17,Hydrogen,899.69,safe
10402,2024-01-02T04:53:30,1.721866,1.224523,0.867363,17.74,88.97,CleanAir,0.0,safe
10403,2024-01-02T04:53:40,1.737532,1.224412,0.909721,19.78,84.04,CleanAir,0.0,safe
10404,2024-01-02T04:53:50,1.743657,1.239314,0.885883,12.35,80.69,CleanAir,0.0,safe
10405,2024-01-02T04:54:00,1.74266,1.274883,0.933639,20.6,50.42,CleanAir,0.0,safe
10406,2024-01-02T04:54:10,1.738541,1.252627,0.936994,26.86,75.54,CleanAir,0.0,safe
10407,2024-01-02T04:54:20,0.749332,0.109117,0.028974,11.43,35.34,Methane,7506.88,unsafe
10408,2024-01-02T04:54:30,0.070688,0.019308,0.199083,36.49,32.97,Hydrogen,1537.23,safe
10409,2024-01-02T04:54:40,0.351781,0.006432,0.00321,14.56,69.24,Propane,271.83,safe
10410,2024-01-02T04:54:50,1.798159,1.324755,0.957867,34.39,43.83,CleanAir,0.0,safe
10411,2024-01-02T04:55:00,0.540973,0.188191,0.006393,27.26,40.0,Smoke,432.91,unsafe
10412,2024-01-02T04:55:10,1.753777,1.249818,0.929466,30.57,70.03,CleanAir,0.0,safe
10413,2024-01-02T04:55:20,1.745025,1.26258,0.91447,13.9,58.65,CleanAir,0.0,safe
10414,2024-01-02T04:55:30,0.04425,0.212783,0.139033,10.02,36.23,Propane,971.86,safe
10415,2024-01-02T04:55:40,1.754189,1.265248,0.919162,15.23,55.05,CleanAir,0.0,safe
10416,2024-01-02T04:55:50,1.764325,1.310462,0.943053,23.92,47.27,CleanAir,0.0,safe
10417,2024-01-02T04:56:00,0.061563,0.382783,0.133385,15.21,53.37,CO,1917.28,unsafe
10418,2024-01-02T04:56:10,0.039156,0.201906,0.158608,34.91,85.65,Smoke,663.39,unsafe
10419,2024-01-02T04:56:20,0.065097,0.276816,0.006452,39.26,30.46,LPG,1177.71,unsafe
10420,2024-01-02T04:56:30,0.287321,0.128155,0.097066,10.09,44.42,Alcohol,322.12,safe
10421,2024-01-02T04:56:40,0.04244,0.019456,0.19546,17.96,36.83,Alcohol,1551.46,unsafe
10422,2024-01-02T04:56:50,0.640005,0.019162,0.009646,34.28,87.63,LPG,1873.24,unsafe
10423,2024-01-02T04:57:00,1.782373,1.331899,0.990972,37.38,35.06,CleanAir,0.0,safe
10424,2024-01-02T04:57:10,0.798533,0.038933,0.297871,29.34,39.79,Hydrogen,4926.91,safe
10425,2024-01-02T04:57:20,1.785295,1.287934,0.944334,28.26,63.33,CleanAir,0.0,safe
10426,2024-01-02T04:57:30,0.324369,0.251248,0.103807,14.64,67.83,CO,797.11,unsafe
10427,2024-01-02T04:57:40,1.731798,1.253322,0.907151,14.05,72.55,CleanAir,0.0,safe
10428,2024-01-02T04:57:50,0.418145,0.009588,0.09649,10.81,33.4,LPG,523.55,safe
10429,2024-01-02T04:58:00,0.093371,0.070354,0.173823,34.21,40.38,Methane,7095.01,unsafe
10430,2024-01-02T04:58:10,0.32848,0.128801,0.083415,18.2,73.96,Smoke,174.64,unsafe
10431,2024-01-02T04:58:20,1.740229,1.274739,0.950349,16.6,41.29,CleanAir,0.0,safe
10432,2024-01-02T04:58:30,1.674352,1.226883,0.905238,10.55,83.75,CleanAir,0.0,safe
10433,2024-01-02T04:58:40,1.753351,1.273701,0.929007,29.37,69.79,CleanAir,0.0,safe
10434,2024-01-02T04:58:50,0.02575,0.169145,0.151478,18.51,78.74,Alcohol,1028.42,unsafe
10435,2024-01-02T04:59:00,0.739348,0.632934,0.04082,12.47,75.31,Methane,9255.37,unsafe
10436,2024-01-02T04:59:10,0.889672,0.169103,0.20355,33.45,68.94,Methane,16364.31,unsafe
10437,2024-01-02T04:59:20,1.680165,1.261635,0.902168,18.02,79.38,CleanAir,0.0,safe
10438,2024-01-02T04:59:30,1.722791,1.277968,0.902804,25.4,81.73,CleanAir,0.0,safe
10439,2024-01-02T04:59:40,0.070646,0.315142,0.143329,22.83,73.02,LPG,2371.57,unsafe
10440,2024-01-02T04:59:50,0.67891,0.219654,0.175953,29.75,70.01,Smoke,807.68,unsafe
10441,2024-01-02T05:00:00,1.694105,1.234498,0.896627,10.67,71.65,CleanAir,0.0,safe
10442,2024-01-02T05:00:10,0.376423,0.032555,0.012928,11.59,83.37,CO,1918.78,unsafe
10443,2024-01-02T05:00:20,1.746323,1.302607,0.96168,18.45,33.96,CleanAir,0.0,safe
10444,2024-01-02T05:00:30,1.743304,1.264869,0.946054,38.05,81.94,CleanAir,0.0,safe
10445,2024-01-02T05:00:40,0.946316,0.322237,0.225204,38.52,51.73,Propane,3164.18,unsafe
10446,2024-01-02T05:00:50,1.739611,1.326375,0.95546,19.89,39.0,CleanAir,0.0,safe
10447,2024-01-02T05:01:00,0.481741,0.012965,0.111402,38.67,58.96,LPG,745.35,safe
10448,2024-01-02T05:01:10,1.72655,1.298767,0.946254,23.12,51.69,CleanAir,0.0,safe
10449,2024-01-02T05:01:20,0.471512,0.213848,0.019397,39.41,53.76,Alcohol,1826.01,unsafe
10450,2024-01-02T05:01:30,0.70957,0.275735,0.25382,27.91,41.33,Hydrogen,3269.45,safe
10451,2024-01-02T05:01:40,1.746706,1.267113,0.909527,26.78,78.36,CleanAir,0.0,safe
10452,2024-01-02T05:01:50,0.551734,0.022343,0.009538,26.16,82.12,LPG,1278.31,unsafe
10453,2024-01-02T05:02:00,0.559231,0.253532,0.116762,14.79,78.84,LPG,1452.3,unsafe
10454,2024-01-02T05:02:10,1.746107,1.305285,0.918419,39.01,82.76,CleanAir,0.0,safe
10455,2024-01-02T05:02:20,0.420225,0.187749,0.179121,23.73,64.78,Alcohol,1416.07,unsafe
10456,2024-01-02T05:02:30,0.309272,0.129227,0.077267,35.38,40.11,Smoke,124.57,unsafe
10457,2024-01-02T05:02:40,0.968555,0.329331,0.212902,26.55,65.76,Propane,3876.22,unsafe
10458,2024-01-02T05:02:50,0.52994,0.178431,0.131887,26.02,87.84,Smoke,497.7,unsafe
10459,2024-01-02T05:03:00,0.700872,0.228191,0.183843,33.79,63.49,Smoke,871.07,unsafe
10460,2024-01-02T05:03:10,0.638121,0.254214,0.228548,27.16,37.25,Hydrogen,2361.1,safe
10461,2024-01-02T05:03:20,0.656587,0.229385,0.169269,36.34,36.43,Smoke,653.32,unsafe
10462,2024-01-02T05:03:30,1.783552,1.317553,0.958483,26.87,53.56,CleanAir,0.0,safe
10463,2024-01-02T05:03:40,1.737724,1.248657,0.903619,16.75,74.45,CleanAir,0.0,safe
10464,2024-01-02T05:03:50,0.796189,0.372399,0.013008,23.31,63.27,LPG,3687.33,unsafe
10465,2024-01-02T05:04:00,0.10608,0.356467,0.153255,14.19,58.8,LPG,3432.19,unsafe
10466,2024-01-02T05:04:10,1.709411,1.243248,0.890239,16.78,84.5,CleanAir,0.0,safe
10467,2024-01-02T05:04:20,0.838929,0.729829,0.185109,28.53,46.91,Methane,11237.55,unsafe
10468,2024-01-02T05:04:30,0.306823,0.013025,0.092046,12.2,31.77,CO,509.98,unsafe
10469,2024-01-02T05:04:40,0.342621,0.266969,0.107239,14.59,36.24,CO,783.39,unsafe
10470,2024-01-02T05:04:50,0.967271,0.322216,0.212896,18.89,60.71,Propane,3913.07,unsafe
10471,2024-01-02T05:05:00,0.364081,0.006455,0.087134,36.18,45.12,Smoke,169.38,unsafe
10472,2024-01-02T05:05:10,0.558106,0.223243,0.016035,17.94,78.45,Hydrogen,1937.76,safe
10473,2024-01-02T05:05:20,0.392803,0.180539,0.162167,12.31,58.57,Alcohol,1202.64,unsafe
10474,2024-01-02T05:05:30,0.04464,0.320251,0.115709,22.68,84.03,CO,1385.13,unsafe
10475,2024-01-02T05:05:40,0.009556,0.118847,0.08079,33.49,78.93,Alcohol,216.74,safe
10476,2024-01-02T05:05:50,1.744456,1.224668,0.901926,22.19,76.47,CleanAir,0.0,safe
10477,2024-01-02T05:06:00,1.724821,1.26231,0.905284,18.8,61.86,CleanAir,0.0,safe
10478,2024-01-02T05:06:10,1.782749,1.286893,0.943726,38.13,64.02,CleanAir,0.0,safe
10479,2024-01-02T05:06:20,0.106873,0.692425,0.022293,33.84,31.41,Methane,8980.62,unsafe
10480,2024-01-02T05:06:30,1.740071,1.254811,0.908163,21.96,76.45,CleanAir,0.0,safe
10481,2024-01-02T05:06:40,1.719702,1.259782,0.916606,36.01,88.9,CleanAir,0.0,safe
10482,2024-01-02T05:06:50,0.394433,0.100233,0.023136,10.43,56.4,Methane,13509.82,unsafe
10483,2024-01-02T05:07:00,0.947507,0.834495,0.208053,38.29,71.33,Methane,19638.73,unsafe
10484,2024-01-02T05:07:10,1.7705,1.339632,0.969532,31.73,38.12,CleanAir,0.0,safe
10485,2024-01-02T05:07:20,0.745991,0.286914,0.265184,23.54,86.84,Hydrogen,4923.12,safe
10486,2024-01-02T05:07:30,1.769166,1.318595,0.946534,24.24,37.49,CleanAir,0.0,safe
10487,2024-01-02T05:07:40,0.875959,0.305476,0.198551,38.23,55.51,Propane,2576.01,unsafe
10488,2024-01-02T05:07:50,0.686388,0.235319,0.155847,17.25,37.74,Propane,1295.03,unsafe
10489,2024-01-02T05:08:00,1.756122,1.305469,0.938845,26.89,47.85,CleanAir,0.0,safe
10490,2024-01-02T05:08:10,1.75134,1.287814,0.921734,28.61,70.3,CleanAir,0.0,safe
10491,2024-01-02T05:08:20,0.859206,0.412852,0.175165,39.7,33.51,LPG,3639.72,unsafe
10492,2024-01-02T05:08:30,1.775996,1.333351,0.966785,31.89,34.78,CleanAir,0.0,safe
10493,2024-01-02T05:08:40,0.006432,0.105473,0.058772,24.53,39.8,Smoke,76.11,unsafe
10494,2024-01-02T05:08:50,1.803573,1.300573,0.941654,26.38,47.53,CleanAir,0.0,safe
10495,2024-01-02T05:09:00,0.626226,0.253419,0.220686,33.95,84.01,Hydrogen,2704.89,safe
10496,2024-01-02T05:09:10,0.645996,0.253012,0.223918,18.17,45.05,Hydrogen,2663.12,safe
10497,2024-01-02T05:09:20,0.748765,0.358937,0.151198,18.7,84.24,LPG,3596.96,unsafe
10498,2024-01-02T05:09:30,1.728931,1.24249,0.917783,17.6,65.66,CleanAir,0.0,safe
10499,2024-01-02T05:09:40,0.639332,0.019437,0.227785,29.99,64.92,Hydrogen,2673.49,safe
10500,2024-01-02T05:09:50,1.722685,1.279529,0.918781,24.01,71.79,CleanAir,0.0,safe
10501,2024-01-02T05:10:00,0.032671,0.166572,0.144802,11.9,72.79,Alcohol,953.91,safe
10502,2024-01-02T05:10:10,0.921661,0.848356,0.068051,29.97,51.82,Methane,16914.19,unsafe
10503,2024-01-02T05:10:20,0.748494,0.038764,0.280552,13.01,43.43,Hydrogen,4941.1,safe
10504,2024-01-02T05:10:30,1.744742,1.29689,0.948904,13.85,37.41,CleanAir,0.0,safe
10505,2024-01-02T05:10:40,1.695638,1.254204,0.909086,29.34,88.63,CleanAir,0.0,safe
10506,2024-01-02T05:10:50,1.727779,1.262782,0.885987,12.62,69.82,CleanAir,0.0,safe
10507,2024-01-02T05:11:00,0.547763,0.190115,0.006476,12.54,66.54,Smoke,557.91,unsafe
10508,2024-01-02T05:11:10,1.749838,1.334939,0.970328,35.21,44.84,CleanAir,0.0,safe
10509,2024-01-02T05:11:20,1.725218,1.29865,0.938256,32.13,59.36,CleanAir,0.0,safe
10510,2024-01-02T05:11:30,0.83049,0.402079,0.176095,37.27,52.07,LPG,3864.3,unsafe
10511,2024-01-02T05:11:40,0.742566,0.634696,0.019351,22.45,81.87,Methane,8839.02,unsafe
10512,2024-01-02T05:11:50,1.699942,1.258239,0.910513,20.73,71.09,CleanAir,0.0,safe
10513,2024-01-02T05:12:00,0.964334,0.324665,0.212308,22.68,54.77,Propane,3619.18,unsafe
10514,2024-01-02T05:12:10,0.433418,0.194429,0.184487,20.5,35.83,Alcohol,1357.18,unsafe
10515,2024-01-02T05:12:20,1.738311,1.26911,0.910506,15.09,60.28,CleanAir,0.0,safe
10516,2024-01-02T05:12:30,0.335012,0.006481,0.006505,24.26,46.52,Alcohol,517.48,safe
10517,2024-01-02T05:12:40,1.757628,1.273527,0.925459,14.39,38.23,CleanAir,0.0,safe
10518,2024-01-02T05:12:50,0.009664,0.156792,0.073761,27.25,76.25,CO,270.7,unsafe
10519,2024-01-02T05:13:00,0.978498,0.328798,0.018996,12.6,70.56,Propane,4545.93,unsafe
10520,2024-01-02T05:13:10,1.707068,1.250051,0.905282,10.25,60.08,CleanAir,0.0,safe
10521,2024-01-02T05:13:20,0.062396,0.196068,0.194049,23.08,41.32,Alcohol,1515.05,unsafe
10522,2024-01-02T05:13:30,1.776465,1.292459,0.964891,30.81,44.71,CleanAir,0.0,safe
10523,2024-01-02T05:13:40,0.444148,0.009953,0.108468,37.19,60.78,Propane,410.09,safe
10524,2024-01-02T05:13:50,0.360449,0.16431,0.006466,29.52,31.25,Alcohol,594.17,safe
10525,2024-01-02T05:14:00,0.025593,0.173182,0.126252,15.53,76.28,Smoke,438.96,unsafe
10526,2024-01-02T05:14:10,1.715922,1.275812,0.904852,24.97,87.44,CleanAir,0.0,safe
10527,2024-01-02T05:14:20,1.800946,1.319588,0.965199,32.77,40.28,CleanAir,0.0,safe
10528,2024-01-02T05:14:30,1.767399,1.265868,0.92617,37.88,86.75,CleanAir,0.0,safe
10529,2024-01-02T05:14:40,1.753148,1.303177,0.953414,39.86,65.8,CleanAir,0.0,safe
10530,2024-01-02T05:14:50,0.032067,0.208335,0.201193,31.51,30.16,Alcohol,1609.33,unsafe
10531,2024-01-02T05:15:00,1.723115,1.262937,0.926036,25.57,61.79,CleanAir,0.0,safe
10532,2024-01-02T05:15:10,1.791073,1.35239,0.950266,23.01,31.43,CleanAir,0.0,safe
10533,2024-01-02T05:15:20,0.674951,0.225149,0.179704,30.83,82.31,Smoke,880.38,unsafe
10534,2024-01-02T05:15:30,0.579476,0.018676,0.009662,33.06,73.99,LPG,1404.37,unsafe
10535,2024-01-02T05:15:40,0.933993,0.189718,0.210646,26.23,40.38,Methane,17907.94,unsafe
10536,2024-01-02T05:15:50,0.333536,0.152216,0.122938,32.5,59.27,Alcohol,525.93,safe
10537,2024-01-02T05:16:00,1.720957,1.272649,0.910875,29.33,79.82,CleanAir,0.0,safe
10538,2024-01-02T05:16:10,1.788534,1.339542,0.963586,39.54,49.43,CleanAir,0.0,safe
10539,2024-01-02T05:16:20,1.77082,1.316846,0.947049,38.31,72.18,CleanAir,0.0,safe
10540,2024-01-02T05:16:30,1.78822,1.351825,0.983551,34.41,34.28,CleanAir,0.0,safe
10541,2024-01-02T05:16:40,1.720269,1.274698,0.932804,22.85,72.4,CleanAir,0.0,safe
10542,2024-01-02T05:16:50,0.405869,0.180831,0.009511,24.56,32.82,Alcohol,960.6,safe
10543,2024-01-02T05:17:00,0.933387,0.856551,0.052072,39.71,76.03,Methane,19455.34,unsafe
10544,2024-01-02T05:17:10,0.016192,0.141201,0.006463,18.7,46.42,Alcohol,400.89,safe
10545,2024-01-02T05:17:20,0.403739,0.166224,0.132169,16.38,55.92,Hydrogen,651.9,safe
10546,2024-01-02T05:17:30,0.716927,0.334624,0.147959,32.35,56.34,LPG,2422.54,unsafe
10547,2024-01-02T05:17:40,0.438368,0.193871,0.185229,38.58,43.6,Alcohol,1174.68,unsafe
10548,2024-01-02T05:17:50,0.440418,0.015853,0.187149,28.51,40.95,Alcohol,1358.75,unsafe
10549,2024-01-02T05:18:00,0.794425,0.314621,0.292595,33.98,41.05,Hydrogen,4799.25,safe
10550,2024-01-02T05:18:10,0.636289,0.215592,0.16971,28.0,42.57,Smoke,663.06,unsafe
10551,2024-01-02T05:18:20,0.295884,0.012885,0.091087,13.55,67.6,CO,521.94,unsafe
10552,2024-01-02T05:18:30,0.025693,0.313958,0.120219,30.86,75.94,CO,1257.14,unsafe
10553,2024-01-02T05:18:40,0.044629,0.012853,0.162138,13.91,59.43,Alcohol,1107.06,unsafe
10554,2024-01-02T05:18:50,1.713848,1.241691,0.896089,16.96,82.17,CleanAir,0.0,safe
10555,2024-01-02T05:19:00,1.711611,1.293641,0.92957,14.67,58.52,CleanAir,0.0,safe
10556,2024-01-02T05:19:10,1.731338,1.273636,0.913244,14.38,59.44,CleanAir,0.0,safe
10557,2024-01-02T05:19:20,0.035424,0.172772,0.009597,11.11,89.82,Alcohol,1467.86,unsafe
10558,2024-01-02T05:19:30,0.872917,0.414219,0.175994,24.29,63.09,LPG,4879.74,unsafe
10559,2024-01-02T05:19:40,0.835069,0.405431,0.175767,19.65,69.71,LPG,4999.56,unsafe
10560,2024-01-02T05:19:50,0.373979,0.323149,0.124702,38.58,70.41,CO,1182.29,unsafe
10561,2024-01-02T05:20:00,0.019301,0.006564,0.100118,20.69,68.93,Propane,373.79,safe
10562,2024-01-02T05:20:10,1.766178,1.320634,0.987096,39.28,48.41,CleanAir,0.0,safe
10563,2024-01-02T05:20:20,1.678301,1.218018,0.894747,11.24,86.15,CleanAir,0.0,safe
10564,2024-01-02T05:20:30,0.025617,0.179743,0.164558,23.87,42.6,Alcohol,1039.12,unsafe
10565,2024-01-02T05:20:40,1.760052,1.316107,0.946711,19.25,48.63,CleanAir,0.0,safe
10566,2024-01-02T05:20:50,0.738761,0.256494,0.009772,37.91,53.03,Propane,1484.37,unsafe
10567,2024-01-02T05:21:00,0.249128,0.129385,0.00318,31.3,46.52,CO,148.11,unsafe
10568,2024-01-02T05:21:10,0.349793,0.15921,0.133643,22.49,75.17,Alcohol,752.85,safe
10569,2024-01-02T05:21:20,0.851912,0.411745,0.177006,39.39,38.46,LPG,3484.87,unsafe
10570,2024-01-02T05:21:30,0.894875,0.812128,0.065332,13.29,44.48,Methane,16109.61,unsafe
10571,2024-01-02T05:21:40,1.721655,1.259586,0.911465,30.69,89.58,CleanAir,0.0,safe
10572,2024-01-02T05:21:50,0.457055,0.164144,0.006443,24.34,72.4,Smoke,329.5,unsafe
10573,2024-01-02T05:22:00,0.028688,0.182369,0.009636,11.73,45.59,Alcohol,1179.69,unsafe
10574,2024-01-02T05:22:10,0.455969,0.199096,0.196144,21.34,52.1,Alcohol,1726.05,unsafe
10575,2024-01-02T05:22:20,1.777431,1.284004,0.928871,29.39,63.67,CleanAir,0.0,safe
10576,2024-01-02T05:22:30,1.817001,1.354224,0.969059,28.47,37.1,CleanAir,0.0,safe
10577,2024-01-02T05:22:40,0.262166,0.12016,0.003204,14.32,34.56,Alcohol,188.39,safe
10578,2024-01-02T05:22:50,1.725844,1.257537,0.910553,11.55,52.38,CleanAir,0.0,safe
10579,2024-01-02T05:23:00,1.738886,1.277083,0.915418,31.05,87.78,CleanAir,0.0,safe
10580,2024-01-02T05:23:10,1.748179,1.275491,0.92546,10.12,52.34,CleanAir,0.0,safe
10581,2024-01-02T05:23:20,1.748134,1.270774,0.898787,27.65,80.44,CleanAir,0.0,safe
10582,2024-01-02T05:23:30,1.763532,1.32334,0.940786,29.59,54.81,CleanAir,0.0,safe
10583,2024-01-02T05:23:40,0.319562,0.244928,0.006399,18.59,79.6,CO,734.53,unsafe
10584,2024-01-02T05:23:50,0.646609,0.025935,0.224777,20.39,58.42,Hydrogen,2640.4,safe
10585,2024-01-02T05:24:00,1.733619,1.245598,0.916372,27.08,78.51,CleanAir,0.0,safe
10586,2024-01-02T05:24:10,1.743124,1.275733,0.927524,11.79,42.29,CleanAir,0.0,safe
10587,2024-01-02T05:24:20,0.595284,0.239462,0.204975,29.06,83.66,Hydrogen,2203.69,safe
10588,2024-01-02T05:24:30,1.734764,1.276805,0.92212,23.39,72.21,CleanAir,0.0,safe
10589,2024-01-02T05:24:40,0.682075,0.232995,0.013113,15.5,51.9,Propane,1335.23,unsafe
10590,2024-01-02T05:24:50,1.721484,1.25834,0.900955,15.91,81.81,CleanAir,0.0,safe
10591,2024-01-02T05:25:00,0.719431,0.032538,0.258576,31.19,48.35,Hydrogen,3598.78,safe
10592,2024-01-02T05:25:10,0.660756,0.013085,0.009572,10.52,48.62,Smoke,760.06,unsafe
10593,2024-01-02T05:25:20,0.833099,0.748544,0.176847,16.35,87.15,Methane,14344.83,unsafe
10594,2024-01-02T05:25:30,0.269019,0.125395,0.186851,27.66,40.9,Methane,10176.4,unsafe
10595,2024-01-02T05:25:40,0.588891,0.20879,0.009654,33.47,44.17,Propane,759.43,safe
10596,2024-01-02T05:25:50,0.096237,0.03898,0.012843,20.12,84.1,LPG,4191.48,unsafe
10597,2024-01-02T05:26:00,0.003273,0.0,0.038304,36.25,36.06,Smoke,30.68,safe
10598,2024-01-02T05:26:10,1.076375,0.361352,0.035585,27.96,59.52,Propane,4998.96,unsafe
10599,2024-01-02T05:26:20,1.775954,1.326372,1.005148,33.0,33.99,CleanAir,0.0,safe
10600,2024-01-02T05:26:30,1.761395,1.321104,0.951249,28.41,52.36,CleanAir,0.0,safe
10601,2024-01-02T05:26:40,1.73191,1.310041,0.911857,35.13,79.04,CleanAir,0.0,safe
10602,2024-01-02T05:26:50,0.381693,0.170823,0.15264,17.38,77.5,Alcohol,1045.31,unsafe
10603,2024-01-02T05:27:00,1.776793,1.30576,0.957377,14.1,32.09,CleanAir,0.0,safe
10604,2024-01-02T05:27:10,0.892924,0.044769,0.02594,18.33,40.43,LPG,4877.08,unsafe
10605,2024-01-02T05:27:20,0.424757,0.184787,0.177738,26.86,75.94,Alcohol,1445.07,unsafe
10606,2024-01-02T05:27:30,0.02978,0.195559,0.187112,24.09,48.17,Alcohol,1437.35,unsafe
10607,2024-01-02T05:27:40,0.845083,0.392798,0.168525,33.51,80.27,LPG,4203.5,unsafe
10608,2024-01-02T05:27:50,1.782245,1.331973,0.958149,15.95,32.78,CleanAir,0.0,safe
10609,2024-01-02T05:28:00,1.750275,1.277433,0.943246,10.04,37.9,CleanAir,0.0,safe
10610,2024-01-02T05:28:10,0.666767,0.261595,0.235844,24.48,50.92,Hydrogen,2892.02,safe
10611,2024-01-02T05:28:20,0.799191,0.268429,0.019282,12.2,59.58,Propane,2208.36,unsafe
10612,2024-01-02T05:28:30,1.791934,1.361317,0.962902,38.0,43.92,CleanAir,0.0,safe
10613,2024-01-02T05:28:40,0.349909,0.152838,0.111056,36.97,39.6,Hydrogen,323.79,safe
10614,2024-01-02T05:28:50,0.861434,0.411926,0.169579,26.93,72.41,LPG,4715.63,unsafe
10615,2024-01-02T05:29:00,1.745198,1.259311,0.922192,11.84,55.63,CleanAir,0.0,safe
10616,2024-01-02T05:29:10,1.777231,1.301108,0.951231,31.52,60.24,CleanAir,0.0,safe
10617,2024-01-02T05:29:20,0.583463,0.204528,0.153039,34.23,58.24,Smoke,532.69,unsafe
10618,2024-01-02T05:29:30,0.019472,0.006574,0.003221,20.9,73.04,Propane,268.62,safe
10619,2024-01-02T05:29:40,1.79182,1.360354,0.967978,26.89,31.86,CleanAir,0.0,safe
10620,2024-01-02T05:29:50,1.759915,1.300157,0.924836,33.64,85.53,CleanAir,0.0,safe
10621,2024-01-02T05:30:00,0.793112,0.378239,0.160139,13.35,63.73,LPG,3780.55,unsafe
10622,2024-01-02T05:30:10,1.74798,1.297976,0.93434,31.66,76.25,CleanAir,0.0,safe
10623,2024-01-02T05:30:20,1.73456,1.300059,0.92972,12.09,50.31,CleanAir,0.0,safe
10624,2024-01-02T05:30:30,1.781627,1.305818,0.948158,27.36,57.35,CleanAir,0.0,safe
10625,2024-01-02T05:30:40,1.780943,1.33844,0.956439,31.52,56.96,CleanAir,0.0,safe
10626,2024-01-02T05:30:50,0.009702,0.138726,0.083442,33.52,32.77,Smoke,135.85,unsafe
10627,2024-01-02T05:31:00,0.021908,0.173107,0.006539,14.94,38.55,Smoke,330.31,unsafe
10628,2024-01-02T05:31:10,0.683045,0.575356,0.022503,17.99,50.89,Methane,5632.82,unsafe
10629,2024-01-02T05:31:20,0.87002,0.782991,0.035601,25.07,85.58,Methane,16538.94,unsafe
10630,2024-01-02T05:31:30,1.79903,1.339793,0.961092,33.31,55.14,CleanAir,0.0,safe
10631,2024-01-02T05:31:40,0.393339,0.373931,0.009681,19.27,81.51,CO,1817.92,unsafe
10632,2024-01-02T05:31:50,1.768513,1.302242,0.935652,37.36,78.64,CleanAir,0.0,safe
10633,2024-01-02T05:32:00,0.694637,0.012836,0.175806,10.33,88.67,Smoke,983.59,unsafe
10634,2024-01-02T05:32:10,0.680564,0.562781,0.151805,10.68,54.62,Methane,5915.39,unsafe
10635,2024-01-02T05:32:20,0.065508,0.249523,0.022116,30.4,65.62,Hydrogen,2314.06,safe
10636,2024-01-02T05:32:30,0.751782,0.29667,0.271435,28.43,39.84,Hydrogen,3860.27,safe
10637,2024-01-02T05:32:40,0.083248,0.282839,0.184946,33.5,80.14,Propane,2270.67,unsafe
10638,2024-01-02T05:32:50,0.38062,0.165123,0.009664,11.51,85.88,Alcohol,1095.02,unsafe
10639,2024-01-02T05:33:00,0.0,0.0,0.022585,19.89,45.0,Smoke,12.04,safe
10640,2024-01-02T05:33:10,1.808457,1.323544,0.994061,29.91,32.7,CleanAir,0.0,safe
10641,2024-01-02T05:33:20,0.019259,0.237908,0.094773,14.61,54.99,CO,610.3,unsafe
10642,2024-01-02T05:33:30,1.796559,1.307477,0.938113,16.79,53.82,CleanAir,0.0,safe
10643,2024-01-02T05:33:40,0.319054,0.016035,0.100045,20.16,81.21,CO,732.39,unsafe
10644,2024-01-02T05:33:50,1.803743,1.329673,0.974146,30.89,46.99,CleanAir,0.0,safe
10645,2024-01-02T05:34:00,0.334249,0.140315,0.104038,10.1,76.45,Hydrogen,409.34,safe
10646,2024-01-02T05:34:10,0.038713,0.208887,0.154385,23.31,55.97,Smoke,605.17,unsafe
10647,2024-01-02T05:34:20,0.016193,0.149643,0.096878,30.13,36.54,Propane,258.09,safe
10648,2024-01-02T05:34:30,1.744689,1.276382,0.919536,21.82,79.62,CleanAir,0.0,safe
10649,2024-01-02T05:34:40,0.66382,0.31116,0.009645,17.43,30.53,LPG,1769.75,unsafe
10650,2024-01-02T05:34:50,0.745831,0.345047,0.022685,18.05,61.58,LPG,2913.94,unsafe
10651,2024-01-02T05:35:00,1.813116,1.334633,0.959912,35.05,55.94,CleanAir,0.0,safe
10652,2024-01-02T05:35:10,0.066899,0.230371,0.183581,19.55,36.62,Smoke,818.23,unsafe
10653,2024-01-02T05:35:20,1.742098,1.302221,0.912386,23.0,73.78,CleanAir,0.0,safe
10654,2024-01-02T05:35:30,0.382257,0.17466,0.143066,31.71,45.12,Alcohol,700.91,safe
10655,2024-01-02T05:35:40,0.871898,0.286803,0.1918,21.7,80.95,Methane,16826.64,unsafe
10656,2024-01-02T05:35:50,0.820614,0.035653,0.015753,15.63,51.09,LPG,4201.89,unsafe
10657,2024-01-02T05:36:00,1.732454,1.279969,0.907585,12.84,58.27,CleanAir,0.0,safe
10658,2024-01-02T05:36:10,1.751645,1.328859,0.990843,38.26,44.47,CleanAir,0.0,safe
10659,2024-01-02T05:36:20,0.85694,0.29785,0.187995,35.32,54.18,Propane,2256.89,unsafe
10660,2024-01-02T05:36:30,0.307055,0.003192,0.003217,12.0,73.28,Smoke,151.92,unsafe
10661,2024-01-02T05:36:40,0.57754,0.23266,0.197048,28.03,86.76,Hydrogen,2024.32,safe
10662,2024-01-02T05:36:50,1.770199,1.327304,0.945424,27.68,49.96,CleanAir,0.0,safe
10663,2024-01-02T05:37:00,1.754936,1.321828,0.935911,32.91,56.62,CleanAir,0.0,safe
10664,2024-01-02T05:37:10,0.742476,0.359749,0.151834,28.49,60.38,LPG,2793.61,unsafe
10665,2024-01-02T05:37:20,0.041542,0.019275,0.11976,31.99,78.44,LPG,1351.32,unsafe
10666,2024-01-02T05:37:30,1.763064,1.274201,0.932163,26.0,58.94,CleanAir,0.0,safe
10667,2024-01-02T05:37:40,0.878395,0.173361,0.042153,38.59,35.71,Methane,11641.63,unsafe
10668,2024-01-02T05:37:50,1.777496,1.315391,0.940092,23.81,44.65,CleanAir,0.0,safe
10669,2024-01-02T05:38:00,1.712909,1.249258,0.899785,12.26,79.06,CleanAir,0.0,safe
10670,2024-01-02T05:38:10,0.081314,0.375515,0.161219,26.17,46.9,LPG,3303.23,unsafe
10671,2024-01-02T05:38:20,0.889377,0.785975,0.04528,21.94,55.89,Methane,15457.23,unsafe
10672,2024-01-02T05:38:30,0.852054,0.411222,0.022667,32.19,84.36,LPG,4852.27,unsafe
10673,2024-01-02T05:38:40,0.359889,0.316377,0.006454,18.41,50.54,CO,1061.93,unsafe
10674,2024-01-02T05:38:50,0.026411,0.012832,0.146476,20.31,79.06,Alcohol,1003.26,unsafe
10675,2024-01-02T05:39:00,0.45068,0.214492,0.006371,31.95,33.97,LPG,578.52,safe
10676,2024-01-02T05:39:10,1.796261,1.330959,0.954804,24.4,44.64,CleanAir,0.0,safe
10677,2024-01-02T05:39:20,1.006925,0.353839,0.224081,29.65,37.81,Propane,3796.79,unsafe
10678,2024-01-02T05:39:30,0.130105,0.435687,0.17945,35.97,45.29,LPG,4417.69,unsafe
10679,2024-01-02T05:39:40,1.690683,1.240808,0.895259,15.81,87.1,CleanAir,0.0,safe
10680,2024-01-02T05:39:50,1.739621,1.288535,0.912748,12.64,48.68,CleanAir,0.0,safe
10681,2024-01-02T05:40:00,0.561528,0.198274,0.138145,18.81,69.14,Smoke,539.11,unsafe
10682,2024-01-02T05:40:10,1.747397,1.295968,0.917867,36.36,82.32,CleanAir,0.0,safe
10683,2024-01-02T05:40:20,1.691506,1.272885,0.896717,16.99,75.33,CleanAir,0.0,safe
10684,2024-01-02T05:40:30,0.016053,0.006491,0.006474,23.0,55.29,Alcohol,405.51,safe
10685,2024-01-02T05:40:40,1.773814,1.34338,0.949349,27.07,49.86,CleanAir,0.0,safe
10686,2024-01-02T05:40:50,0.308997,0.006542,0.092433,22.47,79.59,Hydrogen,312.27,safe
10687,2024-01-02T05:41:00,0.373056,0.025714,0.118636,24.01,79.85,CO,1483.18,unsafe
10688,2024-01-02T05:41:10,0.13313,0.80949,0.061613,36.33,84.23,Methane,15466.45,unsafe
10689,2024-01-02T05:41:20,0.393228,0.373279,0.126586,33.39,68.6,CO,1559.7,unsafe
10690,2024-01-02T05:41:30,1.757247,1.306335,0.916947,37.4,84.88,CleanAir,0.0,safe
10691,2024-01-02T05:41:40,0.094321,0.291208,0.246424,25.87,75.76,Hydrogen,4179.98,safe
10692,2024-01-02T05:41:50,0.435057,0.167681,0.10252,34.63,59.25,Propane,382.67,safe
10693,2024-01-02T05:42:00,0.741307,0.036053,0.268078,28.52,31.74,Hydrogen,3675.15,safe
10694,2024-01-02T05:42:10,1.770513,1.333993,0.949452,23.71,36.43,CleanAir,0.0,safe
10695,2024-01-02T05:42:20,0.687148,0.32826,0.137991,25.07,48.31,LPG,2108.09,unsafe
10696,2024-01-02T05:42:30,1.78006,1.31997,0.914504,24.82,58.6,CleanAir,0.0,safe
10697,2024-01-02T05:42:40,1.723856,1.292837,0.929369,38.04,84.68,CleanAir,0.0,safe
10698,2024-01-02T05:42:50,0.334336,0.262533,0.099309,13.26,60.47,CO,799.97,unsafe
10699,2024-01-02T05:43:00,0.240684,0.132239,0.068191,23.36,54.51,CO,164.77,unsafe
10700,2024-01-02T05:43:10,1.713607,1.284997,0.903237,11.52,65.61,CleanAir,0.0,safe
10701,2024-01-02T05:43:20,0.862415,0.051183,0.175064,35.5,49.61,LPG,4084.92,unsafe
10702,2024-01-02T05:43:30,1.766245,1.31264,0.934229,19.39,47.04,CleanAir,0.0,safe
10703,2024-01-02T05:43:40,0.832394,0.742106,0.188157,38.45,38.01,Methane,9859.03,unsafe
10704,2024-01-02T05:43:50,0.774128,0.369712,0.013028,10.12,77.83,LPG,4071.54,unsafe
10705,2024-01-02T05:44:00,1.726025,1.261445,0.901903,25.44,84.87,CleanAir,0.0,safe
10706,2024-01-02T05:44:10,0.392169,0.381545,0.009673,11.47,55.41,CO,1803.27,unsafe
10707,2024-01-02T05:44:20,1.757848,1.323851,0.939193,24.83,47.56,CleanAir,0.0,safe
10708,2024-01-02T05:44:30,0.455652,0.185875,0.149264,11.87,88.68,Hydrogen,1114.37,safe
10709,2024-01-02T05:44:40,1.741444,1.289821,0.915125,14.22,59.16,CleanAir,0.0,safe
10710,2024-01-02T05:44:50,0.086537,0.022492,0.183791,11.56,38.22,Propane,2284.89,unsafe
10711,2024-01-02T05:45:00,0.32223,0.265989,0.099437,22.99,89.25,CO,861.7,unsafe
10712,2024-01-02T05:45:10,0.763158,0.36212,0.154254,33.4,49.42,LPG,2761.52,unsafe
10713,2024-01-02T05:45:20,1.777026,1.322784,0.957104,28.82,37.96,CleanAir,0.0,safe
10714,2024-01-02T05:45:30,1.768676,1.320125,0.951479,20.31,42.74,CleanAir,0.0,safe
10715,2024-01-02T05:45:40,1.723295,1.309413,0.926581,29.92,66.12,CleanAir,0.0,safe
10716,2024-01-02T05:45:50,1.762331,1.28067,0.923548,20.96,50.88,CleanAir,0.0,safe
10717,2024-01-02T05:46:00,0.032436,0.355672,0.121907,39.71,80.76,CO,1419.53,unsafe
10718,2024-01-02T05:46:10,0.463269,0.210107,0.20116,23.89,31.17,Alcohol,1622.82,unsafe
10719,2024-01-02T05:46:20,1.743769,1.328592,0.943596,27.96,55.54,CleanAir,0.0,safe
10720,2024-01-02T05:46:30,1.741643,1.275174,0.888329,15.56,69.51,CleanAir,0.0,safe
10721,2024-01-02T05:46:40,1.735134,1.301628,0.895532,13.38,56.47,CleanAir,0.0,safe
10722,2024-01-02T05:46:50,0.363171,0.006523,0.089832,22.23,52.54,Smoke,199.05,unsafe
10723,2024-01-02T05:47:00,0.715582,0.256679,0.009645,35.91,47.42,Propane,1329.09,unsafe
10724,2024-01-02T05:47:10,1.746214,1.34151,0.939346,36.49,62.94,CleanAir,0.0,safe
10725,2024-01-02T05:47:20,0.045111,0.01592,0.171672,11.86,57.38,Alcohol,1466.55,unsafe
10726,2024-01-02T05:47:30,1.772456,1.294357,0.90248,30.49,73.47,CleanAir,0.0,safe
10727,2024-01-02T05:47:40,0.698728,0.339115,0.143117,25.97,68.05,LPG,2519.48,unsafe
10728,2024-01-02T05:47:50,0.363822,0.325549,0.113254,12.03,79.67,CO,1395.47,unsafe
10729,2024-01-02T05:48:00,1.771627,1.315534,0.945921,19.62,48.28,CleanAir,0.0,safe
10730,2024-01-02T05:48:10,1.764185,1.316061,0.903222,37.07,79.35,CleanAir,0.0,safe
10731,2024-01-02T05:48:20,0.33961,0.022541,0.106203,13.64,68.68,CO,1017.46,unsafe
10732,2024-01-02T05:48:30,0.772909,0.035463,0.271943,14.46,31.92,Hydrogen,4539.76,safe
10733,2024-01-02T05:48:40,1.761255,1.326284,0.918995,34.41,71.51,CleanAir,0.0,safe
10734,2024-01-02T05:48:50,1.77707,1.361966,0.956833,28.01,37.6,CleanAir,0.0,safe
10735,2024-01-02T05:49:00,0.222009,0.035148,0.275938,20.97,39.11,Hydrogen,4732.93,safe
10736,2024-01-02T05:49:10,0.076907,0.276196,0.241344,14.0,72.8,Hydrogen,3888.37,safe
10737,2024-01-02T05:49:20,0.865208,0.183968,0.032021,15.19,67.45,Methane,14321.17,unsafe
10738,2024-01-02T05:49:30,1.735669,1.314402,0.908828,13.26,40.62,CleanAir,0.0,safe
10739,2024-01-02T05:49:40,0.344614,0.292091,0.105563,20.62,47.43,CO,860.69,unsafe
10740,2024-01-02T05:49:50,0.41187,0.196738,0.094427,31.95,40.95,LPG,470.19,safe
10741,2024-01-02T05:50:00,0.029022,0.196577,0.006564,28.82,60.86,Hydrogen,891.4,safe
10742,2024-01-02T05:50:10,1.743046,1.305045,0.916945,37.72,85.47,CleanAir,0.0,safe
10743,2024-01-02T05:50:20,1.774556,1.299111,0.942096,31.76,68.68,CleanAir,0.0,safe
10744,2024-01-02T05:50:30,0.009788,0.006441,0.087573,33.9,86.36,Alcohol,270.68,safe
10745,2024-01-02T05:50:40,1.74931,1.354715,0.937933,13.48,34.48,CleanAir,0.0,safe
10746,2024-01-02T05:50:50,0.890026,0.122472,0.190155,33.49,74.46,Methane,16442.15,unsafe
10747,2024-01-02T05:51:00,1.740861,1.275908,0.890556,16.3,80.7,CleanAir,0.0,safe
10748,2024-01-02T05:51:10,0.456257,0.204939,0.188356,32.36,59.04,Alcohol,1604.38,unsafe
10749,2024-01-02T05:51:20,1.749493,1.27935,0.919358,22.7,65.35,CleanAir,0.0,safe
10750,2024-01-02T05:51:30,0.273519,0.342472,0.019427,17.59,39.24,Propane,3758.87,unsafe
10751,2024-01-02T05:51:40,1.788465,1.311457,0.909507,38.3,78.72,CleanAir,0.0,safe
10752,2024-01-02T05:51:50,1.772519,1.362869,0.954629,36.89,51.57,CleanAir,0.0,safe
10753,2024-01-02T05:52:00,0.857456,0.426126,0.016214,28.36,54.3,LPG,4498.83,unsafe
10754,2024-01-02T05:52:10,1.730367,1.266209,0.876773,13.95,84.61,CleanAir,0.0,safe
10755,2024-01-02T05:52:20,0.38505,0.177237,0.150116,19.89,66.11,Alcohol,1007.97,unsafe
10756,2024-01-02T05:52:30,1.7419,1.26708,0.904343,29.69,87.85,CleanAir,0.0,safe
10757,2024-01-02T05:52:40,0.572102,0.281123,0.122579,30.7,55.9,LPG,1323.28,unsafe
10758,2024-01-02T05:52:50,1.718008,1.254595,0.894882,11.52,69.37,CleanAir,0.0,safe
10759,2024-01-02T05:53:00,1.803334,1.347653,0.958685,35.22,50.13,CleanAir,0.0,safe
10760,2024-01-02T05:53:10,1.754768,1.303981,0.935758,29.15,56.11,CleanAir,0.0,safe
10761,2024-01-02T05:53:20,0.994461,0.041929,0.210261,15.27,53.62,Propane,4043.83,unsafe
10762,2024-01-02T05:53:30,0.496742,0.016184,0.21223,35.88,36.82,Alcohol,1947.38,unsafe
10763,2024-01-02T05:53:40,1.72206,1.285545,0.885923,10.36,64.05,CleanAir,0.0,safe
10764,2024-01-02T05:53:50,0.240514,0.106623,0.0,19.29,47.91,Smoke,77.61,unsafe
10765,2024-01-02T05:54:00,0.813128,0.287252,0.01606,31.06,31.83,Propane,1834.52,unsafe
10766,2024-01-02T05:54:10,1.781319,1.307618,0.922637,11.66,33.19,CleanAir,0.0,safe
10767,2024-01-02T05:54:20,1.766165,1.329741,0.935944,26.8,52.24,CleanAir,0.0,safe
10768,2024-01-02T05:54:30,1.726751,1.291583,0.912135,22.18,65.16,CleanAir,0.0,safe
10769,2024-01-02T05:54:40,0.482369,0.218109,0.207629,34.37,53.8,Alcohol,1843.34,unsafe
10770,2024-01-02T05:54:50,0.37182,0.172549,0.135086,29.09,53.65,Alcohol,711.36,safe
10771,2024-01-02T05:55:00,0.644004,0.21765,0.157067,13.08,81.96,Smoke,787.7,unsafe
10772,2024-01-02T05:55:10,0.856743,0.784107,0.181786,30.33,73.7,Methane,14059.35,unsafe
10773,2024-01-02T05:55:20,0.604547,0.283826,0.123402,17.91,48.85,LPG,1474.51,unsafe
10774,2024-01-02T05:55:30,0.36704,0.313128,0.11673,38.95,61.89,CO,983.23,unsafe
10775,2024-01-02T05:55:40,1.765493,1.296285,0.901968,31.45,85.34,CleanAir,0.0,safe
10776,2024-01-02T05:55:50,1.757272,1.332524,0.938662,18.74,38.89,CleanAir,0.0,safe
10777,2024-01-02T05:56:00,0.38369,0.327242,0.11823,28.27,30.3,CO,1043.57,unsafe
10778,2024-01-02T05:56:10,1.812172,1.389262,0.983489,38.29,30.2,CleanAir,0.0,safe
10779,2024-01-02T05:56:20,1.76256,1.324599,0.944818,23.8,47.49,CleanAir,0.0,safe
10780,2024-01-02T05:56:30,0.684383,0.016389,0.174437,23.52,57.0,Smoke,831.43,unsafe
10781,2024-01-02T05:56:40,0.324365,0.145117,0.114031,14.18,77.53,Alcohol,581.58,safe
10782,2024-01-02T05:56:50,1.738377,1.299398,0.89925,18.3,58.59,CleanAir,0.0,safe
10783,2024-01-02T05:57:00,1.762535,1.293391,0.907659,15.32,54.3,CleanAir,0.0,safe
10784,2024-01-02T05:57:10,0.378021,0.320701,0.115245,19.95,34.55,CO,1042.99,unsafe
10785,2024-01-02T05:57:20,0.388331,0.009682,0.122455,25.94,83.41,Hydrogen,625.21,safe
10786,2024-01-02T05:57:30,0.826201,0.718827,0.03197,37.78,40.08,Methane,9023.22,unsafe
10787,2024-01-02T05:57:40,0.581428,0.205676,0.146121,26.58,58.0,Smoke,550.6,unsafe
10788,2024-01-02T05:57:50,0.031996,0.19784,0.006523,25.52,55.47,Smoke,484.35,unsafe
10789,2024-01-02T05:58:00,0.753901,0.258099,0.157582,27.92,88.77,Propane,1761.78,unsafe
10790,2024-01-02T05:58:10,0.048102,0.230542,0.009707,27.94,55.79,Smoke,748.14,unsafe
10791,2024-01-02T05:58:20,0.091897,0.292715,0.264163,12.41,56.24,Hydrogen,4715.76,safe
10792,2024-01-02T05:58:30,0.009769,0.129677,0.076576,24.95,59.12,Alcohol,211.52,safe
10793,2024-01-02T05:58:40,0.107338,0.376062,0.158603,23.91,48.71,LPG,3321.99,unsafe
10794,2024-01-02T05:58:50,0.442232,0.441216,0.144982,38.83,34.15,CO,1975.1,unsafe
10795,2024-01-02T05:59:00,1.738019,1.282074,0.918081,21.55,72.09,CleanAir,0.0,safe
10796,2024-01-02T05:59:10,0.055132,0.203576,0.009551,24.21,84.1,Hydrogen,1348.82,safe
10797,2024-01-02T05:59:20,1.734535,1.284969,0.909697,19.08,50.06,CleanAir,0.0,safe
10798,2024-01-02T05:59:30,1.75873,1.327882,0.923631,18.86,39.48,CleanAir,0.0,safe
10799,2024-01-02T05:59:40,0.305004,0.224,0.089737,22.74,69.22,CO,551.37,unsafe
10800,2024-01-02T05:59:50,0.837899,0.734048,0.17648,24.3,65.18,Methane,12423.97,unsafe
10801,2024-01-02T06:00:00,0.376682,0.029321,0.006431,14.94,85.26,CO,1836.0,unsafe
10802,2024-01-02T06:00:10,0.079925,0.048092,0.025574,37.18,48.28,Hydrogen,4155.06,safe
10803,2024-01-02T06:00:20,0.581914,0.02616,0.009768,25.19,44.9,LPG,1381.68,unsafe
10804,2024-01-02T06:00:30,1.716631,1.284177,0.911097,26.53,81.23,CleanAir,0.0,safe
10805,2024-01-02T06:00:40,1.700557,1.253735,0.886395,15.04,73.36,CleanAir,0.0,safe
10806,2024-01-02T06:00:50,1.737995,1.285544,0.906434,19.38,57.02,CleanAir,0.0,safe
10807,2024-01-02T06:01:00,0.772152,0.266011,0.009653,12.53,42.46,Propane,1801.44,unsafe
10808,2024-01-02T06:01:10,0.394398,0.362805,0.131391,30.53,32.74,CO,1343.81,unsafe
10809,2024-01-02T06:01:20,1.785213,1.359064,0.992683,35.42,31.19,CleanAir,0.0,safe
10810,2024-01-02T06:01:30,0.074107,0.267049,0.243686,15.79,76.7,Hydrogen,3884.98,safe
10811,2024-01-02T06:01:40,0.089853,0.406677,0.022647,31.92,71.06,LPG,4330.05,unsafe
10812,2024-01-02T06:01:50,1.764029,1.324808,0.937303,24.71,41.31,CleanAir,0.0,safe
10813,2024-01-02T06:02:00,0.133028,0.319486,0.203138,34.1,75.17,Propane,3191.57,unsafe
10814,2024-01-02T06:02:10,0.565008,0.232343,0.191831,23.54,47.94,Hydrogen,1726.53,safe
10815,2024-01-02T06:02:20,0.755904,0.087513,0.165848,36.77,86.24,Methane,8368.79,unsafe
10816,2024-01-02T06:02:30,1.712223,1.246103,0.883879,13.03,83.66,CleanAir,0.0,safe
10817,2024-01-02T06:02:40,0.651454,0.537693,0.147072,10.27,68.36,Methane,5596.69,unsafe
10818,2024-01-02T06:02:50,1.76331,1.325793,0.950218,15.43,33.94,CleanAir,0.0,safe
10819,2024-01-02T06:03:00,0.645904,0.536811,0.146957,17.32,59.27,Methane,4894.27,unsafe
10820,2024-01-02T06:03:10,1.763277,1.296079,0.921056,35.69,88.82,CleanAir,0.0,safe
10821,2024-01-02T06:03:20,1.767074,1.32676,0.936579,39.83,78.16,CleanAir,0.0,safe
10822,2024-01-02T06:03:30,0.685392,0.022534,0.009609,22.63,71.23,Propane,1362.33,unsafe
10823,2024-01-02T06:03:40,0.029034,0.025696,0.119963,21.76,84.31,CO,1442.86,unsafe
10824,2024-01-02T06:03:50,0.333752,0.016054,0.006595,25.56,59.44,CO,759.87,unsafe
10825,2024-01-02T06:04:00,0.563186,0.268256,0.122829,30.76,73.18,LPG,1327.85,unsafe
10826,2024-01-02T06:04:10,1.711672,1.252367,0.909911,21.42,80.74,CleanAir,0.0,safe
10827,2024-01-02T06:04:20,1.687917,1.258034,0.884836,12.95,78.47,CleanAir,0.0,safe
10828,2024-01-02T06:04:30,0.224364,0.124382,0.06355,18.23,62.68,CO,152.04,unsafe
10829,2024-01-02T06:04:40,1.739816,1.274969,0.917792,24.89,80.74,CleanAir,0.0,safe
10830,2024-01-02T06:04:50,0.380824,0.012995,0.157043,23.34,51.33,Alcohol,907.15,safe
10831,2024-01-02T06:05:00,0.071385,0.202883,0.202545,19.61,63.15,Alcohol,1965.0,unsafe
10832,2024-01-02T06:05:10,0.727221,0.025716,0.032476,18.4,37.78,Hydrogen,4235.76,safe
10833,2024-01-02T06:05:20,0.524245,0.009548,0.006591,21.87,34.08,Smoke,413.28,unsafe
10834,2024-01-02T06:05:30,0.096798,0.058597,0.0,14.8,52.29,Smoke,15.23,safe
10835,2024-01-02T06:05:40,0.483191,0.006454,0.122664,17.71,88.18,Smoke,428.59,unsafe
10836,2024-01-02T06:05:50,1.714624,1.260547,0.93232,11.09,49.85,CleanAir,0.0,safe
10837,2024-01-02T06:06:00,1.726871,1.27956,0.930897,29.22,87.11,CleanAir,0.0,safe
10838,2024-01-02T06:06:10,0.859069,0.409471,0.175328,35.33,82.16,LPG,4775.46,unsafe
10839,2024-01-02T06:06:20,1.776639,1.277794,0.913788,21.4,65.64,CleanAir,0.0,safe
10840,2024-01-02T06:06:30,0.077988,0.01629,0.158437,14.39,48.6,Propane,1510.98,unsafe
10841,2024-01-02T06:06:40,0.722647,0.09824,0.161234,25.95,87.52,Methane,8288.27,unsafe
10842,2024-01-02T06:06:50,1.735489,1.299949,0.954462,34.98,76.74,CleanAir,0.0,safe
10843,2024-01-02T06:07:00,1.726164,1.268589,0.932184,19.68,66.88,CleanAir,0.0,safe
10844,2024-01-02T06:07:10,0.726767,0.047849,0.15368,13.8,61.63,LPG,3117.19,unsafe
10845,2024-01-02T06:07:20,0.437345,0.012848,0.102055,15.1,67.75,LPG,721.58,safe
10846,2024-01-02T06:07:30,0.842836,0.163511,0.025835,30.55,63.35,Methane,13272.47,unsafe
10847,2024-01-02T06:07:40,1.749244,1.331574,0.978536,33.1,54.21,CleanAir,0.0,safe
10848,2024-01-02T06:07:50,0.035608,0.201289,0.006435,17.06,52.67,Smoke,609.45,unsafe
10849,2024-01-02T06:08:00,0.133669,0.337481,0.224017,22.23,69.46,Propane,4492.97,unsafe
10850,2024-01-02T06:08:10,1.766496,1.349031,1.000691,33.2,35.68,CleanAir,0.0,safe
10851,2024-01-02T06:08:20,0.71051,0.233284,0.192786,10.47,32.91,Smoke,910.66,unsafe
10852,2024-01-02T06:08:30,1.750175,1.32302,0.988922,38.85,63.14,CleanAir,0.0,safe
10853,2024-01-02T06:08:40,1.724866,1.285366,0.931586,22.93,65.23,CleanAir,0.0,safe
10854,2024-01-02T06:08:50,0.379739,0.174776,0.167348,13.81,74.92,Alcohol,1244.43,unsafe
10855,2024-01-02T06:09:00,0.480644,0.173717,0.126032,37.53,81.85,Smoke,371.01,unsafe
10856,2024-01-02T06:09:10,0.93058,0.315378,0.032071,21.56,50.87,Propane,3323.61,unsafe
10857,2024-01-02T06:09:20,1.771986,1.344579,0.981632,31.38,37.58,CleanAir,0.0,safe
10858,2024-01-02T06:09:30,0.586102,0.210404,0.156444,37.22,43.94,Smoke,524.15,unsafe
10859,2024-01-02T06:09:40,1.761454,1.258829,0.940253,38.4,80.53,CleanAir,0.0,safe
10860,2024-01-02T06:09:50,0.46925,0.012982,0.006401,20.93,30.73,LPG,745.51,safe
10861,2024-01-02T06:10:00,0.768408,0.252312,0.012816,39.42,36.54,Smoke,948.66,unsafe
10862,2024-01-02T06:10:10,0.399045,0.012807,0.012944,17.99,33.64,Alcohol,989.79,safe
10863,2024-01-02T06:10:20,0.337674,0.278064,0.006404,23.16,78.15,CO,925.18,unsafe
10864,2024-01-02T06:10:30,0.395979,0.188575,0.170218,31.12,47.98,Alcohol,1088.16,unsafe
10865,2024-01-02T06:10:40,0.151265,0.054767,0.038851,19.16,52.66,CO,28.45,safe
10866,2024-01-02T06:10:50,0.385379,0.172295,0.15733,27.24,69.4,Alcohol,1028.83,unsafe
10867,2024-01-02T06:11:00,0.605072,0.208515,0.16249,23.1,60.36,Smoke,657.74,unsafe
10868,2024-01-02T06:11:10,0.900806,0.311045,0.01604,24.16,41.9,Propane,2822.71,unsafe
10869,2024-01-02T06:11:20,0.463722,0.20913,0.203048,15.77,30.5,Alcohol,1790.27,unsafe
10870,2024-01-02T06:11:30,0.330546,0.352126,0.019543,25.3,67.18,Propane,4778.06,unsafe
10871,2024-01-02T06:11:40,0.417787,0.015846,0.173447,32.68,40.54,Alcohol,1072.91,unsafe
10872,2024-01-02T06:11:50,1.825439,1.337081,0.993723,38.68,36.46,CleanAir,0.0,safe
10873,2024-01-02T06:12:00,0.433273,0.016139,0.191042,34.11,87.19,Alcohol,1730.96,unsafe
10874,2024-01-02T06:12:10,1.723596,1.31936,0.94381,18.72,51.04,CleanAir,0.0,safe
10875,2024-01-02T06:12:20,0.379336,0.012993,0.15348,35.01,47.97,Alcohol,783.34,safe
10876,2024-01-02T06:12:30,0.048324,0.231668,0.184639,27.87,67.76,Smoke,888.04,unsafe
10877,2024-01-02T06:12:40,0.776077,0.313319,0.29913,29.13,40.06,Hydrogen,4954.13,safe
10878,2024-01-02T06:12:50,1.771807,1.309088,0.982509,38.21,50.4,CleanAir,0.0,safe
10879,2024-01-02T06:13:00,0.347462,0.299146,0.006532,39.82,88.95,CO,996.14,unsafe
10880,2024-01-02T06:13:10,0.666137,0.038167,0.14182,18.13,54.63,LPG,2358.76,unsafe
10881,2024-01-02T06:13:20,0.680623,0.590198,0.150539,14.87,70.16,Methane,6837.66,unsafe
10882,2024-01-02T06:13:30,0.688733,0.019294,0.00969,28.09,38.1,Propane,1267.35,unsafe
10883,2024-01-02T06:13:40,0.657668,0.264007,0.236117,34.54,63.11,Hydrogen,2786.89,safe
10884,2024-01-02T06:13:50,1.749699,1.31347,0.955593,18.98,35.41,CleanAir,0.0,safe
10885,2024-01-02T06:14:00,0.900444,0.042087,0.016177,18.66,50.92,Propane,3138.1,unsafe
10886,2024-01-02T06:14:10,0.942043,0.316667,0.212993,14.85,55.35,Propane,3633.5,unsafe
10887,2024-01-02T06:14:20,0.132344,0.338115,0.145398,10.32,86.8,LPG,3381.72,unsafe
10888,2024-01-02T06:14:30,0.038463,0.172797,0.155377,22.93,64.35,Alcohol,981.29,safe
10889,2024-01-02T06:14:40,1.691603,1.274109,0.934485,21.5,62.08,CleanAir,0.0,safe
10890,2024-01-02T06:14:50,0.67954,0.238444,0.157461,28.17,55.43,Propane,1250.93,unsafe
10891,2024-01-02T06:15:00,1.7457,1.289287,0.95321,25.6,54.98,CleanAir,0.0,safe
10892,2024-01-02T06:15:10,0.851943,0.419224,0.025626,15.25,44.65,LPG,4792.32,unsafe
10893,2024-01-02T06:15:20,0.694462,0.029117,0.152416,38.61,77.5,LPG,2543.93,unsafe
10894,2024-01-02T06:15:30,0.055325,0.280194,0.129613,18.65,88.97,LPG,1860.71,unsafe
10895,2024-01-02T06:15:40,1.706909,1.276816,0.950694,35.11,79.12,CleanAir,0.0,safe
10896,2024-01-02T06:15:50,1.784064,1.346899,0.999508,32.5,31.92,CleanAir,0.0,safe
10897,2024-01-02T06:16:00,0.632127,0.03264,0.025993,20.55,66.8,Hydrogen,2965.5,safe
10898,2024-01-02T06:16:10,1.784125,1.358414,1.004486,39.67,36.36,CleanAir,0.0,safe
10899,2024-01-02T06:16:20,1.775981,1.317922,0.961506,34.29,54.84,CleanAir,0.0,safe
10900,2024-01-02T06:16:30,1.721518,1.263244,0.9456,17.74,52.73,CleanAir,0.0,safe
10901,2024-01-02T06:16:40,1.723889,1.262764,0.934343,17.49,63.71,CleanAir,0.0,safe
10902,2024-01-02T06:16:50,0.295393,0.00654,0.077802,36.94,46.01,LPG,211.79,safe
10903,2024-01-02T06:17:00,0.680601,0.279963,0.25091,39.92,36.76,Hydrogen,2651.67,safe
10904,2024-01-02T06:17:10,0.742266,0.035251,0.165244,30.79,42.33,LPG,2965.37,unsafe
10905,2024-01-02T06:17:20,1.76191,1.298756,0.960395,25.93,49.9,CleanAir,0.0,safe
10906,2024-01-02T06:17:30,0.295978,0.130345,0.003215,38.13,62.06,Smoke,125.02,unsafe
10907,2024-01-02T06:17:40,1.783684,1.351739,0.984667,37.66,45.35,CleanAir,0.0,safe
10908,2024-01-02T06:17:50,0.100513,0.279736,0.186438,19.82,89.67,Propane,2776.74,unsafe
10909,2024-01-02T06:18:00,0.138646,0.077579,0.038498,12.24,86.92,Smoke,38.31,safe
10910,2024-01-02T06:18:10,0.607313,0.028778,0.226775,28.21,41.37,Hydrogen,2175.26,safe
10911,2024-01-02T06:18:20,1.728412,1.288644,0.919019,15.57,61.91,CleanAir,0.0,safe
10912,2024-01-02T06:18:30,0.015947,0.006359,0.101352,37.23,73.46,Smoke,226.43,unsafe
10913,2024-01-02T06:18:40,1.739663,1.329402,0.955371,11.64,35.59,CleanAir,0.0,safe
10914,2024-01-02T06:18:50,1.754357,1.322904,0.985885,27.05,34.0,CleanAir,0.0,safe
10915,2024-01-02T06:19:00,1.687526,1.254461,0.899477,12.22,79.93,CleanAir,0.0,safe
10916,2024-01-02T06:19:10,1.711161,1.256505,0.909663,13.09,75.54,CleanAir,0.0,safe
10917,2024-01-02T06:19:20,0.63281,0.222041,0.009686,39.09,84.94,Propane,1067.2,unsafe
10918,2024-01-02T06:19:30,1.69859,1.230429,0.896996,10.2,80.99,CleanAir,0.0,safe
10919,2024-01-02T06:19:40,0.650994,0.324703,0.146887,15.68,35.62,LPG,2022.11,unsafe
10920,2024-01-02T06:19:50,1.758965,1.307711,0.952744,29.49,47.96,CleanAir,0.0,safe
10921,2024-01-02T06:20:00,1.778158,1.325952,0.946968,30.96,53.98,CleanAir,0.0,safe
10922,2024-01-02T06:20:10,0.761312,0.658065,0.1786,39.13,32.13,Methane,6679.16,unsafe
10923,2024-01-02T06:20:20,1.674636,1.272607,0.946549,18.03,68.74,CleanAir,0.0,safe
10924,2024-01-02T06:20:30,0.648681,0.070943,0.144513,18.24,87.19,Methane,5700.01,unsafe
10925,2024-01-02T06:20:40,0.586849,0.24474,0.016016,26.45,64.35,Hydrogen,2139.85,safe
10926,2024-01-02T06:20:50,1.704719,1.258911,0.915222,10.75,71.11,CleanAir,0.0,safe
10927,2024-01-02T06:21:00,1.728373,1.297595,0.952959,35.3,73.61,CleanAir,0.0,safe
10928,2024-01-02T06:21:10,0.724126,0.168936,0.16287,19.11,86.61,Methane,9367.73,unsafe
10929,2024-01-02T06:21:20,1.763518,1.29936,0.964019,16.12,40.19,CleanAir,0.0,safe
10930,2024-01-02T06:21:30,0.505249,0.195134,0.006389,36.82,40.85,Propane,554.9,safe
10931,2024-01-02T06:21:40,0.87698,0.796001,0.064139,19.67,54.14,Methane,16357.57,unsafe
10932,2024-01-02T06:21:50,0.323703,0.272681,0.105495,16.91,78.98,CO,898.48,unsafe
10933,2024-01-02T06:22:00,0.59138,0.213981,0.158666,37.16,44.27,Smoke,533.79,unsafe
10934,2024-01-02T06:22:10,0.593333,0.28828,0.131622,32.21,79.77,LPG,1643.04,unsafe
10935,2024-01-02T06:22:20,0.333846,0.006474,0.084187,25.48,54.58,LPG,310.74,safe
10936,2024-01-02T06:22:30,0.012773,0.132567,0.097781,19.17,69.99,Alcohol,343.09,safe
10937,2024-01-02T06:22:40,0.628292,0.2147,0.170223,17.27,48.61,Smoke,701.62,unsafe
10938,2024-01-02T06:22:50,1.753089,1.306375,0.964511,16.13,32.44,CleanAir,0.0,safe
10939,2024-01-02T06:23:00,0.366524,0.025803,0.009724,30.88,78.76,CO,1382.23,unsafe
10940,2024-01-02T06:23:10,0.333311,0.019324,0.110027,36.55,60.72,CO,739.69,unsafe
10941,2024-01-02T06:23:20,1.7716,1.324768,0.962566,38.19,54.02,CleanAir,0.0,safe
10942,2024-01-02T06:23:30,0.084276,0.268927,0.252931,11.64,59.19,Hydrogen,3702.51,safe
10943,2024-01-02T06:23:40,1.70762,1.266604,0.899346,12.15,71.42,CleanAir,0.0,safe
10944,2024-01-02T06:23:50,1.712013,1.261318,0.937858,20.78,63.38,CleanAir,0.0,safe
10945,2024-01-02T06:24:00,0.991983,0.342575,0.225518,38.13,68.38,Propane,3869.43,unsafe
10946,2024-01-02T06:24:10,0.029425,0.179944,0.129201,24.34,75.53,Smoke,437.21,unsafe
10947,2024-01-02T06:24:20,1.716584,1.330825,0.970801,30.19,57.75,CleanAir,0.0,safe
10948,2024-01-02T06:24:30,1.760101,1.320242,0.977313,25.18,48.25,CleanAir,0.0,safe
10949,2024-01-02T06:24:40,1.792404,1.306092,0.974897,27.91,45.23,CleanAir,0.0,safe
10950,2024-01-02T06:24:50,0.968094,0.329539,0.035589,29.65,80.03,Propane,3964.5,unsafe
10951,2024-01-02T06:25:00,0.397524,0.189885,0.003221,22.83,71.45,LPG,547.13,safe
10952,2024-01-02T06:25:10,0.834838,0.746068,0.188246,11.67,31.88,Methane,12025.64,unsafe
10953,2024-01-02T06:25:20,0.609299,0.012971,0.160541,12.14,57.97,Smoke,683.71,unsafe
10954,2024-01-02T06:25:30,0.277536,0.795028,0.028992,33.14,71.8,Methane,16539.31,unsafe
10955,2024-01-02T06:25:40,0.942424,0.038998,0.216982,14.38,50.01,Propane,3528.8,unsafe
10956,2024-01-02T06:25:50,0.564443,0.198014,0.006371,15.46,60.32,Smoke,549.14,unsafe
10957,2024-01-02T06:26:00,1.712015,1.230981,0.91385,15.06,89.88,CleanAir,0.0,safe
10958,2024-01-02T06:26:10,0.362107,0.009779,0.009739,15.59,46.31,Alcohol,765.23,safe
10959,2024-01-02T06:26:20,1.785827,1.32104,0.958463,25.69,53.13,CleanAir,0.0,safe
10960,2024-01-02T06:26:30,0.015993,0.201898,0.093312,31.64,31.76,CO,367.21,unsafe
10961,2024-01-02T06:26:40,0.651415,0.540687,0.148816,19.08,75.68,Methane,5177.45,unsafe
10962,2024-01-02T06:26:50,1.747464,1.314569,0.94578,35.7,67.79,CleanAir,0.0,safe
10963,2024-01-02T06:27:00,1.788417,1.323334,0.974141,23.5,40.13,CleanAir,0.0,safe
10964,2024-01-02T06:27:10,0.677181,0.333866,0.009701,38.2,31.79,LPG,1836.3,unsafe
10965,2024-01-02T06:27:20,1.752101,1.315076,0.962623,24.99,50.88,CleanAir,0.0,safe
10966,2024-01-02T06:27:30,1.681635,1.242902,0.894335,17.82,89.69,CleanAir,0.0,safe
10967,2024-01-02T06:27:40,1.755381,1.332335,0.98956,36.82,53.69,CleanAir,0.0,safe
10968,2024-01-02T06:27:50,1.728335,1.275638,0.925623,31.53,81.92,CleanAir,0.0,safe
10969,2024-01-02T06:28:00,0.361862,0.006405,0.093663,13.93,71.32,Smoke,228.98,unsafe
10970,2024-01-02T06:28:10,0.869572,0.782494,0.198578,36.4,49.9,Methane,12861.09,unsafe
10971,2024-01-02T06:28:20,0.586969,0.019367,0.129306,15.6,31.72,LPG,1426.28,unsafe
10972,2024-01-02T06:28:30,0.345557,0.009555,0.132813,16.53,65.52,Alcohol,712.45,safe
10973,2024-01-02T06:28:40,1.720546,1.318801,0.946784,37.85,79.29,CleanAir,0.0,safe
10974,2024-01-02T06:28:50,0.639236,0.015992,0.14242,19.46,74.76,Propane,1146.78,unsafe
10975,2024-01-02T06:29:00,0.636453,0.223549,0.14788,25.83,55.25,Propane,1068.66,unsafe
10976,2024-01-02T06:29:10,1.676791,1.243057,0.886631,10.79,85.51,CleanAir,0.0,safe
10977,2024-01-02T06:29:20,0.517337,0.210948,0.173819,16.34,78.92,Hydrogen,1503.92,safe
10978,2024-01-02T06:29:30,1.72413,1.274143,0.880051,12.47,82.64,CleanAir,0.0,safe
10979,2024-01-02T06:29:40,0.755571,0.251819,0.013079,33.35,37.94,Smoke,934.63,unsafe
10980,2024-01-02T06:29:50,0.887391,0.305035,0.201488,10.68,44.5,Propane,3003.19,unsafe
10981,2024-01-02T06:30:00,1.736067,1.2716,0.893372,10.47,76.41,CleanAir,0.0,safe
10982,2024-01-02T06:30:10,0.452586,0.006486,0.003212,31.38,40.56,Smoke,280.93,unsafe
10983,2024-01-02T06:30:20,0.015848,0.006488,0.096215,12.24,71.01,Smoke,254.82,unsafe
10984,2024-01-02T06:30:30,0.355305,0.71259,0.172307,12.91,63.04,Methane,11589.16,unsafe
10985,2024-01-02T06:30:40,1.709375,1.272427,0.928055,12.32,65.16,CleanAir,0.0,safe
10986,2024-01-02T06:30:50,0.25292,0.006513,0.003258,15.06,67.96,CO,288.68,unsafe
10987,2024-01-02T06:31:00,0.720539,0.022588,0.016163,10.21,67.64,Propane,1804.22,unsafe
10988,2024-01-02T06:31:10,1.779145,1.332076,0.9559,27.65,45.76,CleanAir,0.0,safe
10989,2024-01-02T06:31:20,0.029353,0.009681,0.090205,16.13,86.44,LPG,617.82,safe
10990,2024-01-02T06:31:30,0.686335,0.279828,0.019212,29.47,54.46,Hydrogen,3109.95,safe
10991,2024-01-02T06:31:40,0.816583,0.397169,0.167654,39.48,67.03,LPG,3641.38,unsafe
10992,2024-01-02T06:31:50,0.322532,0.265078,0.006516,14.52,70.07,CO,823.83,unsafe
10993,2024-01-02T06:32:00,1.792719,1.309778,0.923728,37.59,74.18,CleanAir,0.0,safe
10994,2024-01-02T06:32:10,0.02281,0.262421,0.103455,27.81,78.28,CO,788.92,unsafe
10995,2024-01-02T06:32:20,1.761174,1.360159,0.977799,34.27,38.96,CleanAir,0.0,safe
10996,2024-01-02T06:32:30,1.72595,1.269696,0.910559,13.14,65.79,CleanAir,0.0,safe
10997,2024-01-02T06:32:40,0.055237,0.243187,0.158894,35.56,34.81,Propane,1122.81,unsafe
10998,2024-01-02T06:32:50,1.758869,1.324171,0.954228,28.55,50.82,CleanAir,0.0,safe
10999,2024-01-02T06:33:00,1.058436,0.36335,0.23724,10.61,30.88,Propane,4841.76,unsafe
11000,2024-01-02T06:33:10,1.758296,1.295426,0.919057,22.85,73.04,CleanAir,0.0,safe
11001,2024-01-02T06:33:20,1.7521,1.291094,0.944913,17.71,39.48,CleanAir,0.0,safe
11002,2024-01-02T06:33:30,1.726801,1.297778,0.934555,11.49,44.25,CleanAir,0.0,safe
11003,2024-01-02T06:33:40,0.674094,0.038765,0.2481,24.71,69.36,Hydrogen,3584.81,safe
11004,2024-01-02T06:33:50,1.730797,1.30946,0.953684,23.48,55.09,CleanAir,0.0,safe
11005,2024-01-02T06:34:00,1.753806,1.309499,0.939355,21.6,48.63,CleanAir,0.0,safe
11006,2024-01-02T06:34:10,0.00325,0.093711,0.0,18.9,88.05,Smoke,63.57,unsafe
11007,2024-01-02T06:34:20,0.048294,0.215379,0.160763,38.2,77.99,Smoke,645.44,unsafe
11008,2024-01-02T06:34:30,0.689412,0.012919,0.181969,15.69,89.44,Smoke,976.77,unsafe
11009,2024-01-02T06:34:40,1.818981,1.353499,0.968721,33.14,37.62,CleanAir,0.0,safe
11010,2024-01-02T06:34:50,0.56719,0.211846,0.130654,37.81,67.77,Propane,767.89,safe
11011,2024-01-02T06:35:00,1.711234,1.280357,0.904628,24.67,77.15,CleanAir,0.0,safe
11012,2024-01-02T06:35:10,0.404519,0.015954,0.177379,11.96,82.28,Alcohol,1545.99,unsafe
11013,2024-01-02T06:35:20,1.723801,1.278483,0.911065,31.66,88.8,CleanAir,0.0,safe
11014,2024-01-02T06:35:30,0.018967,0.160381,0.107416,17.9,80.81,Smoke,307.31,unsafe
11015,2024-01-02T06:35:40,1.749236,1.282817,0.941704,33.81,80.08,CleanAir,0.0,safe
11016,2024-01-02T06:35:50,0.598037,0.019593,0.012854,38.64,36.96,LPG,1262.86,unsafe
11017,2024-01-02T06:36:00,0.025695,0.177947,0.006468,13.57,60.43,Hydrogen,761.2,safe
11018,2024-01-02T06:36:10,0.729656,0.255754,0.165279,17.09,54.67,Propane,1644.92,unsafe
11019,2024-01-02T06:36:20,0.48719,0.179003,0.125343,16.11,65.2,Smoke,414.94,unsafe
11020,2024-01-02T06:36:30,0.363224,0.328396,0.114742,27.19,88.05,CO,1293.08,unsafe
11021,2024-01-02T06:36:40,1.784521,1.336507,0.985643,29.53,33.27,CleanAir,0.0,safe
11022,2024-01-02T06:36:50,0.041862,0.009771,0.128397,16.35,80.07,Propane,889.82,safe
11023,2024-01-02T06:37:00,1.779988,1.316273,0.94,21.66,38.56,CleanAir,0.0,safe
11024,2024-01-02T06:37:10,0.134346,0.301788,0.029396,20.62,61.51,Propane,2894.09,unsafe
11025,2024-01-02T06:37:20,0.380974,0.179017,0.147871,37.37,49.84,Alcohol,759.34,safe
11026,2024-01-02T06:37:30,1.772752,1.329156,0.978591,37.31,53.68,CleanAir,0.0,safe
11027,2024-01-02T06:37:40,1.705706,1.283972,0.921542,26.88,75.24,CleanAir,0.0,safe
11028,2024-01-02T06:37:50,0.317503,0.14485,0.118599,13.68,76.01,Alcohol,553.34,safe
11029,2024-01-02T06:38:00,0.049054,0.212479,0.22758,18.89,86.66,Alcohol,2834.68,unsafe
11030,2024-01-02T06:38:10,0.765205,0.262317,0.170891,24.59,74.29,Propane,1946.0,unsafe
11031,2024-01-02T06:38:20,1.756268,1.325127,0.953349,26.97,38.69,CleanAir,0.0,safe
11032,2024-01-02T06:38:30,1.733771,1.24732,0.910785,16.24,78.34,CleanAir,0.0,safe
11033,2024-01-02T06:38:40,0.411272,0.006383,0.103734,24.66,89.86,Smoke,289.08,unsafe
11034,2024-01-02T06:38:50,0.013023,0.006544,0.092346,20.43,75.86,Alcohol,328.91,safe
11035,2024-01-02T06:39:00,1.74671,1.288013,0.92878,26.58,72.75,CleanAir,0.0,safe
11036,2024-01-02T06:39:10,0.041376,0.214661,0.152749,28.41,43.73,Smoke,588.17,unsafe
11037,2024-01-02T06:39:20,0.49885,0.009667,0.124214,11.41,61.34,Smoke,427.87,unsafe
11038,2024-01-02T06:39:30,0.152086,0.870362,0.212248,30.59,31.58,Methane,18328.46,unsafe
11039,2024-01-02T06:39:40,0.372915,0.172961,0.152718,29.53,85.36,Alcohol,996.89,safe
11040,2024-01-02T06:39:50,1.757491,1.325518,0.954531,37.6,56.17,CleanAir,0.0,safe
11041,2024-01-02T06:40:00,0.032303,0.198575,0.190375,10.96,45.67,Alcohol,1668.71,unsafe
11042,2024-01-02T06:40:10,1.749282,1.302887,0.91125,26.57,74.13,CleanAir,0.0,safe
11043,2024-01-02T06:40:20,0.839092,0.139972,0.183578,24.87,44.71,Methane,11999.95,unsafe
11044,2024-01-02T06:40:30,0.712902,0.34409,0.144085,17.9,60.63,LPG,2789.45,unsafe
11045,2024-01-02T06:40:40,0.27463,0.17702,0.003221,34.4,77.53,CO,328.02,unsafe
11046,2024-01-02T06:40:50,1.748557,1.271051,0.903553,29.33,86.7,CleanAir,0.0,safe
11047,2024-01-02T06:41:00,0.667696,0.223923,0.172919,21.33,77.58,Smoke,885.73,unsafe
11048,2024-01-02T06:41:10,0.733689,0.621012,0.156628,12.09,67.3,Methane,8252.03,unsafe
11049,2024-01-02T06:41:20,0.791186,0.688091,0.168876,30.36,83.64,Methane,10344.57,unsafe
11050,2024-01-02T06:41:30,0.151982,0.277145,0.246079,30.37,50.45,Hydrogen,3139.56,safe
11051,2024-01-02T06:41:40,0.281465,0.187174,0.081192,11.96,63.38,CO,393.08,unsafe
11052,2024-01-02T06:41:50,1.785698,1.349406,0.970866,36.11,40.44,CleanAir,0.0,safe
11053,2024-01-02T06:42:00,0.573134,0.025515,0.199603,25.56,57.08,Hydrogen,1914.94,safe
11054,2024-01-02T06:42:10,0.038098,0.01601,0.195676,22.6,45.74,Alcohol,1711.76,unsafe
11055,2024-01-02T06:42:20,0.025389,0.176101,0.006452,30.08,82.59,Smoke,378.64,unsafe
11056,2024-01-02T06:42:30,0.777203,0.36373,0.158433,25.61,38.48,LPG,2855.07,unsafe
11057,2024-01-02T06:42:40,0.064483,0.266482,0.23087,36.23,46.49,Hydrogen,2529.73,safe
11058,2024-01-02T06:42:50,0.26269,0.131238,0.078487,26.57,42.69,Alcohol,205.43,safe
11059,2024-01-02T06:43:00,1.7472,1.270853,0.903989,16.92,65.69,CleanAir,0.0,safe
11060,2024-01-02T06:43:10,1.757353,1.277783,0.918296,38.06,87.38,CleanAir,0.0,safe
11061,2024-01-02T06:43:20,0.762538,0.366527,0.019524,33.07,82.93,LPG,3254.73,unsafe
11062,2024-01-02T06:43:30,1.749167,1.307649,0.926088,16.33,42.35,CleanAir,0.0,safe
11063,2024-01-02T06:43:40,0.270636,0.118539,0.003234,28.67,49.59,Smoke,102.95,unsafe
11064,2024-01-02T06:43:50,0.340408,0.274481,0.006405,36.2,73.47,CO,798.38,unsafe
11065,2024-01-02T06:44:00,0.611325,0.254433,0.211846,38.45,67.2,Hydrogen,2199.36,safe
11066,2024-01-02T06:44:10,1.774115,1.34643,0.970412,37.42,40.76,CleanAir,0.0,safe
11067,2024-01-02T06:44:20,1.736867,1.277063,0.936515,25.92,60.89,CleanAir,0.0,safe
11068,2024-01-02T06:44:30,0.842737,0.02578,0.232854,15.55,54.53,Smoke,1552.23,unsafe
11069,2024-01-02T06:44:40,1.767307,1.272062,0.928104,35.58,75.53,CleanAir,0.0,safe
11070,2024-01-02T06:44:50,0.836222,0.052506,0.17584,34.96,54.83,LPG,3926.48,unsafe
11071,2024-01-02T06:45:00,0.645607,0.265746,0.035202,18.55,61.6,Hydrogen,3123.84,safe
11072,2024-01-02T06:45:10,0.502108,0.009656,0.126238,32.13,73.01,Smoke,402.69,unsafe
11073,2024-01-02T06:45:20,0.732552,0.295421,0.280554,37.22,46.4,Hydrogen,3871.57,safe
11074,2024-01-02T06:45:30,0.37405,0.012798,0.009648,18.08,48.6,Alcohol,888.34,safe
11075,2024-01-02T06:45:40,0.433513,0.016152,0.189875,28.03,67.38,Alcohol,1612.06,unsafe
11076,2024-01-02T06:45:50,1.746508,1.306361,0.943357,35.95,65.21,CleanAir,0.0,safe
11077,2024-01-02T06:46:00,1.76465,1.306212,0.965085,32.53,55.93,CleanAir,0.0,safe
11078,2024-01-02T06:46:10,1.695393,1.320401,0.938581,16.11,53.52,CleanAir,0.0,safe
11079,2024-01-02T06:46:20,0.290827,0.209587,0.088801,23.73,62.26,CO,473.55,unsafe
11080,2024-01-02T06:46:30,1.784124,1.323584,0.981579,34.66,37.2,CleanAir,0.0,safe
11081,2024-01-02T06:46:40,0.309196,0.012927,0.094322,35.3,59.33,CO,494.73,unsafe
11082,2024-01-02T06:46:50,1.732656,1.289121,0.919083,14.97,57.25,CleanAir,0.0,safe
11083,2024-01-02T06:47:00,1.715034,1.242988,0.888226,10.91,74.91,CleanAir,0.0,safe
11084,2024-01-02T06:47:10,0.802408,0.703273,0.02878,31.3,69.01,Methane,10391.04,unsafe
11085,2024-01-02T06:47:20,0.723812,0.071577,0.159444,15.63,79.95,Methane,8648.75,unsafe
11086,2024-01-02T06:47:30,0.857635,0.78705,0.025759,16.52,82.56,Methane,17649.24,unsafe
11087,2024-01-02T06:47:40,1.755324,1.316048,0.966251,28.58,38.31,CleanAir,0.0,safe
11088,2024-01-02T06:47:50,1.691552,1.277925,0.900926,15.04,65.13,CleanAir,0.0,safe
11089,2024-01-02T06:48:00,0.821234,0.067571,0.170079,16.67,63.45,LPG,4471.17,unsafe
11090,2024-01-02T06:48:10,1.771163,1.310338,0.967294,18.77,30.36,CleanAir,0.0,safe
11091,2024-01-02T06:48:20,1.813648,1.342073,1.004987,39.6,41.42,CleanAir,0.0,safe
11092,2024-01-02T06:48:30,0.579561,0.026235,0.210908,31.33,51.9,Hydrogen,1875.67,safe
11093,2024-01-02T06:48:40,1.706366,1.295357,0.934682,37.54,87.28,CleanAir,0.0,safe
11094,2024-01-02T06:48:50,0.097645,0.61866,0.022646,22.34,41.74,Methane,6767.88,unsafe
11095,2024-01-02T06:49:00,0.147603,0.357745,0.022494,29.11,56.29,Propane,4758.65,unsafe
11096,2024-01-02T06:49:10,0.750623,0.032654,0.019358,22.02,59.44,LPG,3224.48,unsafe
11097,2024-01-02T06:49:20,0.286451,0.187755,0.087824,37.93,62.04,CO,348.54,unsafe
11098,2024-01-02T06:49:30,0.254442,0.121493,0.084286,24.58,67.12,Alcohol,220.75,safe
11099,2024-01-02T06:49:40,1.75984,1.299922,0.952241,35.87,68.24,CleanAir,0.0,safe
11100,2024-01-02T06:49:50,1.766532,1.341739,0.962751,30.92,53.83,CleanAir,0.0,safe
11101,2024-01-02T06:50:00,0.141159,0.314353,0.214475,35.98,82.86,Propane,3438.47,unsafe
11102,2024-01-02T06:50:10,0.026239,0.181999,0.174081,25.92,81.94,Alcohol,1350.37,unsafe
11103,2024-01-02T06:50:20,1.72674,1.2671,0.934822,22.9,74.0,CleanAir,0.0,safe
11104,2024-01-02T06:50:30,1.683941,1.263106,0.906234,19.33,81.78,CleanAir,0.0,safe
11105,2024-01-02T06:50:40,0.127056,0.768642,0.196947,26.12,53.19,Methane,14835.81,unsafe
11106,2024-01-02T06:50:50,0.301337,0.013119,0.095542,34.58,89.53,CO,589.9,unsafe
11107,2024-01-02T06:51:00,1.716483,1.22439,0.90617,16.81,86.91,CleanAir,0.0,safe
11108,2024-01-02T06:51:10,0.917778,0.866605,0.212444,15.53,30.04,Methane,19786.99,unsafe
11109,2024-01-02T06:51:20,1.678012,1.255543,0.907778,18.2,83.56,CleanAir,0.0,safe
11110,2024-01-02T06:51:30,0.429914,0.206242,0.102399,29.52,30.25,LPG,546.27,safe
11111,2024-01-02T06:51:40,0.106712,0.235456,0.012793,19.47,81.52,Propane,1566.79,unsafe
11112,2024-01-02T06:51:50,0.37248,0.035382,0.129156,24.84,82.37,CO,1783.37,unsafe
11113,2024-01-02T06:52:00,0.457326,0.009593,0.006402,27.11,75.04,Propane,527.21,safe
11114,2024-01-02T06:52:10,0.295676,0.75287,0.19413,13.88,36.0,Methane,12715.41,unsafe
11115,2024-01-02T06:52:20,1.719362,1.300969,0.948392,29.49,61.05,CleanAir,0.0,safe
11116,2024-01-02T06:52:30,0.922907,0.045814,0.211628,36.65,76.53,Propane,3231.63,unsafe
11117,2024-01-02T06:52:40,1.710812,1.251279,0.922292,19.17,66.7,CleanAir,0.0,safe
11118,2024-01-02T06:52:50,1.735342,1.280707,0.960106,30.15,60.52,CleanAir,0.0,safe
11119,2024-01-02T06:53:00,0.047828,0.219844,0.009722,39.67,65.32,Propane,941.85,safe
11120,2024-01-02T06:53:10,1.698969,1.271428,0.92255,29.74,87.5,CleanAir,0.0,safe
11121,2024-01-02T06:53:20,1.751342,1.290841,0.969097,37.5,59.65,CleanAir,0.0,safe
11122,2024-01-02T06:53:30,0.035314,0.292625,0.11909,30.69,49.52,CO,959.23,unsafe
11123,2024-01-02T06:53:40,1.73967,1.305611,0.94121,38.58,77.42,CleanAir,0.0,safe
11124,2024-01-02T06:53:50,0.825002,0.762803,0.194051,26.88,37.42,Methane,11994.02,unsafe
11125,2024-01-02T06:54:00,1.74207,1.286891,0.947168,29.5,63.31,CleanAir,0.0,safe
11126,2024-01-02T06:54:10,0.623757,0.309169,0.134319,22.52,53.02,LPG,1922.93,unsafe
11127,2024-01-02T06:54:20,1.729736,1.309347,0.947799,17.37,40.36,CleanAir,0.0,safe
11128,2024-01-02T06:54:30,1.727298,1.280414,0.923664,32.95,82.91,CleanAir,0.0,safe
11129,2024-01-02T06:54:40,0.45364,0.170444,0.123246,14.81,51.22,Smoke,368.15,unsafe
11130,2024-01-02T06:54:50,0.749675,0.364919,0.160909,15.16,48.53,LPG,3328.64,unsafe
11131,2024-01-02T06:55:00,0.743313,0.369283,0.160852,24.52,74.15,LPG,3558.81,unsafe
11132,2024-01-02T06:55:10,1.731752,1.307693,0.980408,34.47,48.95,CleanAir,0.0,safe
11133,2024-01-02T06:55:20,0.700877,0.241067,0.159166,18.5,52.63,Propane,1509.91,unsafe
11134,2024-01-02T06:55:30,0.058417,0.231529,0.192457,39.58,83.82,Smoke,938.23,unsafe
11135,2024-01-02T06:55:40,0.048278,0.202785,0.015744,29.2,33.45,Alcohol,1469.05,unsafe
11136,2024-01-02T06:55:50,1.704032,1.250071,0.921915,16.78,66.51,CleanAir,0.0,safe
11137,2024-01-02T06:56:00,0.029488,0.035174,0.136288,27.76,31.56,CO,1468.55,unsafe
11138,2024-01-02T06:56:10,0.54192,0.225833,0.012969,34.67,62.57,Hydrogen,1587.5,safe
11139,2024-01-02T06:56:20,0.049166,0.211314,0.009661,18.53,78.61,Smoke,836.17,unsafe
11140,2024-01-02T06:56:30,0.084465,0.294812,0.197128,19.3,66.74,Propane,2922.22,unsafe
11141,2024-01-02T06:56:40,0.231736,0.792327,0.197305,16.62,57.52,Methane,17135.56,unsafe
11142,2024-01-02T06:56:50,1.742776,1.294887,0.980219,28.54,32.54,CleanAir,0.0,safe
11143,2024-01-02T06:57:00,0.554159,0.224967,0.197864,23.07,88.35,Hydrogen,2126.11,safe
11144,2024-01-02T06:57:10,0.222297,0.112868,0.003172,23.97,45.41,CO,121.45,unsafe
11145,2024-01-02T06:57:20,1.739608,1.294618,0.960247,32.59,63.2,CleanAir,0.0,safe
11146,2024-01-02T06:57:30,0.741523,0.636533,0.019448,14.74,66.3,Methane,9007.69,unsafe
11147,2024-01-02T06:57:40,0.373739,0.174344,0.151876,35.53,54.11,Alcohol,825.49,safe
11148,2024-01-02T06:57:50,1.002144,0.346951,0.230771,27.13,79.3,Propane,4847.62,unsafe
11149,2024-01-02T06:58:00,1.711647,1.264378,0.905147,21.28,79.78,CleanAir,0.0,safe
11150,2024-01-02T06:58:10,0.102211,0.293532,0.277128,39.44,86.51,Hydrogen,4938.06,safe
11151,2024-01-02T06:58:20,0.57668,0.200224,0.009667,30.54,88.91,Smoke,634.31,unsafe
11152,2024-01-02T06:58:30,1.769425,1.330379,0.956191,31.94,36.0,CleanAir,0.0,safe
11153,2024-01-02T06:58:40,0.866179,0.790005,0.045047,34.34,85.45,Methane,17402.79,unsafe
11154,2024-01-02T06:58:50,0.326449,0.260403,0.103347,14.59,55.9,CO,813.43,unsafe
11155,2024-01-02T06:59:00,1.675607,1.2526,0.897758,13.39,72.26,CleanAir,0.0,safe
11156,2024-01-02T06:59:10,0.247334,0.738662,0.058267,16.02,71.84,Methane,15204.23,unsafe
11157,2024-01-02T06:59:20,1.773567,1.334803,0.990908,32.36,40.61,CleanAir,0.0,safe
11158,2024-01-02T06:59:30,1.708933,1.305255,0.944755,34.43,58.71,CleanAir,0.0,safe
11159,2024-01-02T06:59:40,0.693916,0.016253,0.161595,39.11,83.73,Propane,1444.43,unsafe
11160,2024-01-02T06:59:50,0.991616,0.032581,0.231505,38.69,49.96,Propane,3879.77,unsafe
11161,2024-01-02T07:00:00,0.180011,0.052023,0.225707,29.12,37.61,Propane,3788.79,unsafe
11162,2024-01-02T07:00:10,0.649682,0.307326,0.009575,15.58,84.13,LPG,2414.18,unsafe
11163,2024-01-02T07:00:20,1.727135,1.282431,0.938336,23.45,59.22,CleanAir,0.0,safe
11164,2024-01-02T07:00:30,0.677217,0.274366,0.244223,33.45,44.88,Hydrogen,2953.6,safe
11165,2024-01-02T07:00:40,1.708994,1.232678,0.877146,19.12,89.73,CleanAir,0.0,safe
11166,2024-01-02T07:00:50,1.775508,1.297803,0.926497,30.4,53.64,CleanAir,0.0,safe
11167,2024-01-02T07:01:00,0.527309,0.191792,0.006567,39.76,75.57,Propane,663.42,safe
11168,2024-01-02T07:01:10,1.748229,1.258975,0.89563,33.32,87.61,CleanAir,0.0,safe
11169,2024-01-02T07:01:20,0.755754,0.127423,0.169095,31.86,81.09,Methane,9922.34,unsafe
11170,2024-01-02T07:01:30,1.741634,1.284817,0.925345,23.06,47.83,CleanAir,0.0,safe
11171,2024-01-02T07:01:40,1.701701,1.264203,0.903078,23.47,87.0,CleanAir,0.0,safe
11172,2024-01-02T07:01:50,0.176142,0.088282,0.045423,13.3,79.27,Smoke,56.45,unsafe
11173,2024-01-02T07:02:00,0.555331,0.232687,0.197149,31.91,36.11,Hydrogen,1521.91,safe
11174,2024-01-02T07:02:10,1.726637,1.316679,0.95676,27.73,34.54,CleanAir,0.0,safe
11175,2024-01-02T07:02:20,0.843367,0.402124,0.172026,21.24,49.19,LPG,4690.44,unsafe
11176,2024-01-02T07:02:30,1.716077,1.259067,0.914693,11.67,51.54,CleanAir,0.0,safe
11177,2024-01-02T07:02:40,0.650613,0.035373,0.230651,23.23,85.71,Hydrogen,3478.4,safe
11178,2024-01-02T07:02:50,0.609455,0.203425,0.156304,15.69,84.23,Smoke,768.32,unsafe
11179,2024-01-02T07:03:00,0.810479,0.388056,0.166888,34.34,37.98,LPG,3359.34,unsafe
11180,2024-01-02T07:03:10,0.077738,0.280932,0.252819,39.7,74.45,Hydrogen,3714.53,safe
11181,2024-01-02T07:03:20,0.032634,0.012987,0.199394,34.11,58.18,Alcohol,1644.44,unsafe
11182,2024-01-02T07:03:30,1.70362,1.242947,0.882945,13.36,71.66,CleanAir,0.0,safe
11183,2024-01-02T07:03:40,0.47157,0.219464,0.006437,19.24,50.98,LPG,805.66,safe
11184,2024-01-02T07:03:50,0.804525,0.099366,0.180737,23.57,31.49,Methane,9574.28,unsafe
11185,2024-01-02T07:04:00,1.733604,1.357335,0.981482,35.94,31.5,CleanAir,0.0,safe
11186,2024-01-02T07:04:10,0.102675,0.408224,0.17408,21.13,35.71,LPG,4321.44,unsafe
11187,2024-01-02T07:04:20,1.70634,1.300905,0.942296,35.05,69.3,CleanAir,0.0,safe
11188,2024-01-02T07:04:30,1.740691,1.269925,0.914183,36.98,79.58,CleanAir,0.0,safe
11189,2024-01-02T07:04:40,0.6344,0.301489,0.012861,31.58,37.29,LPG,1652.6,unsafe
11190,2024-01-02T07:04:50,0.391158,0.006431,0.003249,13.83,87.97,Smoke,286.55,unsafe
11191,2024-01-02T07:05:00,1.725367,1.270862,0.899349,15.22,61.64,CleanAir,0.0,safe
11192,2024-01-02T07:05:10,1.753164,1.301018,0.929467,13.83,40.71,CleanAir,0.0,safe
11193,2024-01-02T07:05:20,1.725882,1.293397,0.938092,37.23,77.22,CleanAir,0.0,safe
11194,2024-01-02T07:05:30,0.044544,0.20732,0.138576,14.9,84.83,Propane,1219.41,unsafe
11195,2024-01-02T07:05:40,0.37333,0.009605,0.146762,24.43,52.56,Alcohol,844.27,safe
11196,2024-01-02T07:05:50,0.902182,0.131963,0.029213,39.34,89.98,Methane,19708.24,unsafe
11197,2024-01-02T07:06:00,1.763776,1.343788,0.958751,35.6,45.8,CleanAir,0.0,safe
11198,2024-01-02T07:06:10,0.319863,0.335144,0.322896,35.8,80.61,Hydrogen,7826.87,safe
11199,2024-01-02T07:06:20,0.769635,0.682305,0.032325,35.86,51.53,Methane,8572.91,unsafe
11200,2024-01-02T07:06:30,0.045622,0.223761,0.166467,26.45,80.1,Smoke,817.36,unsafe
11201,2024-01-02T07:06:40,0.651869,0.308448,0.01302,10.24,68.37,LPG,2375.76,unsafe
11202,2024-01-02T07:06:50,1.719675,1.270388,0.926379,18.82,44.82,CleanAir,0.0,safe
11203,2024-01-02T07:07:00,0.27265,0.092645,0.185735,31.24,37.54,Methane,10836.44,unsafe
11204,2024-01-02T07:07:10,0.171064,0.084633,0.0,35.1,89.13,Smoke,48.91,safe
11205,2024-01-02T07:07:20,1.781291,1.362707,0.974089,38.16,34.95,CleanAir,0.0,safe
11206,2024-01-02T07:07:30,0.387514,0.331188,0.121719,35.14,34.0,CO,1103.85,unsafe
11207,2024-01-02T07:07:40,0.880371,0.787014,0.042134,16.15,42.13,Methane,15842.71,unsafe
11208,2024-01-02T07:07:50,0.437917,0.013038,0.143694,18.01,84.94,Hydrogen,985.31,safe
11209,2024-01-02T07:08:00,1.712028,1.246975,0.884192,18.11,89.76,CleanAir,0.0,safe
11210,2024-01-02T07:08:10,0.335766,0.158464,0.006394,31.71,44.21,Alcohol,522.61,safe
11211,2024-01-02T07:08:20,0.478601,0.190811,0.012927,16.6,89.75,Hydrogen,1353.26,safe
11212,2024-01-02T07:08:30,0.305661,0.006479,0.105988,19.81,76.17,Alcohol,485.37,safe
11213,2024-01-02T07:08:40,1.732959,1.255191,0.901474,11.55,55.5,CleanAir,0.0,safe
11214,2024-01-02T07:08:50,1.78231,1.334408,0.947801,33.31,49.9,CleanAir,0.0,safe
11215,2024-01-02T07:09:00,1.701638,1.262894,0.920918,18.54,67.68,CleanAir,0.0,safe
11216,2024-01-02T07:09:10,1.761539,1.306205,0.941404,22.14,49.49,CleanAir,0.0,safe
11217,2024-01-02T07:09:20,0.405696,0.187049,0.009809,30.67,46.29,Alcohol,1103.51,unsafe
11218,2024-01-02T07:09:30,0.409402,0.013277,0.012836,17.26,40.89,Alcohol,1235.57,unsafe
11219,2024-01-02T07:09:40,1.762199,1.296802,0.953479,31.15,52.86,CleanAir,0.0,safe
11220,2024-01-02T07:09:50,1.760257,1.30613,0.94526,27.27,43.06,CleanAir,0.0,safe
11221,2024-01-02T07:10:00,0.189474,0.399775,0.258187,35.03,66.71,Propane,6727.67,unsafe
11222,2024-01-02T07:10:10,1.790169,1.336675,0.981909,35.89,32.6,CleanAir,0.0,safe
11223,2024-01-02T07:10:20,0.678688,0.067983,0.148261,10.81,65.56,Methane,6476.06,unsafe
11224,2024-01-02T07:10:30,1.702814,1.263802,0.935268,27.8,57.1,CleanAir,0.0,safe
11225,2024-01-02T07:10:40,1.776263,1.301483,0.946834,19.14,39.25,CleanAir,0.0,safe
11226,2024-01-02T07:10:50,0.655086,0.028719,0.244457,36.16,60.82,Hydrogen,2961.34,safe
11227,2024-01-02T07:11:00,0.649391,0.016108,0.171873,32.91,52.63,Smoke,720.42,unsafe
11228,2024-01-02T07:11:10,0.012911,0.197989,0.084521,34.0,71.17,CO,431.69,unsafe
11229,2024-01-02T07:11:20,0.358154,0.319918,0.009533,20.72,70.31,CO,1321.53,unsafe
11230,2024-01-02T07:11:30,1.773532,1.284566,0.939853,30.87,56.54,CleanAir,0.0,safe
11231,2024-01-02T07:11:40,1.711701,1.222897,0.900233,10.27,77.27,CleanAir,0.0,safe
11232,2024-01-02T07:11:50,1.725536,1.242636,0.912027,11.33,53.32,CleanAir,0.0,safe
11233,2024-01-02T07:12:00,1.74149,1.289071,0.937178,25.94,58.37,CleanAir,0.0,safe
11234,2024-01-02T07:12:10,0.593862,0.276361,0.122034,12.96,82.45,LPG,1858.72,unsafe
11235,2024-01-02T07:12:20,1.735315,1.266562,0.930736,24.66,70.15,CleanAir,0.0,safe
11236,2024-01-02T07:12:30,0.654732,0.035649,0.226239,21.22,65.03,Hydrogen,3074.01,safe
11237,2024-01-02T07:12:40,1.010465,0.042285,0.227013,22.18,70.38,Propane,4717.35,unsafe
11238,2024-01-02T07:12:50,0.406443,0.18303,0.167147,38.47,62.47,Alcohol,1137.23,unsafe
11239,2024-01-02T07:13:00,0.575532,0.195385,0.146979,24.95,84.77,Smoke,618.49,unsafe
11240,2024-01-02T07:13:10,1.761074,1.338306,0.962153,26.1,30.67,CleanAir,0.0,safe
11241,2024-01-02T07:13:20,1.763753,1.27492,0.941443,21.56,43.2,CleanAir,0.0,safe
11242,2024-01-02T07:13:30,0.369946,0.156461,0.120331,26.42,59.74,Hydrogen,480.29,safe
11243,2024-01-02T07:13:40,0.067714,0.02602,0.137683,14.66,40.87,LPG,1920.91,unsafe
11244,2024-01-02T07:13:50,0.658335,0.032384,0.142822,35.25,31.14,LPG,1768.13,unsafe
11245,2024-01-02T07:14:00,0.328555,0.258928,0.102311,20.47,55.81,CO,763.79,unsafe
11246,2024-01-02T07:14:10,0.003152,0.079797,0.039396,19.82,35.22,Smoke,35.5,safe
11247,2024-01-02T07:14:20,0.119676,0.565892,0.144653,10.89,89.71,Methane,7305.91,unsafe
11248,2024-01-02T07:14:30,1.737241,1.259723,0.925942,26.27,57.0,CleanAir,0.0,safe
11249,2024-01-02T07:14:40,1.743049,1.299858,0.949304,20.34,38.09,CleanAir,0.0,safe
11250,2024-01-02T07:14:50,0.055752,0.304854,0.13326,28.28,78.5,LPG,2162.17,unsafe
11251,2024-01-02T07:15:00,0.006396,0.003183,0.067536,10.89,53.3,Smoke,113.03,unsafe
11252,2024-01-02T07:15:10,1.738104,1.262881,0.924147,11.01,44.61,CleanAir,0.0,safe
11253,2024-01-02T07:15:20,1.733873,1.270832,0.920666,21.92,54.03,CleanAir,0.0,safe
11254,2024-01-02T07:15:30,0.233727,0.368722,0.248385,31.35,36.22,Propane,4933.25,unsafe
11255,2024-01-02T07:15:40,1.754367,1.314415,0.972659,32.86,47.86,CleanAir,0.0,safe
11256,2024-01-02T07:15:50,1.75357,1.303819,0.950756,36.34,65.8,CleanAir,0.0,safe
11257,2024-01-02T07:16:00,0.657927,0.22757,0.148288,29.72,86.67,Propane,1391.31,unsafe
11258,2024-01-02T07:16:10,1.697673,1.237578,0.878091,13.48,87.66,CleanAir,0.0,safe
11259,2024-01-02T07:16:20,1.71553,1.271008,0.914247,32.96,87.08,CleanAir,0.0,safe
11260,2024-01-02T07:16:30,0.238597,0.006345,0.068745,18.49,76.66,CO,224.95,unsafe
11261,2024-01-02T07:16:40,1.71586,1.268937,0.900266,25.28,89.39,CleanAir,0.0,safe
11262,2024-01-02T07:16:50,1.771821,1.285104,0.937972,20.82,35.31,CleanAir,0.0,safe
11263,2024-01-02T07:17:00,1.735176,1.273978,0.917462,22.48,62.54,CleanAir,0.0,safe
11264,2024-01-02T07:17:10,0.041904,0.214329,0.162982,28.07,47.9,Smoke,635.49,unsafe
11265,2024-01-02T07:17:20,0.430752,0.015976,0.193072,33.11,80.42,Alcohol,1748.66,unsafe
11266,2024-01-02T07:17:30,0.377539,0.009721,0.122737,22.99,69.85,Hydrogen,565.82,safe
11267,2024-01-02T07:17:40,1.734496,1.289629,0.909723,24.61,56.11,CleanAir,0.0,safe
11268,2024-01-02T07:17:50,1.745045,1.255783,0.903408,21.58,83.48,CleanAir,0.0,safe
11269,2024-01-02T07:18:00,1.711685,1.249496,0.912508,22.78,67.3,CleanAir,0.0,safe
11270,2024-01-02T07:18:10,0.669229,0.23402,0.009693,15.81,34.54,Propane,1210.41,unsafe
11271,2024-01-02T07:18:20,1.771572,1.31806,0.950335,29.29,44.89,CleanAir,0.0,safe
11272,2024-01-02T07:18:30,1.764212,1.266537,0.926204,31.37,81.23,CleanAir,0.0,safe
11273,2024-01-02T07:18:40,1.702649,1.258218,0.917862,26.42,73.11,CleanAir,0.0,safe
11274,2024-01-02T07:18:50,1.706966,1.245193,0.890072,13.86,81.88,CleanAir,0.0,safe
11275,2024-01-02T07:19:00,0.246797,0.003207,0.003268,31.06,72.96,Alcohol,180.68,safe
11276,2024-01-02T07:19:10,0.823992,0.735032,0.187398,31.4,30.82,Methane,10168.23,unsafe
11277,2024-01-02T07:19:20,1.00736,0.054551,0.227162,34.89,72.84,Propane,4234.2,unsafe
11278,2024-01-02T07:19:30,0.783095,0.371084,0.166076,31.15,35.91,LPG,3058.99,unsafe
11279,2024-01-02T07:19:40,0.834792,0.032078,0.184705,28.02,54.94,Propane,2322.1,unsafe
11280,2024-01-02T07:19:50,0.529226,0.193411,0.006517,39.46,59.2,Smoke,443.79,unsafe
11281,2024-01-02T07:20:00,1.804816,1.323486,0.956489,18.76,31.52,CleanAir,0.0,safe
11282,2024-01-02T07:20:10,1.718281,1.267527,0.907481,25.97,78.21,CleanAir,0.0,safe
11283,2024-01-02T07:20:20,0.53256,0.187325,0.134139,23.42,60.72,Smoke,466.53,unsafe
11284,2024-01-02T07:20:30,1.702502,1.266565,0.903838,31.42,89.28,CleanAir,0.0,safe
11285,2024-01-02T07:20:40,0.087164,0.398232,0.169254,26.67,37.44,LPG,3666.61,unsafe
11286,2024-01-02T07:20:50,1.747979,1.323874,0.938779,20.3,48.06,CleanAir,0.0,safe
11287,2024-01-02T07:21:00,1.772419,1.316062,0.961648,37.93,52.3,CleanAir,0.0,safe
11288,2024-01-02T07:21:10,1.731194,1.247294,0.894821,16.65,76.48,CleanAir,0.0,safe
11289,2024-01-02T07:21:20,1.734388,1.285219,0.908482,11.57,60.37,CleanAir,0.0,safe
11290,2024-01-02T07:21:30,0.118231,0.294285,0.262907,22.45,39.46,Hydrogen,3872.68,safe
11291,2024-01-02T07:21:40,0.875718,0.306208,0.197268,36.53,35.53,Propane,2302.9,unsafe
11292,2024-01-02T07:21:50,0.263867,0.15693,0.003173,37.52,70.82,CO,236.69,unsafe
11293,2024-01-02T07:22:00,1.74012,1.292045,0.917272,25.99,60.77,CleanAir,0.0,safe
11294,2024-01-02T07:22:10,1.710576,1.281536,0.88501,25.94,86.84,CleanAir,0.0,safe
11295,2024-01-02T07:22:20,0.373451,0.820878,0.202336,37.03,65.16,Methane,16571.9,unsafe
11296,2024-01-02T07:22:30,1.752449,1.304128,0.943577,20.04,53.29,CleanAir,0.0,safe
11297,2024-01-02T07:22:40,0.902005,0.843921,0.209972,33.69,41.73,Methane,17120.99,unsafe
11298,2024-01-02T07:22:50,0.47237,0.199029,0.158772,13.02,75.35,Hydrogen,1260.64,safe
11299,2024-01-02T07:23:00,0.41011,0.186401,0.176863,24.65,67.7,Alcohol,1378.61,unsafe
11300,2024-01-02T07:23:10,0.015511,0.21518,0.00322,28.86,65.76,CO,466.27,unsafe
11301,2024-01-02T07:23:20,0.041776,0.21625,0.165471,16.5,70.84,Smoke,772.25,unsafe
11302,2024-01-02T07:23:30,1.709679,1.270312,0.908598,28.55,79.8,CleanAir,0.0,safe
11303,2024-01-02T07:23:40,0.012799,0.138268,0.095196,32.23,46.84,Alcohol,299.33,safe
11304,2024-01-02T07:23:50,0.312912,0.261457,0.006464,13.93,83.6,CO,881.31,unsafe
11305,2024-01-02T07:24:00,0.044684,0.214865,0.16098,10.98,58.68,Smoke,749.09,unsafe
11306,2024-01-02T07:24:10,1.74929,1.266954,0.912898,29.96,88.6,CleanAir,0.0,safe
11307,2024-01-02T07:24:20,0.012999,0.162663,0.083719,23.79,30.1,LPG,285.74,safe
11308,2024-01-02T07:24:30,1.770768,1.297835,0.933315,33.24,66.76,CleanAir,0.0,safe
11309,2024-01-02T07:24:40,1.036026,0.359678,0.232058,14.86,50.02,Propane,4847.75,unsafe
11310,2024-01-02T07:24:50,0.355183,0.009631,0.140246,16.49,32.11,Alcohol,690.44,safe
11311,2024-01-02T07:25:00,1.692923,1.237348,0.895508,11.47,72.9,CleanAir,0.0,safe
11312,2024-01-02T07:25:10,1.747463,1.342216,0.974894,31.73,39.53,CleanAir,0.0,safe
11313,2024-01-02T07:25:20,1.695746,1.249918,0.918264,19.21,83.1,CleanAir,0.0,safe
11314,2024-01-02T07:25:30,0.070505,0.016452,0.156873,11.05,59.74,Propane,1587.76,unsafe
11315,2024-01-02T07:25:40,0.386888,0.035485,0.009626,22.43,80.65,CO,1877.26,unsafe
11316,2024-01-02T07:25:50,1.766277,1.299013,0.946223,17.97,35.13,CleanAir,0.0,safe
11317,2024-01-02T07:26:00,0.290232,0.138771,0.104529,14.31,65.44,Alcohol,406.52,safe
11318,2024-01-02T07:26:10,0.37272,0.356192,0.012933,17.23,47.05,CO,1474.82,unsafe
11319,2024-01-02T07:26:20,0.71425,0.061349,0.162893,38.54,54.35,Methane,5793.44,unsafe
11320,2024-01-02T07:26:30,0.892181,0.831557,0.028752,23.16,78.41,Methane,19921.02,unsafe
11321,2024-01-02T07:26:40,0.791391,0.382196,0.01954,37.31,88.76,LPG,3880.71,unsafe
11322,2024-01-02T07:26:50,0.390425,0.034946,0.137833,20.24,40.78,CO,1693.22,unsafe
11323,2024-01-02T07:27:00,1.709289,1.284861,0.900913,21.82,88.43,CleanAir,0.0,safe
11324,2024-01-02T07:27:10,1.694415,1.268753,0.893641,11.03,81.01,CleanAir,0.0,safe
11325,2024-01-02T07:27:20,0.16174,0.116893,0.169857,17.79,31.23,Methane,7485.74,unsafe
11326,2024-01-02T07:27:30,0.739898,0.032595,0.016194,10.73,49.9,LPG,3201.12,unsafe
11327,2024-01-02T07:27:40,0.06436,0.230944,0.180211,13.76,35.18,Smoke,827.16,unsafe
11328,2024-01-02T07:27:50,0.457901,0.215857,0.200914,36.8,39.63,Alcohol,1575.04,unsafe
11329,2024-01-02T07:28:00,1.737244,1.302193,0.924757,31.79,76.22,CleanAir,0.0,safe
11330,2024-01-02T07:28:10,0.738706,0.04819,0.012784,21.93,37.0,LPG,2869.99,unsafe
11331,2024-01-02T07:28:20,0.985541,0.032122,0.019526,23.68,86.86,Propane,4495.61,unsafe
11332,2024-01-02T07:28:30,0.210449,0.003245,0.061623,37.55,55.09,Alcohol,102.99,safe
11333,2024-01-02T07:28:40,0.035333,0.18967,0.176398,39.02,69.69,Alcohol,1278.12,unsafe
11334,2024-01-02T07:28:50,1.752206,1.308113,0.946594,17.7,33.41,CleanAir,0.0,safe
11335,2024-01-02T07:29:00,0.269061,0.009754,0.003226,12.56,36.51,CO,331.83,unsafe
11336,2024-01-02T07:29:10,1.773899,1.316426,0.971571,22.73,39.66,CleanAir,0.0,safe
11337,2024-01-02T07:29:20,0.719636,0.627571,0.163105,20.23,52.38,Methane,7773.91,unsafe
11338,2024-01-02T07:29:30,1.695153,1.244551,0.885359,20.96,88.33,CleanAir,0.0,safe
11339,2024-01-02T07:29:40,1.733,1.280555,0.948052,27.64,65.74,CleanAir,0.0,safe
11340,2024-01-02T07:29:50,0.114326,0.590847,0.16117,37.25,50.46,Methane,5698.47,unsafe
11341,2024-01-02T07:30:00,0.212638,0.003163,0.003215,22.7,79.75,CO,141.28,unsafe
11342,2024-01-02T07:30:10,0.323144,0.01623,0.106621,10.94,68.59,CO,966.02,unsafe
11343,2024-01-02T07:30:20,1.733235,1.297675,0.951814,27.32,46.91,CleanAir,0.0,safe
11344,2024-01-02T07:30:30,0.37284,0.369319,0.128786,23.07,80.91,CO,1830.44,unsafe
11345,2024-01-02T07:30:40,0.792247,0.279531,0.013124,37.24,73.51,Propane,2154.08,unsafe
11346,2024-01-02T07:30:50,1.771056,1.335332,0.945351,28.3,41.03,CleanAir,0.0,safe
11347,2024-01-02T07:31:00,0.344197,0.162664,0.133051,24.21,55.5,Alcohol,669.5,safe
11348,2024-01-02T07:31:10,0.221565,0.139525,0.183372,14.99,73.58,Methane,16739.11,unsafe
11349,2024-01-02T07:31:20,0.670524,0.228919,0.179544,22.28,41.1,Smoke,795.44,unsafe
11350,2024-01-02T07:31:30,1.73807,1.32698,0.972254,37.66,41.94,CleanAir,0.0,safe
11351,2024-01-02T07:31:40,1.791267,1.333698,0.984414,36.52,31.28,CleanAir,0.0,safe
11352,2024-01-02T07:31:50,0.252144,0.112465,0.064009,32.98,77.64,Smoke,103.59,unsafe
11353,2024-01-02T07:32:00,1.648938,1.238992,0.869648,11.97,85.7,CleanAir,0.0,safe
11354,2024-01-02T07:32:10,0.834622,0.290261,0.19017,34.97,61.28,Propane,2329.17,unsafe
11355,2024-01-02T07:32:20,1.724283,1.276634,0.916513,31.41,86.12,CleanAir,0.0,safe
11356,2024-01-02T07:32:30,0.142801,0.814675,0.19436,25.63,75.95,Methane,19658.14,unsafe
11357,2024-01-02T07:32:40,0.079704,0.540082,0.146828,16.86,84.33,Methane,6006.44,unsafe
11358,2024-01-02T07:32:50,1.73858,1.314547,0.951781,30.93,42.23,CleanAir,0.0,safe
11359,2024-01-02T07:33:00,0.38787,0.013141,0.012683,17.34,62.24,Alcohol,1186.49,unsafe
11360,2024-01-02T07:33:10,1.729546,1.285291,0.919768,28.44,75.59,CleanAir,0.0,safe
11361,2024-01-02T07:33:20,0.839372,0.151036,0.183906,12.92,43.25,Methane,13696.95,unsafe
11362,2024-01-02T07:33:30,1.692124,1.243135,0.879567,25.04,87.41,CleanAir,0.0,safe
11363,2024-01-02T07:33:40,0.715806,0.016381,0.194746,23.08,34.41,Smoke,948.2,unsafe
11364,2024-01-02T07:33:50,0.422275,0.192091,0.016354,24.93,37.45,Alcohol,1362.5,unsafe
11365,2024-01-02T07:34:00,0.930512,0.04781,0.01914,10.75,64.76,Propane,3884.36,unsafe
11366,2024-01-02T07:34:10,1.723147,1.302614,0.920255,14.48,45.29,CleanAir,0.0,safe
11367,2024-01-02T07:34:20,0.468276,0.208771,0.012829,39.89,47.44,Alcohol,1720.61,unsafe
11368,2024-01-02T07:34:30,0.849893,0.782223,0.190692,23.95,31.01,Methane,13940.57,unsafe
11369,2024-01-02T07:34:40,0.932503,0.045159,0.201102,34.71,83.86,Propane,3408.38,unsafe
11370,2024-01-02T07:34:50,0.832218,0.128799,0.181691,11.52,61.02,Methane,15173.6,unsafe
11371,2024-01-02T07:35:00,1.760128,1.297968,0.939072,33.43,48.57,CleanAir,0.0,safe
11372,2024-01-02T07:35:10,0.545525,0.19255,0.138881,39.08,84.77,Smoke,527.99,unsafe
11373,2024-01-02T07:35:20,1.734254,1.273112,0.906913,10.94,48.93,CleanAir,0.0,safe
11374,2024-01-02T07:35:30,1.721427,1.285227,0.91815,30.49,69.17,CleanAir,0.0,safe
11375,2024-01-02T07:35:40,1.790326,1.324069,0.993382,39.83,35.01,CleanAir,0.0,safe
11376,2024-01-02T07:35:50,0.180199,0.336019,0.217709,27.42,53.35,Propane,3999.63,unsafe
11377,2024-01-02T07:36:00,1.72729,1.274101,0.920591,28.97,76.23,CleanAir,0.0,safe
11378,2024-01-02T07:36:10,0.227598,0.666636,0.169842,25.61,39.21,Methane,8534.78,unsafe
11379,2024-01-02T07:36:20,1.758568,1.305908,0.93921,27.09,48.48,CleanAir,0.0,safe
11380,2024-01-02T07:36:30,1.753211,1.295443,0.945477,23.31,41.06,CleanAir,0.0,safe
11381,2024-01-02T07:36:40,1.718634,1.267138,0.911674,32.34,80.78,CleanAir,0.0,safe
11382,2024-01-02T07:36:50,0.302742,0.240321,0.003309,29.06,60.25,CO,624.46,unsafe
11383,2024-01-02T07:37:00,1.77158,1.292863,0.925174,35.3,67.73,CleanAir,0.0,safe
11384,2024-01-02T07:37:10,0.651204,0.227589,0.176117,26.16,43.6,Smoke,772.12,unsafe
11385,2024-01-02T07:37:20,0.186198,0.003245,0.04756,32.23,56.2,CO,57.51,unsafe
11386,2024-01-02T07:37:30,0.003252,0.07792,0.048273,19.36,87.87,CO,67.96,unsafe
11387,2024-01-02T07:37:40,0.038765,0.250427,0.117539,19.02,56.16,LPG,1214.68,unsafe
11388,2024-01-02T07:37:50,1.673957,1.28963,0.914544,11.23,49.84,CleanAir,0.0,safe
11389,2024-01-02T07:38:00,0.283127,0.210655,0.087302,11.74,87.04,CO,603.66,unsafe
11390,2024-01-02T07:38:10,0.025306,0.236426,0.003253,17.99,72.15,CO,668.94,unsafe
11391,2024-01-02T07:38:20,1.744365,1.338334,0.954407,32.01,38.97,CleanAir,0.0,safe
11392,2024-01-02T07:38:30,0.070249,0.253155,0.018981,29.9,75.22,Hydrogen,2938.37,safe
11393,2024-01-02T07:38:40,0.609466,0.250004,0.214607,38.85,85.7,Hydrogen,2616.15,safe
11394,2024-01-02T07:38:50,0.458653,0.20784,0.022433,39.75,36.16,Alcohol,1664.93,unsafe
11395,2024-01-02T07:39:00,1.708275,1.292546,0.924658,24.81,60.74,CleanAir,0.0,safe
11396,2024-01-02T07:39:10,0.38518,0.363525,0.133422,19.1,38.51,CO,1605.26,unsafe
11397,2024-01-02T07:39:20,0.71534,0.032231,0.009559,27.98,64.99,LPG,2850.79,unsafe
11398,2024-01-02T07:39:30,0.070637,0.240935,0.208299,25.67,54.57,Hydrogen,2271.67,safe
11399,2024-01-02T07:39:40,0.071922,0.5583,0.150453,10.08,41.86,Methane,5692.54,unsafe
11400,2024-01-02T07:39:50,1.772982,1.31601,0.943319,25.62,35.81,CleanAir,0.0,safe
11401,2024-01-02T07:40:00,0.930095,0.855337,0.206427,27.09,42.7,Methane,19555.45,unsafe
11402,2024-01-02T07:40:10,0.304511,0.215852,0.093086,26.96,38.3,CO,459.06,unsafe
11403,2024-01-02T07:40:20,0.365389,0.00992,0.138814,11.63,34.79,Alcohol,778.63,safe
11404,2024-01-02T07:40:30,0.769389,0.375131,0.157683,38.75,64.76,LPG,3293.69,unsafe
11405,2024-01-02T07:40:40,0.138203,0.309671,0.290983,34.63,35.68,Hydrogen,4665.83,safe
11406,2024-01-02T07:40:50,1.740034,1.297709,0.94283,21.24,38.09,CleanAir,0.0,safe
11407,2024-01-02T07:41:00,0.029319,0.009693,0.156583,11.52,34.44,Alcohol,1011.68,unsafe
11408,2024-01-02T07:41:10,0.022528,0.166959,0.106531,38.42,52.06,Propane,400.17,safe
11409,2024-01-02T07:41:20,1.717207,1.257815,0.865097,17.3,87.61,CleanAir,0.0,safe
11410,2024-01-02T07:41:30,0.563778,0.009484,0.142074,16.15,77.18,Smoke,605.41,unsafe
11411,2024-01-02T07:41:40,0.697464,0.239355,0.009712,35.73,31.55,Smoke,778.18,unsafe
11412,2024-01-02T07:41:50,1.697617,1.244186,0.872316,23.18,86.32,CleanAir,0.0,safe
11413,2024-01-02T07:42:00,1.720529,1.297343,0.909363,36.84,86.58,CleanAir,0.0,safe
11414,2024-01-02T07:42:10,1.740087,1.277317,0.939669,32.07,68.11,CleanAir,0.0,safe
11415,2024-01-02T07:42:20,1.735409,1.266893,0.940688,37.01,71.58,CleanAir,0.0,safe
11416,2024-01-02T07:42:30,1.753558,1.267935,0.948172,11.48,40.2,CleanAir,0.0,safe
11417,2024-01-02T07:42:40,0.047794,0.028907,0.12,18.23,70.64,CO,1471.82,unsafe
11418,2024-01-02T07:42:50,0.341868,0.016253,0.10867,29.42,44.29,CO,771.08,unsafe
11419,2024-01-02T07:43:00,0.052046,0.231712,0.009804,35.7,66.09,Smoke,890.48,unsafe
11420,2024-01-02T07:43:10,0.617719,0.013031,0.009736,30.82,47.26,Smoke,662.31,unsafe
11421,2024-01-02T07:43:20,1.703765,1.273949,0.932859,37.71,75.36,CleanAir,0.0,safe
11422,2024-01-02T07:43:30,1.726574,1.284575,0.937247,36.59,71.9,CleanAir,0.0,safe
11423,2024-01-02T07:43:40,1.757328,1.298308,0.945746,33.78,58.64,CleanAir,0.0,safe
11424,2024-01-02T07:43:50,0.291341,0.135392,0.098118,34.12,85.04,Alcohol,372.04,safe
11425,2024-01-02T07:44:00,0.346664,0.279493,0.110336,38.5,87.89,CO,915.02,unsafe
11426,2024-01-02T07:44:10,1.776466,1.317196,0.973029,22.45,30.63,CleanAir,0.0,safe
11427,2024-01-02T07:44:20,0.754307,0.350814,0.012739,12.6,57.61,LPG,3299.54,unsafe
11428,2024-01-02T07:44:30,1.759463,1.317418,0.964797,32.63,37.36,CleanAir,0.0,safe
11429,2024-01-02T07:44:40,0.854061,0.406974,0.176698,27.17,56.43,LPG,4761.61,unsafe
11430,2024-01-02T07:44:50,1.74205,1.294728,0.923373,27.5,71.14,CleanAir,0.0,safe
11431,2024-01-02T07:45:00,0.795474,0.700749,0.178989,36.17,77.09,Methane,10863.81,unsafe
11432,2024-01-02T07:45:10,0.56084,0.201044,0.006417,22.63,33.56,Smoke,521.32,unsafe
11433,2024-01-02T07:45:20,0.548164,0.206497,0.130178,39.42,34.14,Propane,660.91,safe
11434,2024-01-02T07:45:30,0.280956,0.732368,0.035433,30.87,33.36,Methane,10795.11,unsafe
11435,2024-01-02T07:45:40,0.460927,0.0689,0.163922,35.71,73.1,CO,3816.27,unsafe
11436,2024-01-02T07:45:50,0.844141,0.760024,0.0389,39.71,42.46,Methane,11649.32,unsafe
11437,2024-01-02T07:46:00,0.045297,0.195274,0.006533,19.27,86.68,Smoke,630.1,unsafe
11438,2024-01-02T07:46:10,1.73829,1.242377,0.916546,11.97,57.04,CleanAir,0.0,safe
11439,2024-01-02T07:46:20,0.636292,0.051057,0.012978,12.91,74.48,Methane,5498.15,unsafe
11440,2024-01-02T07:46:30,0.025431,0.298886,0.117123,30.85,45.77,CO,940.87,unsafe
11441,2024-01-02T07:46:40,1.78748,1.304649,0.936517,36.7,63.29,CleanAir,0.0,safe
11442,2024-01-02T07:46:50,0.500265,0.00959,0.006435,36.88,31.31,Smoke,369.76,unsafe
11443,2024-01-02T07:47:00,0.339648,0.286402,0.115266,29.14,57.86,CO,958.77,unsafe
11444,2024-01-02T07:47:10,1.767212,1.322298,0.992935,38.95,30.97,CleanAir,0.0,safe
11445,2024-01-02T07:47:20,1.751348,1.304909,0.932835,23.55,43.56,CleanAir,0.0,safe
11446,2024-01-02T07:47:30,1.746478,1.314365,0.970248,37.38,52.64,CleanAir,0.0,safe
11447,2024-01-02T07:47:40,0.37079,0.35469,0.122266,30.84,86.17,CO,1642.57,unsafe
11448,2024-01-02T07:47:50,1.741497,1.311689,0.951235,36.18,41.37,CleanAir,0.0,safe
11449,2024-01-02T07:48:00,1.728869,1.29925,0.922694,11.05,33.67,CleanAir,0.0,safe
11450,2024-01-02T07:48:10,1.6648,1.223531,0.888253,11.51,76.27,CleanAir,0.0,safe
11451,2024-01-02T07:48:20,0.726983,0.032281,0.154819,31.97,45.59,LPG,2660.08,unsafe
11452,2024-01-02T07:48:30,0.59161,0.009569,0.151466,20.12,52.28,Smoke,604.66,unsafe
11453,2024-01-02T07:48:40,0.862377,0.798874,0.064278,10.6,65.69,Methane,18022.13,unsafe
11454,2024-01-02T07:48:50,0.088774,0.642187,0.028973,12.75,32.23,Methane,8207.36,unsafe
11455,2024-01-02T07:49:00,1.744207,1.321876,0.963464,28.32,30.47,CleanAir,0.0,safe
11456,2024-01-02T07:49:10,0.357881,0.144346,0.003178,10.03,79.78,Smoke,253.59,unsafe
11457,2024-01-02T07:49:20,0.507658,0.016127,0.012987,14.12,54.61,Hydrogen,1542.1,safe
11458,2024-01-02T07:49:30,0.101619,0.332346,0.15091,39.81,32.94,LPG,2024.86,unsafe
11459,2024-01-02T07:49:40,1.747357,1.283115,0.946955,32.17,60.11,CleanAir,0.0,safe
11460,2024-01-02T07:49:50,1.72849,1.229306,0.893019,20.49,86.51,CleanAir,0.0,safe
11461,2024-01-02T07:50:00,0.804226,0.093626,0.175392,18.36,58.75,Methane,11803.74,unsafe
11462,2024-01-02T07:50:10,0.365735,0.169218,0.012953,11.85,37.35,Alcohol,889.38,safe
11463,2024-01-02T07:50:20,1.729654,1.273428,0.932253,13.52,39.48,CleanAir,0.0,safe
11464,2024-01-02T07:50:30,1.710892,1.24599,0.91356,11.74,49.7,CleanAir,0.0,safe
11465,2024-01-02T07:50:40,0.150656,0.369116,0.1609,31.97,64.73,LPG,3562.98,unsafe
11466,2024-01-02T07:50:50,1.713891,1.230307,0.89342,27.1,79.27,CleanAir,0.0,safe
11467,2024-01-02T07:51:00,0.831485,0.135846,0.186609,27.97,43.02,Methane,11699.91,unsafe
11468,2024-01-02T07:51:10,0.791216,0.389485,0.170343,33.36,34.32,LPG,3342.86,unsafe
11469,2024-01-02T07:51:20,0.832787,0.413319,0.171398,26.95,43.79,LPG,4300.38,unsafe
11470,2024-01-02T07:51:30,0.063086,0.026046,0.238475,11.15,51.49,Hydrogen,3495.27,safe
11471,2024-01-02T07:51:40,1.716193,1.289769,0.915787,20.14,55.11,CleanAir,0.0,safe
11472,2024-01-02T07:51:50,0.393988,0.182786,0.009626,28.1,56.42,Alcohol,1195.27,unsafe
11473,2024-01-02T07:52:00,0.766719,0.2767,0.016234,11.87,33.0,Propane,2065.65,unsafe
11474,2024-01-02T07:52:10,0.081552,0.27898,0.182701,19.57,34.49,Propane,2220.6,unsafe
11475,2024-01-02T07:52:20,1.713407,1.300645,0.924444,37.18,67.91,CleanAir,0.0,safe
11476,2024-01-02T07:52:30,1.707456,1.233987,0.891254,22.12,86.8,CleanAir,0.0,safe
11477,2024-01-02T07:52:40,1.736698,1.245578,0.908362,21.71,79.25,CleanAir,0.0,safe
11478,2024-01-02T07:52:50,0.858661,0.42153,0.025943,38.04,84.54,LPG,4955.79,unsafe
11479,2024-01-02T07:53:00,1.70934,1.298721,0.939876,25.91,45.24,CleanAir,0.0,safe
11480,2024-01-02T07:53:10,1.68638,1.26334,0.90435,18.23,57.35,CleanAir,0.0,safe
11481,2024-01-02T07:53:20,1.763135,1.310349,0.91184,19.04,39.87,CleanAir,0.0,safe
11482,2024-01-02T07:53:30,0.742681,0.359801,0.016182,13.89,87.29,LPG,4004.02,unsafe
11483,2024-01-02T07:53:40,0.572951,0.012876,0.149094,16.52,36.3,Smoke,569.48,unsafe
11484,2024-01-02T07:53:50,0.376121,0.171869,0.154398,13.48,46.53,Alcohol,1054.58,unsafe
11485,2024-01-02T07:54:00,0.261087,0.166666,0.076333,14.86,48.54,CO,294.75,unsafe
11486,2024-01-02T07:54:10,1.715601,1.276903,0.923246,30.24,67.1,CleanAir,0.0,safe
11487,2024-01-02T07:54:20,0.362695,0.009644,0.006511,39.17,36.33,Alcohol,650.44,safe
11488,2024-01-02T07:54:30,0.32365,0.27092,0.006526,35.25,80.24,CO,868.92,unsafe
11489,2024-01-02T07:54:40,1.748453,1.304213,0.933672,37.15,51.14,CleanAir,0.0,safe
11490,2024-01-02T07:54:50,0.4646,0.022255,0.212585,30.66,36.45,Alcohol,1808.09,unsafe
11491,2024-01-02T07:55:00,1.665763,1.217467,0.869787,11.44,84.88,CleanAir,0.0,safe
11492,2024-01-02T07:55:10,0.240564,0.412566,0.176647,23.07,40.87,LPG,4589.44,unsafe
11493,2024-01-02T07:55:20,1.69897,1.264531,0.924428,14.2,53.55,CleanAir,0.0,safe
11494,2024-01-02T07:55:30,1.721028,1.284745,0.942505,21.29,33.95,CleanAir,0.0,safe
11495,2024-01-02T07:55:40,0.416381,0.163041,0.107312,28.79,37.37,Smoke,264.59,unsafe
11496,2024-01-02T07:55:50,0.554183,0.269929,0.12189,29.85,63.63,LPG,1388.37,unsafe
11497,2024-01-02T07:56:00,0.016047,0.013084,0.090696,12.9,74.06,CO,627.5,unsafe
11498,2024-01-02T07:56:10,0.110933,0.650734,0.167816,19.51,45.96,Methane,9222.18,unsafe
11499,2024-01-02T07:56:20,0.456406,0.022516,0.215224,34.98,45.45,Alcohol,1909.82,unsafe
11500,2024-01-02T07:56:30,1.757695,1.349484,0.957096,32.05,39.41,CleanAir,0.0,safe
11501,2024-01-02T07:56:40,1.771074,1.319429,0.966304,34.15,39.54,CleanAir,0.0,safe
11502,2024-01-02T07:56:50,0.006405,0.00323,0.0706,37.96,78.93,Alcohol,171.55,safe
11503,2024-01-02T07:57:00,0.427408,0.199455,0.013039,27.13,78.63,Alcohol,1894.37,unsafe
11504,2024-01-02T07:57:10,0.267208,0.006392,0.003236,23.59,77.33,LPG,229.08,safe
11505,2024-01-02T07:57:20,1.043846,0.368343,0.019318,35.19,57.68,Propane,4987.2,unsafe
11506,2024-01-02T07:57:30,0.656967,0.270342,0.242588,15.37,32.98,Hydrogen,3187.67,safe
11507,2024-01-02T07:57:40,0.093023,0.046229,0.031867,28.36,72.78,Hydrogen,4533.13,safe
11508,2024-01-02T07:57:50,0.339895,0.311543,0.009694,17.49,63.39,CO,1185.17,unsafe
11509,2024-01-02T07:58:00,0.022261,0.016321,0.009792,16.74,41.57,CO,994.98,unsafe
11510,2024-01-02T07:58:10,1.000099,0.351522,0.23033,22.56,34.11,Propane,4314.63,unsafe
11511,2024-01-02T07:58:20,1.720683,1.272021,0.922217,14.87,52.32,CleanAir,0.0,safe
11512,2024-01-02T07:58:30,1.70097,1.299995,0.92351,16.05,44.78,CleanAir,0.0,safe
11513,2024-01-02T07:58:40,0.689575,0.127768,0.159655,18.67,42.02,Methane,6441.78,unsafe
11514,2024-01-02T07:58:50,0.817876,0.763194,0.025826,23.63,53.08,Methane,14050.23,unsafe
11515,2024-01-02T07:59:00,0.319413,0.009571,0.00973,13.55,78.4,Alcohol,697.06,safe
11516,2024-01-02T07:59:10,0.570341,0.028965,0.202157,29.38,84.16,Hydrogen,2306.92,safe
11517,2024-01-02T07:59:20,1.672368,1.244747,0.877425,15.3,79.29,CleanAir,0.0,safe
11518,2024-01-02T07:59:30,0.301471,0.006519,0.006481,12.59,61.24,Alcohol,497.21,safe
11519,2024-01-02T07:59:40,1.669476,1.256212,0.886563,11.99,77.01,CleanAir,0.0,safe
11520,2024-01-02T07:59:50,0.834441,0.057766,0.179706,26.34,34.55,LPG,4640.85,unsafe
11521,2024-01-02T08:00:00,0.296447,0.229319,0.098065,39.53,67.43,CO,546.44,unsafe
11522,2024-01-02T08:00:10,0.324025,0.280329,0.106307,36.01,79.47,CO,886.61,unsafe
11523,2024-01-02T08:00:20,1.717251,1.302813,0.956029,36.46,48.55,CleanAir,0.0,safe
11524,2024-01-02T08:00:30,0.277579,0.137985,0.096285,29.72,41.13,Alcohol,305.32,safe
11525,2024-01-02T08:00:40,1.706303,1.336214,0.950196,24.83,42.39,CleanAir,0.0,safe
11526,2024-01-02T08:00:50,0.300157,0.130223,0.003223,21.74,67.54,Smoke,166.4,unsafe
11527,2024-01-02T08:01:00,1.671753,1.253178,0.908332,25.6,77.87,CleanAir,0.0,safe
11528,2024-01-02T08:01:10,0.190366,0.035679,0.159388,22.42,80.1,LPG,3978.17,unsafe
11529,2024-01-02T08:01:20,0.850645,0.295686,0.068295,28.87,69.59,Methane,17234.79,unsafe
11530,2024-01-02T08:01:30,0.320328,0.775932,0.026094,25.66,47.35,Methane,14245.77,unsafe
11531,2024-01-02T08:01:40,0.018978,0.17048,0.112822,34.59,36.75,Smoke,278.18,unsafe
11532,2024-01-02T08:01:50,0.120559,0.345586,0.2405,35.28,58.04,Propane,4367.6,unsafe
11533,2024-01-02T08:02:00,0.031899,0.206123,0.10031,20.18,67.2,LPG,727.96,safe
11534,2024-01-02T08:02:10,0.491978,0.236823,0.006453,39.15,79.71,LPG,966.86,safe
11535,2024-01-02T08:02:20,1.727647,1.345413,0.956139,32.6,42.14,CleanAir,0.0,safe
11536,2024-01-02T08:02:30,0.439583,0.202998,0.012737,34.9,75.29,Alcohol,1930.41,unsafe
11537,2024-01-02T08:02:40,0.512821,0.019379,0.117749,37.5,86.57,LPG,1163.66,unsafe
11538,2024-01-02T08:02:50,0.682158,0.238579,0.186763,37.05,67.37,Smoke,905.95,unsafe
11539,2024-01-02T08:03:00,0.038638,0.195712,0.184523,37.77,54.3,Alcohol,1427.97,unsafe
11540,2024-01-02T08:03:10,1.706521,1.280547,0.933091,14.99,38.07,CleanAir,0.0,safe
11541,2024-01-02T08:03:20,0.830061,0.042227,0.173269,20.77,63.55,LPG,4941.38,unsafe
11542,2024-01-02T08:03:30,0.609923,0.218945,0.165066,32.7,54.06,Smoke,658.23,unsafe
11543,2024-01-02T08:03:40,0.192735,0.294842,0.016184,15.41,42.89,Propane,2834.69,unsafe
11544,2024-01-02T08:03:50,0.042269,0.19593,0.192844,27.09,89.46,Alcohol,1891.5,unsafe
11545,2024-01-02T08:04:00,1.735454,1.300021,0.941218,32.94,64.43,CleanAir,0.0,safe
11546,2024-01-02T08:04:10,0.328721,0.263669,0.10913,37.68,40.67,CO,681.91,unsafe
11547,2024-01-02T08:04:20,1.747783,1.313916,0.966605,32.14,56.5,CleanAir,0.0,safe
11548,2024-01-02T08:04:30,1.732855,1.316236,0.94037,26.23,44.91,CleanAir,0.0,safe
11549,2024-01-02T08:04:40,0.292727,0.244054,0.097627,16.9,80.09,CO,722.61,unsafe
11550,2024-01-02T08:04:50,0.686985,0.601654,0.03244,20.67,32.84,Methane,6012.22,unsafe
11551,2024-01-02T08:05:00,0.2136,0.754383,0.18645,37.81,46.61,Methane,11254.53,unsafe
11552,2024-01-02T08:05:10,0.022586,0.270363,0.106011,11.15,31.75,CO,807.52,unsafe
11553,2024-01-02T08:05:20,1.738693,1.301408,0.969012,36.16,41.23,CleanAir,0.0,safe
11554,2024-01-02T08:05:30,1.690497,1.269022,0.915067,19.98,65.66,CleanAir,0.0,safe
11555,2024-01-02T08:05:40,0.345311,0.158357,0.130651,31.28,63.19,Alcohol,670.33,safe
11556,2024-01-02T08:05:50,0.7217,0.296593,0.045135,30.76,42.95,Hydrogen,4084.82,safe
11557,2024-01-02T08:06:00,0.156782,0.377881,0.156048,15.69,77.28,LPG,4036.78,unsafe
11558,2024-01-02T08:06:10,1.690929,1.268928,0.913691,17.63,72.41,CleanAir,0.0,safe
11559,2024-01-02T08:06:20,1.659571,1.269682,0.910338,26.58,88.86,CleanAir,0.0,safe
11560,2024-01-02T08:06:30,0.032503,0.339812,0.117302,18.88,70.39,CO,1441.14,unsafe
11561,2024-01-02T08:06:40,0.968051,0.029377,0.21964,37.06,78.4,Propane,4357.1,unsafe
11562,2024-01-02T08:06:50,0.287203,0.12443,0.003224,12.32,82.51,Smoke,158.66,unsafe
11563,2024-01-02T08:07:00,1.690086,1.302811,0.888514,11.86,56.74,CleanAir,0.0,safe
11564,2024-01-02T08:07:10,1.688944,1.282289,0.921014,38.11,81.09,CleanAir,0.0,safe
11565,2024-01-02T08:07:20,1.715367,1.308275,0.907294,19.55,58.75,CleanAir,0.0,safe
11566,2024-01-02T08:07:30,0.604292,0.025814,0.019172,37.45,84.92,Hydrogen,2693.05,safe
11567,2024-01-02T08:07:40,1.688962,1.25406,0.870388,13.44,78.62,CleanAir,0.0,safe
11568,2024-01-02T08:07:50,1.726113,1.323859,0.94127,24.81,40.28,CleanAir,0.0,safe
11569,2024-01-02T08:08:00,1.728145,1.295944,0.898806,26.7,70.05,CleanAir,0.0,safe
11570,2024-01-02T08:08:10,0.827392,0.41899,0.173525,20.04,33.96,LPG,4291.06,unsafe
11571,2024-01-02T08:08:20,1.720943,1.289658,0.91607,35.38,72.65,CleanAir,0.0,safe
11572,2024-01-02T08:08:30,0.705406,0.355392,0.154357,35.04,86.72,LPG,3220.47,unsafe
11573,2024-01-02T08:08:40,0.813648,0.743466,0.185506,25.43,33.61,Methane,11557.68,unsafe
11574,2024-01-02T08:08:50,0.193176,0.148544,0.182362,30.18,51.94,Methane,12738.57,unsafe
11575,2024-01-02T08:09:00,0.029219,0.315469,0.009581,26.86,43.98,CO,1007.23,unsafe
11576,2024-01-02T08:09:10,0.55089,0.275597,0.009711,33.11,39.03,LPG,1233.73,unsafe
11577,2024-01-02T08:09:20,1.671254,1.295605,0.89713,15.81,56.48,CleanAir,0.0,safe
11578,2024-01-02T08:09:30,0.10284,0.712732,0.022939,22.55,36.65,Methane,10583.55,unsafe
11579,2024-01-02T08:09:40,0.058939,0.215558,0.012883,21.15,48.1,Hydrogen,1489.43,safe
11580,2024-01-02T08:09:50,0.035719,0.206063,0.009646,12.37,47.98,Smoke,677.47,unsafe
11581,2024-01-02T08:10:00,1.705034,1.307283,0.928376,13.45,30.1,CleanAir,0.0,safe
11582,2024-01-02T08:10:10,1.670378,1.301729,0.867034,14.98,67.03,CleanAir,0.0,safe
11583,2024-01-02T08:10:20,1.750831,1.286799,0.930575,14.99,30.0,CleanAir,0.0,safe
11584,2024-01-02T08:10:30,0.601925,0.213947,0.159778,16.56,42.02,Smoke,681.61,unsafe
11585,2024-01-02T08:10:40,0.913193,0.32059,0.207787,32.85,61.18,Propane,3398.17,unsafe
11586,2024-01-02T08:10:50,1.685549,1.258855,0.91118,20.24,63.08,CleanAir,0.0,safe
11587,2024-01-02T08:11:00,1.683524,1.261116,0.896528,11.16,55.67,CleanAir,0.0,safe
11588,2024-01-02T08:11:10,1.663818,1.261701,0.88675,17.08,81.75,CleanAir,0.0,safe
11589,2024-01-02T08:11:20,1.700322,1.266497,0.893094,20.11,77.63,CleanAir,0.0,safe
11590,2024-01-02T08:11:30,0.697895,0.246272,0.187128,37.11,63.4,Smoke,926.92,unsafe
11591,2024-01-02T08:11:40,1.729866,1.291388,0.912155,38.95,80.14,CleanAir,0.0,safe
11592,2024-01-02T08:11:50,0.737458,0.080757,0.019288,22.92,39.16,Methane,8459.14,unsafe
11593,2024-01-02T08:12:00,1.70589,1.278537,0.891644,27.25,72.95,CleanAir,0.0,safe
11594,2024-01-02T08:12:10,1.712635,1.295604,0.91004,36.64,85.76,CleanAir,0.0,safe
11595,2024-01-02T08:12:20,0.583619,0.27062,0.031803,26.47,43.05,Alcohol,5499.15,unsafe
11596,2024-01-02T08:12:30,0.660219,0.573157,0.149909,22.82,67.22,Methane,6154.18,unsafe
11597,2024-01-02T08:12:40,0.396382,0.035197,0.009781,27.58,30.84,CO,1666.58,unsafe
11598,2024-01-02T08:12:50,0.132027,0.291637,0.041381,27.27,33.57,Hydrogen,3518.13,safe
11599,2024-01-02T08:13:00,0.305528,0.14736,0.006435,27.96,88.74,Alcohol,528.13,safe
11600,2024-01-02T08:13:10,0.064516,0.232319,0.17783,19.92,65.24,Smoke,917.92,unsafe
11601,2024-01-02T08:13:20,1.663177,1.272194,0.878039,25.35,76.4,CleanAir,0.0,safe
11602,2024-01-02T08:13:30,0.035512,0.382897,0.012933,21.54,52.07,CO,1778.89,unsafe
11603,2024-01-02T08:13:40,1.739789,1.345122,0.933135,22.36,37.25,CleanAir,0.0,safe
11604,2024-01-02T08:13:50,0.622008,0.25672,0.01624,38.55,89.21,Hydrogen,2819.54,safe
11605,2024-01-02T08:14:00,0.354571,0.332735,0.115464,28.12,85.62,CO,1410.43,unsafe
11606,2024-01-02T08:14:10,1.661284,1.266269,0.879492,24.47,82.72,CleanAir,0.0,safe
11607,2024-01-02T08:14:20,1.683004,1.217642,0.862523,14.79,88.53,CleanAir,0.0,safe
11608,2024-01-02T08:14:30,1.724959,1.354268,0.964442,39.4,53.73,CleanAir,0.0,safe
11609,2024-01-02T08:14:40,1.728381,1.287156,0.933733,31.95,64.73,CleanAir,0.0,safe
11610,2024-01-02T08:14:50,0.865299,0.834275,0.048213,30.29,76.48,Methane,18098.83,unsafe
11611,2024-01-02T08:15:00,0.415559,0.19413,0.186505,13.99,56.62,Alcohol,1681.13,unsafe
11612,2024-01-02T08:15:10,0.823539,0.035058,0.188655,24.0,36.09,Propane,2291.92,unsafe
11613,2024-01-02T08:15:20,1.687792,1.278689,0.908351,29.94,87.72,CleanAir,0.0,safe
11614,2024-01-02T08:15:30,1.679711,1.241883,0.881045,20.43,86.68,CleanAir,0.0,safe
11615,2024-01-02T08:15:40,1.732079,1.267754,0.916381,12.77,43.78,CleanAir,0.0,safe
11616,2024-01-02T08:15:50,0.900912,0.045042,0.204313,18.91,41.35,Propane,3228.4,unsafe
11617,2024-01-02T08:16:00,0.360798,0.34931,0.120956,21.11,61.78,CO,1441.3,unsafe
11618,2024-01-02T08:16:10,1.744282,1.294642,0.941059,32.29,53.05,CleanAir,0.0,safe
11619,2024-01-02T08:16:20,0.430748,0.012817,0.148252,17.78,77.81,Hydrogen,1036.6,safe
11620,2024-01-02T08:16:30,0.75767,0.039119,0.019452,26.01,59.88,LPG,3446.82,unsafe
11621,2024-01-02T08:16:40,1.66478,1.263955,0.904497,24.28,86.08,CleanAir,0.0,safe
11622,2024-01-02T08:16:50,1.725826,1.308818,0.927476,32.99,68.0,CleanAir,0.0,safe
11623,2024-01-02T08:17:00,0.345202,0.165196,0.138017,32.01,77.09,Alcohol,789.23,safe
11624,2024-01-02T08:17:10,0.844861,0.297766,0.191752,16.19,66.16,Propane,2999.78,unsafe
11625,2024-01-02T08:17:20,1.711971,1.329196,0.95464,25.93,53.27,CleanAir,0.0,safe
11626,2024-01-02T08:17:30,0.048666,0.219914,0.009809,31.38,71.28,Smoke,757.22,unsafe
11627,2024-01-02T08:17:40,0.293713,0.137157,0.003191,35.05,77.81,Hydrogen,300.91,safe
11628,2024-01-02T08:17:50,1.734195,1.303092,0.943475,30.99,64.81,CleanAir,0.0,safe
11629,2024-01-02T08:18:00,1.717282,1.316994,0.956679,26.44,37.81,CleanAir,0.0,safe
11630,2024-01-02T08:18:10,0.931696,0.051591,0.209999,10.57,71.53,Propane,4316.76,unsafe
11631,2024-01-02T08:18:20,1.708803,1.274525,0.899862,11.7,51.96,CleanAir,0.0,safe
11632,2024-01-02T08:18:30,1.728765,1.321494,0.959861,26.09,44.84,CleanAir,0.0,safe
11633,2024-01-02T08:18:40,1.753163,1.35668,0.974024,37.31,49.71,CleanAir,0.0,safe
11634,2024-01-02T08:18:50,1.712769,1.287057,0.930286,16.24,46.43,CleanAir,0.0,safe
11635,2024-01-02T08:19:00,1.728129,1.316287,0.956674,24.75,39.21,CleanAir,0.0,safe
11636,2024-01-02T08:19:10,0.502913,0.208233,0.177079,33.86,89.03,Hydrogen,1432.3,safe
11637,2024-01-02T08:19:20,1.677507,1.247834,0.892554,13.34,67.41,CleanAir,0.0,safe
11638,2024-01-02T08:19:30,0.904028,0.216897,0.199139,34.93,67.69,Methane,18605.41,unsafe
11639,2024-01-02T08:19:40,0.247213,0.122085,0.08035,34.39,82.94,Alcohol,228.71,safe
11640,2024-01-02T08:19:50,1.744342,1.313071,0.911292,17.1,56.59,CleanAir,0.0,safe
11641,2024-01-02T08:20:00,0.310839,0.153979,0.082386,11.12,45.34,LPG,302.39,safe
11642,2024-01-02T08:20:10,0.483201,0.016207,0.016042,22.38,55.0,Hydrogen,1199.61,safe
11643,2024-01-02T08:20:20,0.414542,0.164773,0.006464,36.26,89.4,Smoke,309.44,unsafe
11644,2024-01-02T08:20:30,0.249169,0.169552,0.078208,16.97,85.37,CO,329.87,unsafe
11645,2024-01-02T08:20:40,0.061828,0.21918,0.012752,30.71,74.25,Hydrogen,1522.14,safe
11646,2024-01-02T08:20:50,0.016307,0.147922,0.109843,37.01,42.03,Alcohol,360.08,safe
11647,2024-01-02T08:21:00,1.758396,1.298563,0.947708,24.7,52.74,CleanAir,0.0,safe
11648,2024-01-02T08:21:10,0.325976,0.160456,0.080862,22.07,63.6,LPG,325.0,safe
11649,2024-01-02T08:21:20,1.771592,1.316854,0.975287,34.53,48.66,CleanAir,0.0,safe
11650,2024-01-02T08:21:30,0.756471,0.667815,0.019414,18.39,45.75,Methane,9002.14,unsafe
11651,2024-01-02T08:21:40,0.04841,0.210702,0.137792,14.36,82.1,Propane,1132.41,unsafe
11652,2024-01-02T08:21:50,1.738656,1.31303,0.98209,34.84,52.26,CleanAir,0.0,safe
11653,2024-01-02T08:22:00,0.63922,0.082581,0.143289,18.58,79.61,Methane,5789.41,unsafe
11654,2024-01-02T08:22:10,1.69438,1.290958,0.933917,16.5,56.95,CleanAir,0.0,safe
11655,2024-01-02T08:22:20,0.552198,0.193475,0.006363,20.16,85.89,Smoke,612.68,unsafe
11656,2024-01-02T08:22:30,0.080115,0.299865,0.132766,12.25,56.92,LPG,1879.12,unsafe
11657,2024-01-02T08:22:40,1.758917,1.334901,0.98832,30.52,38.32,CleanAir,0.0,safe
11658,2024-01-02T08:22:50,0.035453,0.250649,0.009744,20.46,80.97,LPG,1204.73,unsafe
11659,2024-01-02T08:23:00,1.708991,1.289468,0.946059,24.63,69.3,CleanAir,0.0,safe
11660,2024-01-02T08:23:10,1.693261,1.289906,0.91575,26.14,75.55,CleanAir,0.0,safe
11661,2024-01-02T08:23:20,1.758425,1.333997,0.946887,23.62,36.77,CleanAir,0.0,safe
11662,2024-01-02T08:23:30,0.78014,0.721313,0.177045,15.87,66.8,Methane,12638.41,unsafe
11663,2024-01-02T08:23:40,1.667025,1.270399,0.89707,10.29,77.37,CleanAir,0.0,safe
11664,2024-01-02T08:23:50,1.693119,1.260224,0.913429,26.34,89.67,CleanAir,0.0,safe
11665,2024-01-02T08:24:00,1.675704,1.299617,0.915758,19.37,49.3,CleanAir,0.0,safe
11666,2024-01-02T08:24:10,1.756487,1.356385,1.004374,38.94,40.87,CleanAir,0.0,safe
11667,2024-01-02T08:24:20,0.028888,0.21716,0.102329,23.23,79.62,LPG,823.01,safe
11668,2024-01-02T08:24:30,1.72368,1.304885,0.943932,14.34,44.67,CleanAir,0.0,safe
11669,2024-01-02T08:24:40,0.823011,0.04192,0.174365,10.73,34.41,LPG,4499.17,unsafe
11670,2024-01-02T08:24:50,0.366866,0.02891,0.128022,21.16,83.19,CO,1938.38,unsafe
11671,2024-01-02T08:25:00,1.69204,1.292357,0.944098,31.87,61.26,CleanAir,0.0,safe
11672,2024-01-02T08:25:10,0.564247,0.270993,0.122503,16.34,81.31,LPG,1650.16,unsafe
11673,2024-01-02T08:25:20,0.940022,0.331412,0.214291,24.74,43.56,Propane,3485.76,unsafe
11674,2024-01-02T08:25:30,0.382138,0.153836,0.097256,23.79,48.44,Smoke,227.58,unsafe
11675,2024-01-02T08:25:40,1.72138,1.297655,0.94092,12.66,31.66,CleanAir,0.0,safe
11676,2024-01-02T08:25:50,1.68675,1.25343,0.895863,19.79,83.88,CleanAir,0.0,safe
11677,2024-01-02T08:26:00,1.672391,1.294594,0.917692,19.54,68.8,CleanAir,0.0,safe
11678,2024-01-02T08:26:10,1.72323,1.300969,0.955204,20.06,40.35,CleanAir,0.0,safe
11679,2024-01-02T08:26:20,0.408119,0.194507,0.183914,33.8,60.18,Alcohol,1407.08,unsafe
11680,2024-01-02T08:26:30,1.758019,1.36205,0.981075,39.57,36.8,CleanAir,0.0,safe
11681,2024-01-02T08:26:40,0.64289,0.264283,0.225467,21.84,54.47,Hydrogen,2813.7,safe
11682,2024-01-02T08:26:50,0.686626,0.240605,0.154815,18.54,63.74,Propane,1525.17,unsafe
11683,2024-01-02T08:27:00,0.928253,0.3395,0.028976,20.37,57.26,Propane,3911.76,unsafe
11684,2024-01-02T08:27:10,1.699238,1.268798,0.910223,10.14,53.65,CleanAir,0.0,safe
11685,2024-01-02T08:27:20,1.728615,1.294095,0.91277,32.97,77.42,CleanAir,0.0,safe
11686,2024-01-02T08:27:30,0.649857,0.320615,0.139041,32.79,61.89,LPG,2057.39,unsafe
11687,2024-01-02T08:27:40,0.885216,0.833728,0.206286,38.99,70.06,Methane,17822.5,unsafe
11688,2024-01-02T08:27:50,1.722867,1.30042,0.946714,16.07,46.61,CleanAir,0.0,safe
11689,2024-01-02T08:28:00,0.948783,0.33921,0.221024,10.48,42.49,Propane,3979.76,unsafe
11690,2024-01-02T08:28:10,1.757753,1.327336,0.95683,33.89,48.94,CleanAir,0.0,safe
11691,2024-01-02T08:28:20,0.076892,0.28242,0.029044,38.19,88.92,Hydrogen,4057.69,safe
11692,2024-01-02T08:28:30,0.567312,0.277096,0.009555,29.06,88.5,LPG,1559.58,unsafe
11693,2024-01-02T08:28:40,0.055465,0.394209,0.134864,23.07,36.64,CO,1694.75,unsafe
11694,2024-01-02T08:28:50,1.736276,1.273334,0.911922,16.69,58.49,CleanAir,0.0,safe
11695,2024-01-02T08:29:00,0.38499,0.369935,0.01284,13.17,41.19,CO,1628.1,unsafe
11696,2024-01-02T08:29:10,1.760537,1.366927,0.970388,37.06,38.69,CleanAir,0.0,safe
11697,2024-01-02T08:29:20,1.73953,1.349723,0.943436,21.46,37.6,CleanAir,0.0,safe
11698,2024-01-02T08:29:30,1.780731,1.334929,0.957189,32.22,44.14,CleanAir,0.0,safe
11699,2024-01-02T08:29:40,0.427264,0.167122,0.114135,24.82,52.89,Smoke,301.47,unsafe
11700,2024-01-02T08:29:50,1.712683,1.279357,0.901389,21.68,81.7,CleanAir,0.0,safe
11701,2024-01-02T08:30:00,0.216024,0.063375,0.233045,31.99,74.53,Propane,4952.13,unsafe
11702,2024-01-02T08:30:10,1.677167,1.303832,0.925602,29.6,74.11,CleanAir,0.0,safe
11703,2024-01-02T08:30:20,0.857252,0.435333,0.02594,18.0,41.95,LPG,4980.97,unsafe
11704,2024-01-02T08:30:30,1.783583,1.335523,0.974837,35.22,43.51,CleanAir,0.0,safe
11705,2024-01-02T08:30:40,1.729824,1.321579,0.925883,32.2,74.97,CleanAir,0.0,safe
11706,2024-01-02T08:30:50,1.709643,1.286634,0.911429,22.76,80.39,CleanAir,0.0,safe
11707,2024-01-02T08:31:00,0.163132,0.807497,0.194902,21.3,66.61,Methane,18074.65,unsafe
11708,2024-01-02T08:31:10,0.446853,0.172086,0.003234,16.51,33.86,Smoke,323.77,unsafe
11709,2024-01-02T08:31:20,0.199335,0.031868,0.23327,32.98,55.35,Propane,4391.12,unsafe
11710,2024-01-02T08:31:30,0.278256,0.138063,0.094869,22.36,55.89,Alcohol,302.83,safe
11711,2024-01-02T08:31:40,1.75581,1.329108,0.963175,29.3,44.28,CleanAir,0.0,safe
11712,2024-01-02T08:31:50,1.70121,1.307113,0.924437,13.59,56.81,CleanAir,0.0,safe
11713,2024-01-02T08:32:00,1.766925,1.351845,0.986955,38.48,35.9,CleanAir,0.0,safe
11714,2024-01-02T08:32:10,1.736946,1.28424,0.927472,37.31,75.84,CleanAir,0.0,safe
11715,2024-01-02T08:32:20,0.362402,0.16936,0.009592,30.24,89.5,Alcohol,1003.73,unsafe
11716,2024-01-02T08:32:30,1.732712,1.346514,0.954362,36.83,49.35,CleanAir,0.0,safe
11717,2024-01-02T08:32:40,0.818854,0.743908,0.173828,17.72,87.64,Methane,14372.02,unsafe
11718,2024-01-02T08:32:50,1.746966,1.343745,0.974918,32.63,43.25,CleanAir,0.0,safe
11719,2024-01-02T08:33:00,0.045219,0.016308,0.106655,15.04,89.68,LPG,1066.85,unsafe
11720,2024-01-02T08:33:10,0.07755,0.055507,0.165427,31.02,55.23,LPG,3351.12,unsafe
11721,2024-01-02T08:33:20,0.66659,0.079315,0.152822,12.74,31.54,Methane,5113.51,unsafe
11722,2024-01-02T08:33:30,0.687637,0.275201,0.028947,14.35,65.4,Hydrogen,3791.5,safe
11723,2024-01-02T08:33:40,0.440884,0.199512,0.012934,31.57,71.4,Alcohol,1731.46,unsafe
11724,2024-01-02T08:33:50,1.763721,1.318238,0.923606,30.16,74.33,CleanAir,0.0,safe
11725,2024-01-02T08:34:00,1.684965,1.257427,0.866629,14.32,87.55,CleanAir,0.0,safe
11726,2024-01-02T08:34:10,1.755042,1.300726,0.949133,22.71,59.3,CleanAir,0.0,safe
11727,2024-01-02T08:34:20,0.723208,0.352673,0.154792,31.82,54.62,LPG,2666.76,unsafe
11728,2024-01-02T08:34:30,0.347276,0.16397,0.131231,12.62,46.24,Alcohol,709.45,safe
11729,2024-01-02T08:34:40,1.755301,1.340856,0.937037,24.8,38.37,CleanAir,0.0,safe
11730,2024-01-02T08:34:50,1.79041,1.376923,0.966024,33.13,32.38,CleanAir,0.0,safe
11731,2024-01-02T08:35:00,0.601336,0.213956,0.006559,10.38,37.41,Smoke,625.35,unsafe
11732,2024-01-02T08:35:10,0.799777,0.733321,0.180653,10.93,52.65,Methane,12703.05,unsafe
11733,2024-01-02T08:35:20,1.750773,1.317321,0.956505,22.21,42.64,CleanAir,0.0,safe
11734,2024-01-02T08:35:30,0.045458,0.190332,0.180478,18.93,61.67,Alcohol,1471.22,unsafe
11735,2024-01-02T08:35:40,1.752817,1.312111,0.952709,39.63,63.74,CleanAir,0.0,safe
11736,2024-01-02T08:35:50,0.705209,0.289405,0.258805,11.15,67.22,Hydrogen,4799.29,safe
11737,2024-01-02T08:36:00,0.595731,0.244582,0.016187,10.93,53.02,Hydrogen,2399.33,safe
11738,2024-01-02T08:36:10,1.754359,1.31278,0.949902,30.9,49.76,CleanAir,0.0,safe
11739,2024-01-02T08:36:20,1.789836,1.365228,0.985132,31.55,34.55,CleanAir,0.0,safe
11740,2024-01-02T08:36:30,0.421058,0.193494,0.181718,30.13,54.33,Alcohol,1349.68,unsafe
11741,2024-01-02T08:36:40,1.751799,1.367047,0.978971,32.63,42.45,CleanAir,0.0,safe
11742,2024-01-02T08:36:50,0.669314,0.271345,0.237533,16.35,53.89,Hydrogen,3282.99,safe
11743,2024-01-02T08:37:00,1.749166,1.305882,0.961765,16.31,38.29,CleanAir,0.0,safe
11744,2024-01-02T08:37:10,1.731675,1.27152,0.903191,29.07,82.75,CleanAir,0.0,safe
11745,2024-01-02T08:37:20,0.216531,0.785075,0.183445,25.63,84.7,Methane,15395.35,unsafe
11746,2024-01-02T08:37:30,0.300816,0.144362,0.074331,10.28,88.32,LPG,316.53,safe
11747,2024-01-02T08:37:40,0.469737,0.179602,0.006555,23.78,58.74,Smoke,352.32,unsafe
11748,2024-01-02T08:37:50,1.737811,1.32976,0.937391,38.47,60.83,CleanAir,0.0,safe
11749,2024-01-02T08:38:00,1.743078,1.307864,0.939803,30.63,63.62,CleanAir,0.0,safe
11750,2024-01-02T08:38:10,0.258913,0.003222,0.003308,30.11,30.3,Alcohol,178.87,safe
11751,2024-01-02T08:38:20,1.723075,1.303879,0.922317,12.19,53.4,CleanAir,0.0,safe
11752,2024-01-02T08:38:30,0.252138,0.161138,0.074192,15.12,54.16,CO,257.27,unsafe
11753,2024-01-02T08:38:40,1.683642,1.244964,0.896953,12.64,82.63,CleanAir,0.0,safe
11754,2024-01-02T08:38:50,1.687272,1.279925,0.918093,15.04,58.68,CleanAir,0.0,safe
11755,2024-01-02T08:39:00,0.591578,0.248666,0.20948,32.91,88.9,Hydrogen,2435.07,safe
11756,2024-01-02T08:39:10,0.667153,0.559185,0.152475,38.96,48.91,Methane,4419.97,unsafe
11757,2024-01-02T08:39:20,0.121745,0.15376,0.197882,30.15,57.17,Methane,13387.88,unsafe
11758,2024-01-02T08:39:30,1.738429,1.259892,0.893485,13.07,74.86,CleanAir,0.0,safe
11759,2024-01-02T08:39:40,1.736101,1.324901,0.928386,30.17,70.11,CleanAir,0.0,safe
11760,2024-01-02T08:39:50,0.732008,0.019121,0.196172,34.06,51.68,Smoke,971.0,unsafe
11761,2024-01-02T08:40:00,0.783164,0.041136,0.301928,36.05,31.07,Hydrogen,4606.81,safe
11762,2024-01-02T08:40:10,1.015284,0.044537,0.232631,17.27,47.22,Propane,4356.28,unsafe
11763,2024-01-02T08:40:20,0.079006,0.294903,0.031987,24.34,46.16,Hydrogen,3949.43,safe
11764,2024-01-02T08:40:30,1.73529,1.312304,0.933416,37.63,80.87,CleanAir,0.0,safe
11765,2024-01-02T08:40:40,0.325337,0.277116,0.10579,21.28,45.72,CO,770.8,unsafe
11766,2024-01-02T08:40:50,0.026393,0.186908,0.127859,29.4,62.93,Smoke,403.82,unsafe
11767,2024-01-02T08:41:00,0.627721,0.012694,0.009738,17.16,68.26,Smoke,779.9,unsafe
11768,2024-01-02T08:41:10,0.878603,0.81202,0.201131,22.3,44.45,Methane,15498.58,unsafe
11769,2024-01-02T08:41:20,1.734634,1.333531,0.980248,29.31,41.97,CleanAir,0.0,safe
11770,2024-01-02T08:41:30,1.71551,1.28813,0.905369,16.77,68.27,CleanAir,0.0,safe
11771,2024-01-02T08:41:40,1.744547,1.320422,0.952645,12.42,31.61,CleanAir,0.0,safe
11772,2024-01-02T08:41:50,0.689158,0.285732,0.258748,31.54,69.58,Hydrogen,3780.47,safe
11773,2024-01-02T08:42:00,1.728114,1.278776,0.899424,19.78,75.45,CleanAir,0.0,safe
11774,2024-01-02T08:42:10,0.048064,0.02277,0.201982,27.77,36.94,Hydrogen,1731.67,safe
11775,2024-01-02T08:42:20,0.806209,0.02607,0.016187,34.46,44.73,Propane,1822.18,unsafe
11776,2024-01-02T08:42:30,1.754271,1.310418,0.941044,25.45,43.26,CleanAir,0.0,safe
11777,2024-01-02T08:42:40,1.748909,1.307549,0.944272,34.78,70.91,CleanAir,0.0,safe
11778,2024-01-02T08:42:50,0.633751,0.013006,0.168174,17.25,81.58,Smoke,826.72,unsafe
11779,2024-01-02T08:43:00,0.616674,0.218647,0.169687,17.77,53.91,Smoke,724.32,unsafe
11780,2024-01-02T08:43:10,1.707319,1.301783,0.941242,31.89,64.17,CleanAir,0.0,safe
11781,2024-01-02T08:43:20,1.719653,1.308202,0.926993,30.9,72.99,CleanAir,0.0,safe
11782,2024-01-02T08:43:30,0.669952,0.582993,0.156181,13.9,44.81,Methane,6034.38,unsafe
11783,2024-01-02T08:43:40,1.012537,0.363938,0.238885,25.17,39.6,Propane,4531.91,unsafe
11784,2024-01-02T08:43:50,0.676695,0.241618,0.186251,33.19,54.05,Smoke,851.86,unsafe
11785,2024-01-02T08:44:00,0.525481,0.230058,0.016163,22.61,31.4,Hydrogen,1422.31,safe
11786,2024-01-02T08:44:10,1.691486,1.255799,0.894198,17.91,75.75,CleanAir,0.0,safe
11787,2024-01-02T08:44:20,1.749708,1.323514,0.97547,38.35,58.05,CleanAir,0.0,safe
11788,2024-01-02T08:44:30,1.690736,1.270889,0.925305,30.17,82.25,CleanAir,0.0,safe
11789,2024-01-02T08:44:40,0.910492,0.041631,0.209818,18.55,33.16,Propane,2983.5,unsafe
11790,2024-01-02T08:44:50,1.725103,1.334312,0.966019,33.09,46.19,CleanAir,0.0,safe
11791,2024-01-02T08:45:00,1.751337,1.333853,0.945985,30.36,45.99,CleanAir,0.0,safe
11792,2024-01-02T08:45:10,0.425017,0.170083,0.113408,34.35,43.62,Smoke,272.76,unsafe
11793,2024-01-02T08:45:20,0.576404,0.208739,0.154858,26.24,77.16,Smoke,658.07,unsafe
11794,2024-01-02T08:45:30,0.381431,0.154585,0.099706,13.48,54.87,Smoke,253.31,unsafe
11795,2024-01-02T08:45:40,1.69934,1.291494,0.931346,29.99,72.91,CleanAir,0.0,safe
11796,2024-01-02T08:45:50,1.745907,1.315631,0.95218,33.29,64.78,CleanAir,0.0,safe
11797,2024-01-02T08:46:00,0.391107,0.012682,0.009647,37.98,39.36,Alcohol,867.45,safe
11798,2024-01-02T08:46:10,0.035822,0.191972,0.01302,10.05,38.71,Alcohol,1418.2,unsafe
11799,2024-01-02T08:46:20,0.838024,0.768067,0.186706,38.12,66.47,Methane,13107.18,unsafe
11800,2024-01-02T08:46:30,0.019179,0.238962,0.006388,39.17,30.56,CO,492.0,unsafe
11801,2024-01-02T08:46:40,0.133046,0.380796,0.019548,22.49,44.14,LPG,3126.6,unsafe
11802,2024-01-02T08:46:50,1.679812,1.269114,0.916106,18.67,65.29,CleanAir,0.0,safe
11803,2024-01-02T08:47:00,0.610956,0.022493,0.217795,18.11,68.26,Hydrogen,2797.58,safe
11804,2024-01-02T08:47:10,0.334887,0.284917,0.111349,35.12,58.56,CO,860.68,unsafe
11805,2024-01-02T08:47:20,0.75209,0.377775,0.16081,36.69,70.39,LPG,3392.56,unsafe
11806,2024-01-02T08:47:30,0.286438,0.139918,0.099393,16.02,65.1,Alcohol,402.47,safe
11807,2024-01-02T08:47:40,0.016165,0.152423,0.112845,12.82,85.18,Hydrogen,525.02,safe
11808,2024-01-02T08:47:50,0.042414,0.272053,0.009564,19.23,67.32,LPG,1410.21,unsafe
11809,2024-01-02T08:48:00,0.249687,0.166472,0.003231,15.54,82.88,CO,328.07,unsafe
11810,2024-01-02T08:48:10,0.308228,0.00961,0.118477,13.2,68.39,Alcohol,576.7,safe
11811,2024-01-02T08:48:20,0.954584,0.050831,0.220514,38.09,44.62,Propane,3472.11,unsafe
11812,2024-01-02T08:48:30,1.724631,1.289171,0.920797,12.56,41.52,CleanAir,0.0,safe
11813,2024-01-02T08:48:40,0.769377,0.381456,0.164095,36.61,69.35,LPG,3479.74,unsafe
11814,2024-01-02T08:48:50,1.676088,1.317432,0.93498,31.92,73.11,CleanAir,0.0,safe
11815,2024-01-02T08:49:00,0.328132,0.156121,0.123119,17.49,59.41,Alcohol,638.13,safe
11816,2024-01-02T08:49:10,0.062561,0.252158,0.163575,15.95,87.96,Propane,1915.63,unsafe
11817,2024-01-02T08:49:20,0.692798,0.291423,0.255768,29.66,62.75,Hydrogen,3730.9,safe
11818,2024-01-02T08:49:30,0.418559,0.197688,0.177985,37.4,49.19,Alcohol,1256.85,unsafe
11819,2024-01-02T08:49:40,0.530075,0.196293,0.136217,13.47,56.95,Smoke,530.17,unsafe
11820,2024-01-02T08:49:50,0.732999,0.360407,0.02244,23.53,71.79,LPG,3337.63,unsafe
11821,2024-01-02T08:50:00,0.393668,0.177663,0.13878,21.58,74.25,Hydrogen,753.47,safe
11822,2024-01-02T08:50:10,0.819981,0.42003,0.176885,29.27,35.29,LPG,4013.48,unsafe
11823,2024-01-02T08:50:20,0.731268,0.170212,0.018914,21.86,70.1,Methane,8711.17,unsafe
11824,2024-01-02T08:50:30,0.025773,0.1851,0.146634,12.89,68.66,Hydrogen,975.28,safe
11825,2024-01-02T08:50:40,1.752257,1.352439,0.967235,29.44,32.29,CleanAir,0.0,safe
11826,2024-01-02T08:50:50,0.701906,0.287998,0.035236,24.65,67.86,Hydrogen,4344.09,safe
11827,2024-01-02T08:51:00,0.379733,0.185366,0.15234,33.76,34.23,Alcohol,801.7,safe
11828,2024-01-02T08:51:10,0.019436,0.160004,0.006472,15.04,32.38,Hydrogen,429.33,safe
11829,2024-01-02T08:51:20,1.695031,1.277212,0.906719,19.44,75.81,CleanAir,0.0,safe
11830,2024-01-02T08:51:30,0.810001,0.022739,0.012941,32.72,74.34,Propane,2234.18,unsafe
11831,2024-01-02T08:51:40,0.450141,0.209756,0.019452,22.18,42.33,Alcohol,1871.34,unsafe
11832,2024-01-02T08:51:50,1.75382,1.289062,0.928191,34.84,74.15,CleanAir,0.0,safe
11833,2024-01-02T08:52:00,0.625824,0.258044,0.231053,11.25,73.01,Hydrogen,3183.39,safe
11834,2024-01-02T08:52:10,0.349607,0.025696,0.122251,13.32,66.37,CO,1477.09,unsafe
11835,2024-01-02T08:52:20,0.019321,0.234968,0.097022,26.28,89.32,CO,652.85,unsafe
11836,2024-01-02T08:52:30,0.567518,0.01282,0.148189,13.61,64.74,Smoke,611.48,unsafe
11837,2024-01-02T08:52:40,1.786921,1.329907,0.98606,36.93,42.44,CleanAir,0.0,safe
11838,2024-01-02T08:52:50,0.59926,0.288422,0.131538,17.87,76.66,LPG,1886.32,unsafe
11839,2024-01-02T08:53:00,1.733572,1.287499,0.941389,27.51,75.06,CleanAir,0.0,safe
11840,2024-01-02T08:53:10,0.702091,0.595958,0.016097,23.34,48.84,Methane,6347.4,unsafe
11841,2024-01-02T08:53:20,0.658579,0.266812,0.019537,18.75,70.22,Hydrogen,3714.6,safe
11842,2024-01-02T08:53:30,0.078584,0.290426,0.263833,24.64,48.89,Hydrogen,3753.83,safe
11843,2024-01-02T08:53:40,0.09773,0.291083,0.026003,26.98,72.0,Hydrogen,4732.81,safe
11844,2024-01-02T08:53:50,0.215923,0.107289,0.0,37.43,30.08,Smoke,60.38,unsafe
11845,2024-01-02T08:54:00,0.417001,0.012789,0.186449,30.86,45.08,Alcohol,1253.06,unsafe
11846,2024-01-02T08:54:10,0.38846,0.187277,0.097321,18.78,33.94,LPG,490.76,safe
11847,2024-01-02T08:54:20,0.389073,0.390011,0.012974,29.65,66.67,CO,1854.13,unsafe
11848,2024-01-02T08:54:30,1.69539,1.277889,0.933764,19.49,61.01,CleanAir,0.0,safe
11849,2024-01-02T08:54:40,0.819511,0.752344,0.188925,33.18,83.09,Methane,14015.5,unsafe
11850,2024-01-02T08:54:50,0.435974,0.203489,0.013013,16.21,47.5,Alcohol,1786.53,unsafe
11851,2024-01-02T08:55:00,0.089463,0.304438,0.009621,33.75,37.98,LPG,1541.33,unsafe
11852,2024-01-02T08:55:10,0.094816,0.313145,0.138153,17.96,61.05,LPG,2176.02,unsafe
11853,2024-01-02T08:55:20,1.724546,1.292138,0.954304,22.42,47.2,CleanAir,0.0,safe
11854,2024-01-02T08:55:30,1.744506,1.32403,0.962472,22.24,42.52,CleanAir,0.0,safe
11855,2024-01-02T08:55:40,0.802711,0.035133,0.17154,14.11,48.14,LPG,4317.57,unsafe
11856,2024-01-02T08:55:50,0.738083,0.687172,0.049096,10.14,88.8,Methane,12178.77,unsafe
11857,2024-01-02T08:56:00,0.225928,0.125721,0.068366,18.92,45.03,CO,150.15,unsafe
11858,2024-01-02T08:56:10,0.434888,0.210776,0.006429,22.6,42.72,LPG,638.73,safe
11859,2024-01-02T08:56:20,1.772838,1.337204,0.983575,32.35,44.36,CleanAir,0.0,safe
11860,2024-01-02T08:56:30,1.684469,1.333223,0.938968,21.5,52.14,CleanAir,0.0,safe
11861,2024-01-02T08:56:40,0.334319,0.01918,0.006395,12.23,45.06,CO,952.35,unsafe
11862,2024-01-02T08:56:50,1.675654,1.274328,0.903796,18.58,81.57,CleanAir,0.0,safe
11863,2024-01-02T08:57:00,0.829195,0.76579,0.190685,12.13,39.16,Methane,13398.15,unsafe
11864,2024-01-02T08:57:10,0.016022,0.006455,0.113073,19.98,75.08,Alcohol,482.79,safe
11865,2024-01-02T08:57:20,1.724601,1.304098,0.962564,26.8,57.01,CleanAir,0.0,safe
11866,2024-01-02T08:57:30,1.700335,1.275943,0.943756,17.8,51.84,CleanAir,0.0,safe
11867,2024-01-02T08:57:40,0.177788,0.089878,0.048998,17.93,66.32,Smoke,54.91,unsafe
11868,2024-01-02T08:57:50,0.460374,0.175064,0.124591,24.0,66.18,Smoke,373.4,unsafe
11869,2024-01-02T08:58:00,0.708309,0.104281,0.165589,30.25,49.46,Methane,6713.83,unsafe
11870,2024-01-02T08:58:10,1.661438,1.272832,0.930679,18.63,72.13,CleanAir,0.0,safe
11871,2024-01-02T08:58:20,0.704476,0.076549,0.025796,21.17,61.54,Methane,7091.52,unsafe
11872,2024-01-02T08:58:30,0.48281,0.009631,0.133154,14.68,78.73,Smoke,493.27,unsafe
11873,2024-01-02T08:58:40,0.800908,0.284713,0.022683,22.61,66.58,Propane,2326.68,unsafe
11874,2024-01-02T08:58:50,0.031656,0.387177,0.136797,23.0,53.65,CO,1818.92,unsafe
11875,2024-01-02T08:59:00,1.752163,1.302749,0.965556,15.73,35.5,CleanAir,0.0,safe
11876,2024-01-02T08:59:10,0.956432,0.330061,0.222469,19.26,67.61,Propane,4070.7,unsafe
11877,2024-01-02T08:59:20,0.269558,0.18055,0.083799,37.89,67.12,CO,313.94,unsafe
11878,2024-01-02T08:59:30,0.714166,0.028673,0.159059,22.45,42.33,LPG,2952.73,unsafe
11879,2024-01-02T08:59:40,0.45518,0.176034,0.121231,38.99,89.47,Smoke,373.05,unsafe
11880,2024-01-02T08:59:50,0.13361,0.303274,0.285343,39.98,71.1,Hydrogen,4765.03,safe
11881,2024-01-02T09:00:00,1.73489,1.31538,0.956754,20.33,48.54,CleanAir,0.0,safe
11882,2024-01-02T09:00:10,1.702527,1.316859,0.932021,39.24,83.38,CleanAir,0.0,safe
11883,2024-01-02T09:00:20,0.666919,0.238021,0.187507,27.3,35.22,Smoke,797.6,unsafe
11884,2024-01-02T09:00:30,0.028935,0.231978,0.113773,33.85,74.44,LPG,893.42,safe
11885,2024-01-02T09:00:40,1.772702,1.318878,0.968241,29.2,44.12,CleanAir,0.0,safe
11886,2024-01-02T09:00:50,0.635356,0.038717,0.009732,31.52,79.39,LPG,2225.43,unsafe
11887,2024-01-02T09:01:00,0.272757,0.118278,0.003246,13.51,58.48,Smoke,124.02,unsafe
11888,2024-01-02T09:01:10,0.629783,0.031907,0.23896,27.84,43.07,Hydrogen,2701.02,safe
11889,2024-01-02T09:01:20,0.384631,0.1914,0.092244,24.85,86.05,LPG,581.26,safe
11890,2024-01-02T09:01:30,1.666013,1.236665,0.890418,13.28,88.95,CleanAir,0.0,safe
11891,2024-01-02T09:01:40,0.048333,0.243291,0.210218,21.95,68.25,Hydrogen,2341.48,safe
11892,2024-01-02T09:01:50,0.687377,0.032202,0.155093,28.54,38.09,LPG,2413.4,unsafe
11893,2024-01-02T09:02:00,1.696698,1.265932,0.925142,17.65,66.66,CleanAir,0.0,safe
11894,2024-01-02T09:02:10,0.186714,0.621264,0.164489,10.43,34.51,Methane,7150.37,unsafe
11895,2024-01-02T09:02:20,0.012823,0.006462,0.003276,38.84,50.84,CO,255.32,unsafe
11896,2024-01-02T09:02:30,0.776095,0.038709,0.166389,32.79,50.53,LPG,3361.28,unsafe
11897,2024-01-02T09:02:40,0.436669,0.204136,0.202177,19.37,31.31,Alcohol,1615.21,unsafe
11898,2024-01-02T09:02:50,1.66545,1.275403,0.917262,14.56,62.0,CleanAir,0.0,safe
11899,2024-01-02T09:03:00,1.701889,1.242622,0.90835,16.56,67.83,CleanAir,0.0,safe
11900,2024-01-02T09:03:10,0.0159,0.148352,0.100126,17.64,75.31,Smoke,266.41,unsafe
11901,2024-01-02T09:03:20,1.670155,1.262591,0.90356,18.62,82.59,CleanAir,0.0,safe
11902,2024-01-02T09:03:30,1.731284,1.314613,0.98634,36.98,41.71,CleanAir,0.0,safe
11903,2024-01-02T09:03:40,0.773749,0.31612,0.297019,28.24,32.62,Hydrogen,4592.14,safe
11904,2024-01-02T09:03:50,1.008524,0.044812,0.237338,28.08,65.22,Propane,4682.98,unsafe
11905,2024-01-02T09:04:00,0.42735,0.166387,0.110403,29.01,38.48,Propane,386.53,safe
11906,2024-01-02T09:04:10,1.710486,1.270107,0.936982,10.71,45.12,CleanAir,0.0,safe
11907,2024-01-02T09:04:20,0.833548,0.141309,0.190341,29.31,89.84,Methane,17541.69,unsafe
11908,2024-01-02T09:04:30,1.727905,1.327097,0.970621,35.82,55.4,CleanAir,0.0,safe
11909,2024-01-02T09:04:40,0.019639,0.146983,0.006513,26.82,87.19,Alcohol,669.2,safe
11910,2024-01-02T09:04:50,0.698064,0.346104,0.147315,10.04,62.03,LPG,2945.75,unsafe
11911,2024-01-02T09:05:00,1.701462,1.265535,0.923515,29.7,86.97,CleanAir,0.0,safe
11912,2024-01-02T09:05:10,1.73543,1.312213,0.971912,24.66,41.11,CleanAir,0.0,safe
11913,2024-01-02T09:05:20,0.363337,0.172588,0.009644,30.65,68.72,Alcohol,948.9,safe
11914,2024-01-02T09:05:30,1.768177,1.332895,0.975417,32.41,31.5,CleanAir,0.0,safe
11915,2024-01-02T09:05:40,0.012788,0.128693,0.083558,13.24,77.43,Smoke,180.55,unsafe
11916,2024-01-02T09:05:50,1.696197,1.287978,0.934993,15.74,63.87,CleanAir,0.0,safe
11917,2024-01-02T09:06:00,1.6822,1.244321,0.936106,17.98,88.28,CleanAir,0.0,safe
11918,2024-01-02T09:06:10,0.386089,0.381041,0.141106,26.61,45.1,CO,1745.2,unsafe
11919,2024-01-02T09:06:20,0.563759,0.211852,0.139172,24.4,56.79,Propane,879.16,safe
11920,2024-01-02T09:06:30,1.720674,1.304142,0.96943,13.82,32.96,CleanAir,0.0,safe
11921,2024-01-02T09:06:40,0.077241,0.279326,0.188549,18.74,83.83,Propane,2754.35,unsafe
11922,2024-01-02T09:06:50,0.331961,0.009699,0.136262,20.9,42.02,Alcohol,624.35,safe
11923,2024-01-02T09:07:00,0.349048,0.159164,0.12208,29.72,82.95,Hydrogen,527.81,safe
11924,2024-01-02T09:07:10,0.394798,0.006537,0.103733,14.54,72.55,Propane,416.11,safe
11925,2024-01-02T09:07:20,0.378563,0.154968,0.003225,28.08,36.23,Smoke,215.42,unsafe
11926,2024-01-02T09:07:30,1.737546,1.27758,0.952515,37.32,85.37,CleanAir,0.0,safe
11927,2024-01-02T09:07:40,0.029166,0.359479,0.136687,38.2,31.5,CO,1270.0,unsafe
11928,2024-01-02T09:07:50,0.771743,0.694049,0.035443,29.95,44.85,Methane,9877.07,unsafe
11929,2024-01-02T09:08:00,1.698484,1.268735,0.951804,34.72,85.81,CleanAir,0.0,safe
11930,2024-01-02T09:08:10,0.038795,0.219032,0.172302,37.49,37.67,Smoke,605.49,unsafe
11931,2024-01-02T09:08:20,0.264077,0.12531,0.003232,23.0,88.47,Alcohol,336.09,safe
11932,2024-01-02T09:08:30,1.750913,1.307116,0.995454,39.71,47.65,CleanAir,0.0,safe
11933,2024-01-02T09:08:40,0.465757,0.016303,0.108707,28.36,66.53,LPG,855.22,safe
11934,2024-01-02T09:08:50,0.277218,0.124874,0.073555,39.09,46.0,Smoke,111.8,unsafe
11935,2024-01-02T09:09:00,0.588703,0.292884,0.009796,20.56,59.14,LPG,1751.67,unsafe
11936,2024-01-02T09:09:10,0.554547,0.201356,0.153143,30.75,72.45,Smoke,589.04,unsafe
11937,2024-01-02T09:09:20,0.623195,0.025409,0.01271,37.19,38.93,LPG,1734.33,unsafe
11938,2024-01-02T09:09:30,0.468886,0.202941,0.170034,23.21,47.16,Hydrogen,1125.47,safe
11939,2024-01-02T09:09:40,0.122506,0.319164,0.217492,10.88,73.54,Propane,4385.8,unsafe
11940,2024-01-02T09:09:50,1.658198,1.23966,0.906428,12.03,75.16,CleanAir,0.0,safe
11941,2024-01-02T09:10:00,0.41129,0.190749,0.196353,10.11,33.4,Alcohol,1563.55,unsafe
11942,2024-01-02T09:10:10,0.289298,0.226467,0.096496,23.15,87.03,CO,652.86,unsafe
11943,2024-01-02T09:10:20,0.309501,0.349752,0.239862,17.47,34.08,Propane,4440.41,unsafe
11944,2024-01-02T09:10:30,0.305743,0.146617,0.006338,22.85,88.08,Alcohol,629.38,safe
11945,2024-01-02T09:10:40,0.697963,0.236458,0.013007,39.08,75.91,Smoke,986.25,unsafe
11946,2024-01-02T09:10:50,0.641226,0.269073,0.256735,25.68,82.5,Hydrogen,3888.83,safe
11947,2024-01-02T09:11:00,1.725305,1.281915,0.952956,33.15,74.49,CleanAir,0.0,safe
11948,2024-01-02T09:11:10,1.735933,1.30784,0.960233,13.63,31.89,CleanAir,0.0,safe
11949,2024-01-02T09:11:20,1.707517,1.289104,0.970095,19.84,44.88,CleanAir,0.0,safe
11950,2024-01-02T09:11:30,1.706229,1.304893,0.95996,24.26,53.77,CleanAir,0.0,safe
11951,2024-01-02T09:11:40,0.009755,0.003243,0.077108,17.51,31.88,Smoke,129.57,unsafe
11952,2024-01-02T09:11:50,1.750927,1.308819,0.971358,25.34,42.57,CleanAir,0.0,safe
11953,2024-01-02T09:12:00,0.312772,0.135726,0.003259,23.87,36.48,Smoke,154.2,unsafe
11954,2024-01-02T09:12:10,0.916782,0.317229,0.214926,15.29,77.16,Propane,3974.96,unsafe
11955,2024-01-02T09:12:20,0.051851,0.202699,0.173717,19.2,54.23,Hydrogen,1259.21,safe
11956,2024-01-02T09:12:30,0.9068,0.317114,0.218565,35.66,76.26,Propane,3505.33,unsafe
11957,2024-01-02T09:12:40,1.703717,1.267501,0.932625,27.16,79.44,CleanAir,0.0,safe
11958,2024-01-02T09:12:50,0.383517,0.390634,0.141343,24.19,51.2,CO,1869.76,unsafe
11959,2024-01-02T09:13:00,0.391128,0.01612,0.186837,25.23,87.63,Alcohol,1594.53,unsafe
11960,2024-01-02T09:13:10,0.019226,0.229653,0.003241,23.28,60.48,CO,573.34,unsafe
11961,2024-01-02T09:13:20,1.730781,1.316372,0.985564,36.88,47.66,CleanAir,0.0,safe
11962,2024-01-02T09:13:30,1.770196,1.315645,0.966943,37.36,54.74,CleanAir,0.0,safe
11963,2024-01-02T09:13:40,0.407125,0.012983,0.006485,21.59,45.74,Hydrogen,708.25,safe
11964,2024-01-02T09:13:50,1.714978,1.267816,0.94175,39.78,84.18,CleanAir,0.0,safe
11965,2024-01-02T09:14:00,1.660922,1.236867,0.915305,13.4,71.17,CleanAir,0.0,safe
11966,2024-01-02T09:14:10,0.217023,0.309791,0.298642,39.43,61.7,Hydrogen,4969.68,safe
11967,2024-01-02T09:14:20,1.663864,1.216733,0.8822,12.29,89.36,CleanAir,0.0,safe
11968,2024-01-02T09:14:30,0.03235,0.373435,0.009776,15.66,56.51,CO,1822.87,unsafe
11969,2024-01-02T09:14:40,1.74794,1.343796,0.969864,30.41,32.9,CleanAir,0.0,safe
11970,2024-01-02T09:14:50,0.976617,0.045747,0.239181,32.05,48.61,Propane,4282.69,unsafe
11971,2024-01-02T09:15:00,0.483875,0.212282,0.012873,23.09,40.68,Hydrogen,1224.86,safe
11972,2024-01-02T09:15:10,1.696091,1.253697,0.917673,21.43,72.44,CleanAir,0.0,safe
11973,2024-01-02T09:15:20,0.452326,0.170516,0.122994,16.81,65.62,Smoke,378.8,unsafe
11974,2024-01-02T09:15:30,0.720651,0.293563,0.028715,24.32,65.59,Hydrogen,4996.86,safe
11975,2024-01-02T09:15:40,1.665155,1.232785,0.904478,14.57,85.7,CleanAir,0.0,safe
11976,2024-01-02T09:15:50,1.683085,1.252741,0.939324,16.06,56.74,CleanAir,0.0,safe
11977,2024-01-02T09:16:00,0.216078,0.648462,0.025789,23.62,76.4,Methane,9434.66,unsafe
11978,2024-01-02T09:16:10,1.708464,1.254001,0.933114,28.56,88.97,CleanAir,0.0,safe
11979,2024-01-02T09:16:20,0.015895,0.152207,0.121053,29.96,45.99,Alcohol,480.48,safe
11980,2024-01-02T09:16:30,0.087991,0.117178,0.17071,20.3,56.07,Methane,8797.17,unsafe
11981,2024-01-02T09:16:40,1.722402,1.310847,0.960638,13.63,34.94,CleanAir,0.0,safe
11982,2024-01-02T09:16:50,1.692249,1.250685,0.923248,11.22,52.83,CleanAir,0.0,safe
11983,2024-01-02T09:17:00,0.760835,0.371849,0.16696,21.69,68.94,LPG,3936.8,unsafe
11984,2024-01-02T09:17:10,0.394201,0.182859,0.184547,12.99,62.84,Alcohol,1534.9,unsafe
11985,2024-01-02T09:17:20,0.377237,0.349505,0.137425,34.97,30.37,CO,1246.27,unsafe
11986,2024-01-02T09:17:30,1.72957,1.313578,0.986886,27.08,46.53,CleanAir,0.0,safe
11987,2024-01-02T09:17:40,1.702968,1.236049,0.911269,14.68,75.47,CleanAir,0.0,safe
11988,2024-01-02T09:17:50,0.805016,0.02864,0.187937,26.77,83.25,Propane,2539.64,unsafe
11989,2024-01-02T09:18:00,0.806722,0.166117,0.025844,23.08,49.4,Methane,13363.65,unsafe
11990,2024-01-02T09:18:10,1.697933,1.294762,0.955737,14.07,34.73,CleanAir,0.0,safe
11991,2024-01-02T09:18:20,1.74252,1.324502,0.978034,25.46,30.85,CleanAir,0.0,safe
11992,2024-01-02T09:18:30,0.79971,0.274826,0.186819,26.03,65.79,Propane,2323.21,unsafe
11993,2024-01-02T09:18:40,0.370572,0.01269,0.159733,38.24,59.16,Alcohol,926.49,safe
11994,2024-01-02T09:18:50,0.641749,0.26895,0.252018,31.98,80.29,Hydrogen,3399.05,safe
11995,2024-01-02T09:19:00,1.757691,1.317856,0.96257,30.92,47.79,CleanAir,0.0,safe
11996,2024-01-02T09:19:10,0.321332,0.152827,0.006425,34.68,43.11,Alcohol,479.66,safe
11997,2024-01-02T09:19:20,0.744159,0.666484,0.032141,21.74,74.66,Methane,9921.47,unsafe
11998,2024-01-02T09:19:30,0.019677,0.231477,0.099505,18.25,46.84,CO,586.27,unsafe
11999,2024-01-02T09:19:40,0.359108,0.009771,0.145641,29.39,33.39,Alcohol,721.65,safe
12000,2024-01-02T09:19:50,0.097296,0.282119,0.019514,22.35,69.36,Propane,2478.62,unsafe
